CCF,CEBParous,r2,inplotlabel
,,0.80,"in 279 of 705 country-cohorts, the average number of children ever born among parous women was below 2.1"
2.436,,0.80,"in 279 of 705 country-cohorts, the average number of children ever born among parous women was below 2.1"
2.41,,0.80,"in 279 of 705 country-cohorts, the average number of children ever born among parous women was below 2.1"
2.339,,0.80,"in 279 of 705 country-cohorts, the average number of children ever born among parous women was below 2.1"
2.202,,0.80,"in 279 of 705 country-cohorts, the average number of children ever born among parous women was below 2.1"
2.132,,0.80,"in 279 of 705 country-cohorts, the average number of children ever born among parous women was below 2.1"
2.065,,0.80,"in 279 of 705 country-cohorts, the average number of children ever born among parous women was below 2.1"
2.037,,0.80,"in 279 of 705 country-cohorts, the average number of children ever born among parous women was below 2.1"
1.983,,0.80,"in 279 of 705 country-cohorts, the average number of children ever born among parous women was below 2.1"
1.953,,0.80,"in 279 of 705 country-cohorts, the average number of children ever born among parous women was below 2.1"
1.938,,0.80,"in 279 of 705 country-cohorts, the average number of children ever born among parous women was below 2.1"
1.986,,0.80,"in 279 of 705 country-cohorts, the average number of children ever born among parous women was below 2.1"
1.931,,0.80,"in 279 of 705 country-cohorts, the average number of children ever born among parous women was below 2.1"
1.916,,0.80,"in 279 of 705 country-cohorts, the average number of children ever born among parous women was below 2.1"
1.908,,0.80,"in 279 of 705 country-cohorts, the average number of children ever born among parous women was below 2.1"
1.863,,0.80,"in 279 of 705 country-cohorts, the average number of children ever born among parous women was below 2.1"
1.835,,0.80,"in 279 of 705 country-cohorts, the average number of children ever born among parous women was below 2.1"
1.812,,0.80,"in 279 of 705 country-cohorts, the average number of children ever born among parous women was below 2.1"
1.817,,0.80,"in 279 of 705 country-cohorts, the average number of children ever born among parous women was below 2.1"
1.784,,0.80,"in 279 of 705 country-cohorts, the average number of children ever born among parous women was below 2.1"
1.768,,0.80,"in 279 of 705 country-cohorts, the average number of children ever born among parous women was below 2.1"
1.746,,0.80,"in 279 of 705 country-cohorts, the average number of children ever born among parous women was below 2.1"
1.73,,0.80,"in 279 of 705 country-cohorts, the average number of children ever born among parous women was below 2.1"
1.713,,0.80,"in 279 of 705 country-cohorts, the average number of children ever born among parous women was below 2.1"
1.714,,0.80,"in 279 of 705 country-cohorts, the average number of children ever born among parous women was below 2.1"
1.698,,0.80,"in 279 of 705 country-cohorts, the average number of children ever born among parous women was below 2.1"
1.676,,0.80,"in 279 of 705 country-cohorts, the average number of children ever born among parous women was below 2.1"
1.675,,0.80,"in 279 of 705 country-cohorts, the average number of children ever born among parous women was below 2.1"
1.667,,0.80,"in 279 of 705 country-cohorts, the average number of children ever born among parous women was below 2.1"
1.652,,0.80,"in 279 of 705 country-cohorts, the average number of children ever born among parous women was below 2.1"
1.657,,0.80,"in 279 of 705 country-cohorts, the average number of children ever born among parous women was below 2.1"
1.64,,0.80,"in 279 of 705 country-cohorts, the average number of children ever born among parous women was below 2.1"
1.626,,0.80,"in 279 of 705 country-cohorts, the average number of children ever born among parous women was below 2.1"
1.61,,0.80,"in 279 of 705 country-cohorts, the average number of children ever born among parous women was below 2.1"
1.615,2.0365701,0.80,"in 279 of 705 country-cohorts, the average number of children ever born among parous women was below 2.1"
1.624,2.0427673,0.80,"in 279 of 705 country-cohorts, the average number of children ever born among parous women was below 2.1"
1.634,2.0501883,0.80,"in 279 of 705 country-cohorts, the average number of children ever born among parous women was below 2.1"
1.651,2.0689223,0.80,"in 279 of 705 country-cohorts, the average number of children ever born among parous women was below 2.1"
1.661,2.0710723,0.80,"in 279 of 705 country-cohorts, the average number of children ever born among parous women was below 2.1"
1.661,2.0684931,0.80,"in 279 of 705 country-cohorts, the average number of children ever born among parous women was below 2.1"
1.652,2.0598505,0.80,"in 279 of 705 country-cohorts, the average number of children ever born among parous women was below 2.1"
1.642,2.0576441,0.80,"in 279 of 705 country-cohorts, the average number of children ever born among parous women was below 2.1"
1.635,2.0696204,0.80,"in 279 of 705 country-cohorts, the average number of children ever born among parous women was below 2.1"
1.639,2.0616353,0.80,"in 279 of 705 country-cohorts, the average number of children ever born among parous women was below 2.1"
1.624,2.0505052,0.80,"in 279 of 705 country-cohorts, the average number of children ever born among parous women was below 2.1"
2.274,,0.80,"in 279 of 705 country-cohorts, the average number of children ever born among parous women was below 2.1"
2.235,,0.80,"in 279 of 705 country-cohorts, the average number of children ever born among parous women was below 2.1"
2.22,,0.80,"in 279 of 705 country-cohorts, the average number of children ever born among parous women was below 2.1"
2.186,,0.80,"in 279 of 705 country-cohorts, the average number of children ever born among parous women was below 2.1"
2.149,,0.80,"in 279 of 705 country-cohorts, the average number of children ever born among parous women was below 2.1"
2.183,,0.80,"in 279 of 705 country-cohorts, the average number of children ever born among parous women was below 2.1"
2.141,,0.80,"in 279 of 705 country-cohorts, the average number of children ever born among parous women was below 2.1"
2.088,,0.80,"in 279 of 705 country-cohorts, the average number of children ever born among parous women was below 2.1"
2.034,,0.80,"in 279 of 705 country-cohorts, the average number of children ever born among parous women was below 2.1"
1.989,,0.80,"in 279 of 705 country-cohorts, the average number of children ever born among parous women was below 2.1"
1.942,,0.80,"in 279 of 705 country-cohorts, the average number of children ever born among parous women was below 2.1"
1.899,,0.80,"in 279 of 705 country-cohorts, the average number of children ever born among parous women was below 2.1"
1.88,,0.80,"in 279 of 705 country-cohorts, the average number of children ever born among parous women was below 2.1"
1.87,,0.80,"in 279 of 705 country-cohorts, the average number of children ever born among parous women was below 2.1"
1.849,,0.80,"in 279 of 705 country-cohorts, the average number of children ever born among parous women was below 2.1"
1.867,,0.80,"in 279 of 705 country-cohorts, the average number of children ever born among parous women was below 2.1"
1.834,,0.80,"in 279 of 705 country-cohorts, the average number of children ever born among parous women was below 2.1"
1.844,,0.80,"in 279 of 705 country-cohorts, the average number of children ever born among parous women was below 2.1"
1.834,,0.80,"in 279 of 705 country-cohorts, the average number of children ever born among parous women was below 2.1"
1.836,,0.80,"in 279 of 705 country-cohorts, the average number of children ever born among parous women was below 2.1"
1.835,,0.80,"in 279 of 705 country-cohorts, the average number of children ever born among parous women was below 2.1"
1.855,,0.80,"in 279 of 705 country-cohorts, the average number of children ever born among parous women was below 2.1"
1.837,,0.80,"in 279 of 705 country-cohorts, the average number of children ever born among parous women was below 2.1"
1.848,,0.80,"in 279 of 705 country-cohorts, the average number of children ever born among parous women was below 2.1"
1.849,,0.80,"in 279 of 705 country-cohorts, the average number of children ever born among parous women was below 2.1"
1.872,,0.80,"in 279 of 705 country-cohorts, the average number of children ever born among parous women was below 2.1"
1.847,,0.80,"in 279 of 705 country-cohorts, the average number of children ever born among parous women was below 2.1"
1.851,,0.80,"in 279 of 705 country-cohorts, the average number of children ever born among parous women was below 2.1"
1.828,,0.80,"in 279 of 705 country-cohorts, the average number of children ever born among parous women was below 2.1"
1.825,,0.80,"in 279 of 705 country-cohorts, the average number of children ever born among parous women was below 2.1"
1.821,,0.80,"in 279 of 705 country-cohorts, the average number of children ever born among parous women was below 2.1"
1.815,,0.80,"in 279 of 705 country-cohorts, the average number of children ever born among parous women was below 2.1"
1.823,,0.80,"in 279 of 705 country-cohorts, the average number of children ever born among parous women was below 2.1"
1.824,,0.80,"in 279 of 705 country-cohorts, the average number of children ever born among parous women was below 2.1"
1.827,,0.80,"in 279 of 705 country-cohorts, the average number of children ever born among parous women was below 2.1"
1.824,,0.80,"in 279 of 705 country-cohorts, the average number of children ever born among parous women was below 2.1"
1.822,,0.80,"in 279 of 705 country-cohorts, the average number of children ever born among parous women was below 2.1"
1.84,,0.80,"in 279 of 705 country-cohorts, the average number of children ever born among parous women was below 2.1"
1.847,,0.80,"in 279 of 705 country-cohorts, the average number of children ever born among parous women was below 2.1"
1.872,,0.80,"in 279 of 705 country-cohorts, the average number of children ever born among parous women was below 2.1"
1.869,,0.80,"in 279 of 705 country-cohorts, the average number of children ever born among parous women was below 2.1"
1.883,,0.80,"in 279 of 705 country-cohorts, the average number of children ever born among parous women was below 2.1"
1.885,,0.80,"in 279 of 705 country-cohorts, the average number of children ever born among parous women was below 2.1"
1.888,,0.80,"in 279 of 705 country-cohorts, the average number of children ever born among parous women was below 2.1"
,,0.80,"in 279 of 705 country-cohorts, the average number of children ever born among parous women was below 2.1"
2.032,2.2135077,0.80,"in 279 of 705 country-cohorts, the average number of children ever born among parous women was below 2.1"
2.036,2.2154515,0.80,"in 279 of 705 country-cohorts, the average number of children ever born among parous women was below 2.1"
2.039,2.2138979,0.80,"in 279 of 705 country-cohorts, the average number of children ever born among parous women was below 2.1"
2.038,2.2056277,0.80,"in 279 of 705 country-cohorts, the average number of children ever born among parous women was below 2.1"
2.052,2.1970022,0.80,"in 279 of 705 country-cohorts, the average number of children ever born among parous women was below 2.1"
2.085,2.1878278,0.80,"in 279 of 705 country-cohorts, the average number of children ever born among parous women was below 2.1"
2.094,2.1744549,0.80,"in 279 of 705 country-cohorts, the average number of children ever born among parous women was below 2.1"
2.091,2.1668394,0.80,"in 279 of 705 country-cohorts, the average number of children ever born among parous women was below 2.1"
2.078,2.1668406,0.80,"in 279 of 705 country-cohorts, the average number of children ever born among parous women was below 2.1"
2.077,2.1478801,0.80,"in 279 of 705 country-cohorts, the average number of children ever born among parous women was below 2.1"
2.072,2.1338825,0.80,"in 279 of 705 country-cohorts, the average number of children ever born among parous women was below 2.1"
2.053,2.1407716,0.80,"in 279 of 705 country-cohorts, the average number of children ever born among parous women was below 2.1"
2.051,2.1386862,0.80,"in 279 of 705 country-cohorts, the average number of children ever born among parous women was below 2.1"
2.065,2.1223021,0.80,"in 279 of 705 country-cohorts, the average number of children ever born among parous women was below 2.1"
2.076,2.109756,0.80,"in 279 of 705 country-cohorts, the average number of children ever born among parous women was below 2.1"
2.066,2.1168032,0.80,"in 279 of 705 country-cohorts, the average number of children ever born among parous women was below 2.1"
2.043,2.1237006,0.80,"in 279 of 705 country-cohorts, the average number of children ever born among parous women was below 2.1"
2.042,2.1138716,0.80,"in 279 of 705 country-cohorts, the average number of children ever born among parous women was below 2.1"
2.035,2.0979381,0.80,"in 279 of 705 country-cohorts, the average number of children ever born among parous women was below 2.1"
2.039,2.0912821,0.80,"in 279 of 705 country-cohorts, the average number of children ever born among parous women was below 2.1"
2.031,2.0916581,0.80,"in 279 of 705 country-cohorts, the average number of children ever born among parous women was below 2.1"
2.032,2.0862422,0.80,"in 279 of 705 country-cohorts, the average number of children ever born among parous women was below 2.1"
2.036,2.0775511,0.80,"in 279 of 705 country-cohorts, the average number of children ever born among parous women was below 2.1"
2.019,2.0623085,0.80,"in 279 of 705 country-cohorts, the average number of children ever born among parous women was below 2.1"
1.99,2.0431211,0.80,"in 279 of 705 country-cohorts, the average number of children ever born among parous women was below 2.1"
1.95,2.0249221,0.80,"in 279 of 705 country-cohorts, the average number of children ever born among parous women was below 2.1"
1.909,2.0158396,0.80,"in 279 of 705 country-cohorts, the average number of children ever born among parous women was below 2.1"
1.884,2.0063899,0.80,"in 279 of 705 country-cohorts, the average number of children ever born among parous women was below 2.1"
1.868,1.9914712,0.80,"in 279 of 705 country-cohorts, the average number of children ever born among parous women was below 2.1"
1.857,1.9650793,0.80,"in 279 of 705 country-cohorts, the average number of children ever born among parous women was below 2.1"
1.833,1.9396825,0.80,"in 279 of 705 country-cohorts, the average number of children ever born among parous women was below 2.1"
1.809,1.8922594,0.80,"in 279 of 705 country-cohorts, the average number of children ever born among parous women was below 2.1"
1.792,1.8493292,0.80,"in 279 of 705 country-cohorts, the average number of children ever born among parous women was below 2.1"
1.757,1.8207254,0.80,"in 279 of 705 country-cohorts, the average number of children ever born among parous women was below 2.1"
1.705,1.8061441,0.80,"in 279 of 705 country-cohorts, the average number of children ever born among parous women was below 2.1"
1.682,1.7855626,0.80,"in 279 of 705 country-cohorts, the average number of children ever born among parous women was below 2.1"
1.663,1.771033,0.80,"in 279 of 705 country-cohorts, the average number of children ever born among parous women was below 2.1"
1.663,1.7653928,0.80,"in 279 of 705 country-cohorts, the average number of children ever born among parous women was below 2.1"
1.659,1.7536998,0.80,"in 279 of 705 country-cohorts, the average number of children ever born among parous women was below 2.1"
1.642,1.7375661,0.80,"in 279 of 705 country-cohorts, the average number of children ever born among parous women was below 2.1"
1.64,1.7372881,0.80,"in 279 of 705 country-cohorts, the average number of children ever born among parous women was below 2.1"
1.65,1.7515924,0.80,"in 279 of 705 country-cohorts, the average number of children ever born among parous women was below 2.1"
1.657,1.762766,0.80,"in 279 of 705 country-cohorts, the average number of children ever born among parous women was below 2.1"
,,0.80,"in 279 of 705 country-cohorts, the average number of children ever born among parous women was below 2.1"
,,0.80,"in 279 of 705 country-cohorts, the average number of children ever born among parous women was below 2.1"
,,0.80,"in 279 of 705 country-cohorts, the average number of children ever born among parous women was below 2.1"
,,0.80,"in 279 of 705 country-cohorts, the average number of children ever born among parous women was below 2.1"
,,0.80,"in 279 of 705 country-cohorts, the average number of children ever born among parous women was below 2.1"
,,0.80,"in 279 of 705 country-cohorts, the average number of children ever born among parous women was below 2.1"
,,0.80,"in 279 of 705 country-cohorts, the average number of children ever born among parous women was below 2.1"
,,0.80,"in 279 of 705 country-cohorts, the average number of children ever born among parous women was below 2.1"
,,0.80,"in 279 of 705 country-cohorts, the average number of children ever born among parous women was below 2.1"
,,0.80,"in 279 of 705 country-cohorts, the average number of children ever born among parous women was below 2.1"
,,0.80,"in 279 of 705 country-cohorts, the average number of children ever born among parous women was below 2.1"
,,0.80,"in 279 of 705 country-cohorts, the average number of children ever born among parous women was below 2.1"
,,0.80,"in 279 of 705 country-cohorts, the average number of children ever born among parous women was below 2.1"
,,0.80,"in 279 of 705 country-cohorts, the average number of children ever born among parous women was below 2.1"
,,0.80,"in 279 of 705 country-cohorts, the average number of children ever born among parous women was below 2.1"
,,0.80,"in 279 of 705 country-cohorts, the average number of children ever born among parous women was below 2.1"
1.968,2.0869565,0.80,"in 279 of 705 country-cohorts, the average number of children ever born among parous women was below 2.1"
1.938,2.0705128,0.80,"in 279 of 705 country-cohorts, the average number of children ever born among parous women was below 2.1"
1.964,2.0587003,0.80,"in 279 of 705 country-cohorts, the average number of children ever born among parous women was below 2.1"
1.928,2.0467091,0.80,"in 279 of 705 country-cohorts, the average number of children ever born among parous women was below 2.1"
1.886,2.0323277,0.80,"in 279 of 705 country-cohorts, the average number of children ever born among parous women was below 2.1"
1.915,2.0307529,0.80,"in 279 of 705 country-cohorts, the average number of children ever born among parous women was below 2.1"
1.931,2.0283613,0.80,"in 279 of 705 country-cohorts, the average number of children ever born among parous women was below 2.1"
1.926,2.0252366,0.80,"in 279 of 705 country-cohorts, the average number of children ever born among parous women was below 2.1"
1.924,2.0146596,0.80,"in 279 of 705 country-cohorts, the average number of children ever born among parous women was below 2.1"
1.921,1.9804124,0.80,"in 279 of 705 country-cohorts, the average number of children ever born among parous women was below 2.1"
1.891,1.9595855,0.80,"in 279 of 705 country-cohorts, the average number of children ever born among parous women was below 2.1"
1.873,1.9429461,0.80,"in 279 of 705 country-cohorts, the average number of children ever born among parous women was below 2.1"
1.857,1.9283489,0.80,"in 279 of 705 country-cohorts, the average number of children ever born among parous women was below 2.1"
1.815,1.8985356,0.80,"in 279 of 705 country-cohorts, the average number of children ever born among parous women was below 2.1"
1.736,1.8686759,0.80,"in 279 of 705 country-cohorts, the average number of children ever born among parous women was below 2.1"
1.684,1.8505495,0.80,"in 279 of 705 country-cohorts, the average number of children ever born among parous women was below 2.1"
1.689,1.8479213,0.80,"in 279 of 705 country-cohorts, the average number of children ever born among parous women was below 2.1"
1.7,1.8438178,0.80,"in 279 of 705 country-cohorts, the average number of children ever born among parous women was below 2.1"
1.713,1.8031579,0.80,"in 279 of 705 country-cohorts, the average number of children ever born among parous women was below 2.1"
1.709,1.7820647,0.80,"in 279 of 705 country-cohorts, the average number of children ever born among parous women was below 2.1"
1.694,1.7645833,0.80,"in 279 of 705 country-cohorts, the average number of children ever born among parous women was below 2.1"
1.665,1.7544785,0.80,"in 279 of 705 country-cohorts, the average number of children ever born among parous women was below 2.1"
1.618,1.7625272,0.80,"in 279 of 705 country-cohorts, the average number of children ever born among parous women was below 2.1"
1.585,1.7611111,0.80,"in 279 of 705 country-cohorts, the average number of children ever born among parous women was below 2.1"
1.575,1.7736486,0.80,"in 279 of 705 country-cohorts, the average number of children ever born among parous women was below 2.1"
1.574,1.7988571,0.80,"in 279 of 705 country-cohorts, the average number of children ever born among parous women was below 2.1"
,,0.80,"in 279 of 705 country-cohorts, the average number of children ever born among parous women was below 2.1"
,,0.80,"in 279 of 705 country-cohorts, the average number of children ever born among parous women was below 2.1"
,,0.80,"in 279 of 705 country-cohorts, the average number of children ever born among parous women was below 2.1"
,,0.80,"in 279 of 705 country-cohorts, the average number of children ever born among parous women was below 2.1"
,,0.80,"in 279 of 705 country-cohorts, the average number of children ever born among parous women was below 2.1"
3.077,3.2699256,0.80,"in 279 of 705 country-cohorts, the average number of children ever born among parous women was below 2.1"
2.987,3.1912394,0.80,"in 279 of 705 country-cohorts, the average number of children ever born among parous women was below 2.1"
2.908,3.1035218,0.80,"in 279 of 705 country-cohorts, the average number of children ever born among parous women was below 2.1"
2.833,3.0138297,0.80,"in 279 of 705 country-cohorts, the average number of children ever born among parous women was below 2.1"
2.76,2.9113925,0.80,"in 279 of 705 country-cohorts, the average number of children ever born among parous women was below 2.1"
2.664,2.7983193,0.80,"in 279 of 705 country-cohorts, the average number of children ever born among parous women was below 2.1"
2.546,2.6743698,0.80,"in 279 of 705 country-cohorts, the average number of children ever born among parous women was below 2.1"
2.451,2.5584552,0.80,"in 279 of 705 country-cohorts, the average number of children ever born among parous women was below 2.1"
2.343,2.4741287,0.80,"in 279 of 705 country-cohorts, the average number of children ever born among parous women was below 2.1"
2.198,2.4153845,0.80,"in 279 of 705 country-cohorts, the average number of children ever born among parous women was below 2.1"
2.114,2.359375,0.80,"in 279 of 705 country-cohorts, the average number of children ever born among parous women was below 2.1"
2.133,2.2960172,0.80,"in 279 of 705 country-cohorts, the average number of children ever born among parous women was below 2.1"
2.107,2.2631578,0.80,"in 279 of 705 country-cohorts, the average number of children ever born among parous women was below 2.1"
2.025,2.2525027,0.80,"in 279 of 705 country-cohorts, the average number of children ever born among parous women was below 2.1"
1.968,2.2440138,0.80,"in 279 of 705 country-cohorts, the average number of children ever born among parous women was below 2.1"
1.927,2.2380953,0.80,"in 279 of 705 country-cohorts, the average number of children ever born among parous women was below 2.1"
1.897,2.2396693,0.80,"in 279 of 705 country-cohorts, the average number of children ever born among parous women was below 2.1"
1.882,2.2431467,0.80,"in 279 of 705 country-cohorts, the average number of children ever born among parous women was below 2.1"
1.873,2.2350836,0.80,"in 279 of 705 country-cohorts, the average number of children ever born among parous women was below 2.1"
1.863,2.2205007,0.80,"in 279 of 705 country-cohorts, the average number of children ever born among parous women was below 2.1"
1.852,2.2153111,0.80,"in 279 of 705 country-cohorts, the average number of children ever born among parous women was below 2.1"
1.844,2.2136855,0.80,"in 279 of 705 country-cohorts, the average number of children ever born among parous women was below 2.1"
1.846,2.21875,0.80,"in 279 of 705 country-cohorts, the average number of children ever born among parous women was below 2.1"
1.846,2.2267792,0.80,"in 279 of 705 country-cohorts, the average number of children ever born among parous women was below 2.1"
1.845,2.2309554,0.80,"in 279 of 705 country-cohorts, the average number of children ever born among parous women was below 2.1"
1.833,2.2299271,0.80,"in 279 of 705 country-cohorts, the average number of children ever born among parous women was below 2.1"
1.81,2.2235873,0.80,"in 279 of 705 country-cohorts, the average number of children ever born among parous women was below 2.1"
1.804,2.2162163,0.80,"in 279 of 705 country-cohorts, the average number of children ever born among parous women was below 2.1"
1.798,2.206135,0.80,"in 279 of 705 country-cohorts, the average number of children ever born among parous women was below 2.1"
1.779,2.2017326,0.80,"in 279 of 705 country-cohorts, the average number of children ever born among parous women was below 2.1"
1.767,2.2004981,0.80,"in 279 of 705 country-cohorts, the average number of children ever born among parous women was below 2.1"
1.772,2.1985111,0.80,"in 279 of 705 country-cohorts, the average number of children ever born among parous women was below 2.1"
1.782,2.2027194,0.80,"in 279 of 705 country-cohorts, the average number of children ever born among parous women was below 2.1"
1.786,2.2022195,0.80,"in 279 of 705 country-cohorts, the average number of children ever born among parous women was below 2.1"
1.788,2.1992619,0.80,"in 279 of 705 country-cohorts, the average number of children ever born among parous women was below 2.1"
1.784,2.1943419,0.80,"in 279 of 705 country-cohorts, the average number of children ever born among parous women was below 2.1"
1.795,2.199755,0.80,"in 279 of 705 country-cohorts, the average number of children ever born among parous women was below 2.1"
1.808,2.2075703,0.80,"in 279 of 705 country-cohorts, the average number of children ever born among parous women was below 2.1"
1.811,2.2112331,0.80,"in 279 of 705 country-cohorts, the average number of children ever born among parous women was below 2.1"
1.828,2.2157576,0.80,"in 279 of 705 country-cohorts, the average number of children ever born among parous women was below 2.1"
1.82,2.2195122,0.80,"in 279 of 705 country-cohorts, the average number of children ever born among parous women was below 2.1"
1.812,2.2260442,0.80,"in 279 of 705 country-cohorts, the average number of children ever born among parous women was below 2.1"
1.813,2.2327585,0.80,"in 279 of 705 country-cohorts, the average number of children ever born among parous women was below 2.1"
1.801,2.2344913,0.80,"in 279 of 705 country-cohorts, the average number of children ever born among parous women was below 2.1"
1.788,2.2377973,0.80,"in 279 of 705 country-cohorts, the average number of children ever born among parous women was below 2.1"
2.173,,0.80,"in 279 of 705 country-cohorts, the average number of children ever born among parous women was below 2.1"
2.186,,0.80,"in 279 of 705 country-cohorts, the average number of children ever born among parous women was below 2.1"
2.167,,0.80,"in 279 of 705 country-cohorts, the average number of children ever born among parous women was below 2.1"
2.156,,0.80,"in 279 of 705 country-cohorts, the average number of children ever born among parous women was below 2.1"
2.123,,0.80,"in 279 of 705 country-cohorts, the average number of children ever born among parous women was below 2.1"
2.08,,0.80,"in 279 of 705 country-cohorts, the average number of children ever born among parous women was below 2.1"
2.033,,0.80,"in 279 of 705 country-cohorts, the average number of children ever born among parous women was below 2.1"
1.969,,0.80,"in 279 of 705 country-cohorts, the average number of children ever born among parous women was below 2.1"
1.923,,0.80,"in 279 of 705 country-cohorts, the average number of children ever born among parous women was below 2.1"
1.885,,0.80,"in 279 of 705 country-cohorts, the average number of children ever born among parous women was below 2.1"
1.855,,0.80,"in 279 of 705 country-cohorts, the average number of children ever born among parous women was below 2.1"
1.852,,0.80,"in 279 of 705 country-cohorts, the average number of children ever born among parous women was below 2.1"
1.823,,0.80,"in 279 of 705 country-cohorts, the average number of children ever born among parous women was below 2.1"
1.813,,0.80,"in 279 of 705 country-cohorts, the average number of children ever born among parous women was below 2.1"
1.808,,0.80,"in 279 of 705 country-cohorts, the average number of children ever born among parous women was below 2.1"
1.796,,0.80,"in 279 of 705 country-cohorts, the average number of children ever born among parous women was below 2.1"
1.77,,0.80,"in 279 of 705 country-cohorts, the average number of children ever born among parous women was below 2.1"
1.757,,0.80,"in 279 of 705 country-cohorts, the average number of children ever born among parous women was below 2.1"
1.758,,0.80,"in 279 of 705 country-cohorts, the average number of children ever born among parous women was below 2.1"
1.754,,0.80,"in 279 of 705 country-cohorts, the average number of children ever born among parous women was below 2.1"
1.751,,0.80,"in 279 of 705 country-cohorts, the average number of children ever born among parous women was below 2.1"
1.756,,0.80,"in 279 of 705 country-cohorts, the average number of children ever born among parous women was below 2.1"
1.742,,0.80,"in 279 of 705 country-cohorts, the average number of children ever born among parous women was below 2.1"
1.751,,0.80,"in 279 of 705 country-cohorts, the average number of children ever born among parous women was below 2.1"
1.774,,0.80,"in 279 of 705 country-cohorts, the average number of children ever born among parous women was below 2.1"
1.78,,0.80,"in 279 of 705 country-cohorts, the average number of children ever born among parous women was below 2.1"
1.767,,0.80,"in 279 of 705 country-cohorts, the average number of children ever born among parous women was below 2.1"
1.746,,0.80,"in 279 of 705 country-cohorts, the average number of children ever born among parous women was below 2.1"
1.721,,0.80,"in 279 of 705 country-cohorts, the average number of children ever born among parous women was below 2.1"
1.695,,0.80,"in 279 of 705 country-cohorts, the average number of children ever born among parous women was below 2.1"
1.672,,0.80,"in 279 of 705 country-cohorts, the average number of children ever born among parous women was below 2.1"
1.669,,0.80,"in 279 of 705 country-cohorts, the average number of children ever born among parous women was below 2.1"
1.658,,0.80,"in 279 of 705 country-cohorts, the average number of children ever born among parous women was below 2.1"
1.652,,0.80,"in 279 of 705 country-cohorts, the average number of children ever born among parous women was below 2.1"
1.657,,0.80,"in 279 of 705 country-cohorts, the average number of children ever born among parous women was below 2.1"
1.646,,0.80,"in 279 of 705 country-cohorts, the average number of children ever born among parous women was below 2.1"
1.638,,0.80,"in 279 of 705 country-cohorts, the average number of children ever born among parous women was below 2.1"
1.65,,0.80,"in 279 of 705 country-cohorts, the average number of children ever born among parous women was below 2.1"
1.65,,0.80,"in 279 of 705 country-cohorts, the average number of children ever born among parous women was below 2.1"
1.653,,0.80,"in 279 of 705 country-cohorts, the average number of children ever born among parous women was below 2.1"
1.66,,0.80,"in 279 of 705 country-cohorts, the average number of children ever born among parous women was below 2.1"
1.652,,0.80,"in 279 of 705 country-cohorts, the average number of children ever born among parous women was below 2.1"
1.644,,0.80,"in 279 of 705 country-cohorts, the average number of children ever born among parous women was below 2.1"
1.649,,0.80,"in 279 of 705 country-cohorts, the average number of children ever born among parous women was below 2.1"
1.638,,0.80,"in 279 of 705 country-cohorts, the average number of children ever born among parous women was below 2.1"
,,0.80,"in 279 of 705 country-cohorts, the average number of children ever born among parous women was below 2.1"
,,0.80,"in 279 of 705 country-cohorts, the average number of children ever born among parous women was below 2.1"
,,0.80,"in 279 of 705 country-cohorts, the average number of children ever born among parous women was below 2.1"
,,0.80,"in 279 of 705 country-cohorts, the average number of children ever born among parous women was below 2.1"
,,0.80,"in 279 of 705 country-cohorts, the average number of children ever born among parous women was below 2.1"
,,0.80,"in 279 of 705 country-cohorts, the average number of children ever born among parous women was below 2.1"
,,0.80,"in 279 of 705 country-cohorts, the average number of children ever born among parous women was below 2.1"
,,0.80,"in 279 of 705 country-cohorts, the average number of children ever born among parous women was below 2.1"
,,0.80,"in 279 of 705 country-cohorts, the average number of children ever born among parous women was below 2.1"
,,0.80,"in 279 of 705 country-cohorts, the average number of children ever born among parous women was below 2.1"
,,0.80,"in 279 of 705 country-cohorts, the average number of children ever born among parous women was below 2.1"
,,0.80,"in 279 of 705 country-cohorts, the average number of children ever born among parous women was below 2.1"
,,0.80,"in 279 of 705 country-cohorts, the average number of children ever born among parous women was below 2.1"
,,0.80,"in 279 of 705 country-cohorts, the average number of children ever born among parous women was below 2.1"
,,0.80,"in 279 of 705 country-cohorts, the average number of children ever born among parous women was below 2.1"
,,0.80,"in 279 of 705 country-cohorts, the average number of children ever born among parous women was below 2.1"
,,0.80,"in 279 of 705 country-cohorts, the average number of children ever born among parous women was below 2.1"
,,0.80,"in 279 of 705 country-cohorts, the average number of children ever born among parous women was below 2.1"
,,0.80,"in 279 of 705 country-cohorts, the average number of children ever born among parous women was below 2.1"
,,0.80,"in 279 of 705 country-cohorts, the average number of children ever born among parous women was below 2.1"
,,0.80,"in 279 of 705 country-cohorts, the average number of children ever born among parous women was below 2.1"
,,0.80,"in 279 of 705 country-cohorts, the average number of children ever born among parous women was below 2.1"
,,0.80,"in 279 of 705 country-cohorts, the average number of children ever born among parous women was below 2.1"
,,0.80,"in 279 of 705 country-cohorts, the average number of children ever born among parous women was below 2.1"
,,0.80,"in 279 of 705 country-cohorts, the average number of children ever born among parous women was below 2.1"
,,0.80,"in 279 of 705 country-cohorts, the average number of children ever born among parous women was below 2.1"
,,0.80,"in 279 of 705 country-cohorts, the average number of children ever born among parous women was below 2.1"
,,0.80,"in 279 of 705 country-cohorts, the average number of children ever born among parous women was below 2.1"
,,0.80,"in 279 of 705 country-cohorts, the average number of children ever born among parous women was below 2.1"
,,0.80,"in 279 of 705 country-cohorts, the average number of children ever born among parous women was below 2.1"
,,0.80,"in 279 of 705 country-cohorts, the average number of children ever born among parous women was below 2.1"
,,0.80,"in 279 of 705 country-cohorts, the average number of children ever born among parous women was below 2.1"
,,0.80,"in 279 of 705 country-cohorts, the average number of children ever born among parous women was below 2.1"
,,0.80,"in 279 of 705 country-cohorts, the average number of children ever born among parous women was below 2.1"
,,0.80,"in 279 of 705 country-cohorts, the average number of children ever born among parous women was below 2.1"
,,0.80,"in 279 of 705 country-cohorts, the average number of children ever born among parous women was below 2.1"
,,0.80,"in 279 of 705 country-cohorts, the average number of children ever born among parous women was below 2.1"
,,0.80,"in 279 of 705 country-cohorts, the average number of children ever born among parous women was below 2.1"
,,0.80,"in 279 of 705 country-cohorts, the average number of children ever born among parous women was below 2.1"
,,0.80,"in 279 of 705 country-cohorts, the average number of children ever born among parous women was below 2.1"
,,0.80,"in 279 of 705 country-cohorts, the average number of children ever born among parous women was below 2.1"
,,0.80,"in 279 of 705 country-cohorts, the average number of children ever born among parous women was below 2.1"
,,0.80,"in 279 of 705 country-cohorts, the average number of children ever born among parous women was below 2.1"
,,0.80,"in 279 of 705 country-cohorts, the average number of children ever born among parous women was below 2.1"
,,0.80,"in 279 of 705 country-cohorts, the average number of children ever born among parous women was below 2.1"
2.113,2.2818575,0.80,"in 279 of 705 country-cohorts, the average number of children ever born among parous women was below 2.1"
2.092,2.2689805,0.80,"in 279 of 705 country-cohorts, the average number of children ever born among parous women was below 2.1"
2.105,2.2658772,0.80,"in 279 of 705 country-cohorts, the average number of children ever born among parous women was below 2.1"
2.091,2.2605405,0.80,"in 279 of 705 country-cohorts, the average number of children ever born among parous women was below 2.1"
2.09,2.2594595,0.80,"in 279 of 705 country-cohorts, the average number of children ever born among parous women was below 2.1"
2.102,2.2385516,0.80,"in 279 of 705 country-cohorts, the average number of children ever born among parous women was below 2.1"
2.064,2.224138,0.80,"in 279 of 705 country-cohorts, the average number of children ever born among parous women was below 2.1"
2.04,2.2125814,0.80,"in 279 of 705 country-cohorts, the average number of children ever born among parous women was below 2.1"
2.066,2.2072649,0.80,"in 279 of 705 country-cohorts, the average number of children ever born among parous women was below 2.1"
2.046,2.2,0.80,"in 279 of 705 country-cohorts, the average number of children ever born among parous women was below 2.1"
2.022,2.2050164,0.80,"in 279 of 705 country-cohorts, the average number of children ever born among parous women was below 2.1"
2.065,2.2109208,0.80,"in 279 of 705 country-cohorts, the average number of children ever born among parous women was below 2.1"
2.086,2.2215123,0.80,"in 279 of 705 country-cohorts, the average number of children ever born among parous women was below 2.1"
2.087,2.2392704,0.80,"in 279 of 705 country-cohorts, the average number of children ever born among parous women was below 2.1"
2.098,2.2486603,0.80,"in 279 of 705 country-cohorts, the average number of children ever born among parous women was below 2.1"
2.108,2.2425532,0.80,"in 279 of 705 country-cohorts, the average number of children ever born among parous women was below 2.1"
2.107,2.2438765,0.80,"in 279 of 705 country-cohorts, the average number of children ever born among parous women was below 2.1"
2.1,2.2364218,0.80,"in 279 of 705 country-cohorts, the average number of children ever born among parous women was below 2.1"
2.086,2.226254,0.80,"in 279 of 705 country-cohorts, the average number of children ever born among parous women was below 2.1"
2.08,2.2127659,0.80,"in 279 of 705 country-cohorts, the average number of children ever born among parous women was below 2.1"
2.076,2.2061636,0.80,"in 279 of 705 country-cohorts, the average number of children ever born among parous women was below 2.1"
2.077,2.2025452,0.80,"in 279 of 705 country-cohorts, the average number of children ever born among parous women was below 2.1"
2.069,2.1987247,0.80,"in 279 of 705 country-cohorts, the average number of children ever born among parous women was below 2.1"
2.051,2.1959314,0.80,"in 279 of 705 country-cohorts, the average number of children ever born among parous women was below 2.1"
2.04,2.1818182,0.80,"in 279 of 705 country-cohorts, the average number of children ever born among parous women was below 2.1"
2.033,2.1673775,0.80,"in 279 of 705 country-cohorts, the average number of children ever born among parous women was below 2.1"
2.023,2.159018,0.80,"in 279 of 705 country-cohorts, the average number of children ever born among parous women was below 2.1"
2,2.1344717,0.80,"in 279 of 705 country-cohorts, the average number of children ever born among parous women was below 2.1"
1.977,2.1099253,0.80,"in 279 of 705 country-cohorts, the average number of children ever born among parous women was below 2.1"
1.967,2.1014957,0.80,"in 279 of 705 country-cohorts, the average number of children ever born among parous women was below 2.1"
1.955,2.0886753,0.80,"in 279 of 705 country-cohorts, the average number of children ever born among parous women was below 2.1"
1.931,2.076344,0.80,"in 279 of 705 country-cohorts, the average number of children ever born among parous women was below 2.1"
1.913,2.0748372,0.80,"in 279 of 705 country-cohorts, the average number of children ever born among parous women was below 2.1"
1.9,2.0652175,0.80,"in 279 of 705 country-cohorts, the average number of children ever born among parous women was below 2.1"
1.905,2.0528016,0.80,"in 279 of 705 country-cohorts, the average number of children ever born among parous women was below 2.1"
1.881,2.0357144,0.80,"in 279 of 705 country-cohorts, the average number of children ever born among parous women was below 2.1"
1.874,2.0391731,0.80,"in 279 of 705 country-cohorts, the average number of children ever born among parous women was below 2.1"
1.837,2.0343301,0.80,"in 279 of 705 country-cohorts, the average number of children ever born among parous women was below 2.1"
1.821,2.018847,0.80,"in 279 of 705 country-cohorts, the average number of children ever born among parous women was below 2.1"
1.819,2.0143964,0.80,"in 279 of 705 country-cohorts, the average number of children ever born among parous women was below 2.1"
1.772,2.0067949,0.80,"in 279 of 705 country-cohorts, the average number of children ever born among parous women was below 2.1"
1.76,1.9954648,0.80,"in 279 of 705 country-cohorts, the average number of children ever born among parous women was below 2.1"
1.737,1.9965518,0.80,"in 279 of 705 country-cohorts, the average number of children ever born among parous women was below 2.1"
,,0.80,"in 279 of 705 country-cohorts, the average number of children ever born among parous women was below 2.1"
,,0.80,"in 279 of 705 country-cohorts, the average number of children ever born among parous women was below 2.1"
,,0.80,"in 279 of 705 country-cohorts, the average number of children ever born among parous women was below 2.1"
,,0.80,"in 279 of 705 country-cohorts, the average number of children ever born among parous women was below 2.1"
,,0.80,"in 279 of 705 country-cohorts, the average number of children ever born among parous women was below 2.1"
,,0.80,"in 279 of 705 country-cohorts, the average number of children ever born among parous women was below 2.1"
,,0.80,"in 279 of 705 country-cohorts, the average number of children ever born among parous women was below 2.1"
,,0.80,"in 279 of 705 country-cohorts, the average number of children ever born among parous women was below 2.1"
1.902,,0.80,"in 279 of 705 country-cohorts, the average number of children ever born among parous women was below 2.1"
1.85,,0.80,"in 279 of 705 country-cohorts, the average number of children ever born among parous women was below 2.1"
1.809,,0.80,"in 279 of 705 country-cohorts, the average number of children ever born among parous women was below 2.1"
1.777,,0.80,"in 279 of 705 country-cohorts, the average number of children ever born among parous women was below 2.1"
1.774,,0.80,"in 279 of 705 country-cohorts, the average number of children ever born among parous women was below 2.1"
1.778,,0.80,"in 279 of 705 country-cohorts, the average number of children ever born among parous women was below 2.1"
1.75,,0.80,"in 279 of 705 country-cohorts, the average number of children ever born among parous women was below 2.1"
1.728,,0.80,"in 279 of 705 country-cohorts, the average number of children ever born among parous women was below 2.1"
1.714,,0.80,"in 279 of 705 country-cohorts, the average number of children ever born among parous women was below 2.1"
1.7,,0.80,"in 279 of 705 country-cohorts, the average number of children ever born among parous women was below 2.1"
1.658,,0.80,"in 279 of 705 country-cohorts, the average number of children ever born among parous women was below 2.1"
1.647,,0.80,"in 279 of 705 country-cohorts, the average number of children ever born among parous women was below 2.1"
1.63,,0.80,"in 279 of 705 country-cohorts, the average number of children ever born among parous women was below 2.1"
1.607,,0.80,"in 279 of 705 country-cohorts, the average number of children ever born among parous women was below 2.1"
1.623,,0.80,"in 279 of 705 country-cohorts, the average number of children ever born among parous women was below 2.1"
1.621,,0.80,"in 279 of 705 country-cohorts, the average number of children ever born among parous women was below 2.1"
1.605,,0.80,"in 279 of 705 country-cohorts, the average number of children ever born among parous women was below 2.1"
1.608,,0.80,"in 279 of 705 country-cohorts, the average number of children ever born among parous women was below 2.1"
1.606,,0.80,"in 279 of 705 country-cohorts, the average number of children ever born among parous women was below 2.1"
1.609,,0.80,"in 279 of 705 country-cohorts, the average number of children ever born among parous women was below 2.1"
1.587,,0.80,"in 279 of 705 country-cohorts, the average number of children ever born among parous women was below 2.1"
1.574,,0.80,"in 279 of 705 country-cohorts, the average number of children ever born among parous women was below 2.1"
1.554,,0.80,"in 279 of 705 country-cohorts, the average number of children ever born among parous women was below 2.1"
1.539,,0.80,"in 279 of 705 country-cohorts, the average number of children ever born among parous women was below 2.1"
1.53,,0.80,"in 279 of 705 country-cohorts, the average number of children ever born among parous women was below 2.1"
1.51,,0.80,"in 279 of 705 country-cohorts, the average number of children ever born among parous women was below 2.1"
1.489,,0.80,"in 279 of 705 country-cohorts, the average number of children ever born among parous women was below 2.1"
1.488,,0.80,"in 279 of 705 country-cohorts, the average number of children ever born among parous women was below 2.1"
1.5,,0.80,"in 279 of 705 country-cohorts, the average number of children ever born among parous women was below 2.1"
1.525,,0.80,"in 279 of 705 country-cohorts, the average number of children ever born among parous women was below 2.1"
1.531,,0.80,"in 279 of 705 country-cohorts, the average number of children ever born among parous women was below 2.1"
1.554,,0.80,"in 279 of 705 country-cohorts, the average number of children ever born among parous women was below 2.1"
1.584,,0.80,"in 279 of 705 country-cohorts, the average number of children ever born among parous women was below 2.1"
,,0.80,"in 279 of 705 country-cohorts, the average number of children ever born among parous women was below 2.1"
,,0.80,"in 279 of 705 country-cohorts, the average number of children ever born among parous women was below 2.1"
,,0.80,"in 279 of 705 country-cohorts, the average number of children ever born among parous women was below 2.1"
,,0.80,"in 279 of 705 country-cohorts, the average number of children ever born among parous women was below 2.1"
,,0.80,"in 279 of 705 country-cohorts, the average number of children ever born among parous women was below 2.1"
,,0.80,"in 279 of 705 country-cohorts, the average number of children ever born among parous women was below 2.1"
2.378,,0.80,"in 279 of 705 country-cohorts, the average number of children ever born among parous women was below 2.1"
2.349,,0.80,"in 279 of 705 country-cohorts, the average number of children ever born among parous women was below 2.1"
2.325,,0.80,"in 279 of 705 country-cohorts, the average number of children ever born among parous women was below 2.1"
2.298,,0.80,"in 279 of 705 country-cohorts, the average number of children ever born among parous women was below 2.1"
2.265,,0.80,"in 279 of 705 country-cohorts, the average number of children ever born among parous women was below 2.1"
2.243,,0.80,"in 279 of 705 country-cohorts, the average number of children ever born among parous women was below 2.1"
2.209,,0.80,"in 279 of 705 country-cohorts, the average number of children ever born among parous women was below 2.1"
2.167,,0.80,"in 279 of 705 country-cohorts, the average number of children ever born among parous women was below 2.1"
2.136,,0.80,"in 279 of 705 country-cohorts, the average number of children ever born among parous women was below 2.1"
2.102,,0.80,"in 279 of 705 country-cohorts, the average number of children ever born among parous women was below 2.1"
2.06,,0.80,"in 279 of 705 country-cohorts, the average number of children ever born among parous women was below 2.1"
2.03,,0.80,"in 279 of 705 country-cohorts, the average number of children ever born among parous women was below 2.1"
2.002,,0.80,"in 279 of 705 country-cohorts, the average number of children ever born among parous women was below 2.1"
1.974,,0.80,"in 279 of 705 country-cohorts, the average number of children ever born among parous women was below 2.1"
1.934,,0.80,"in 279 of 705 country-cohorts, the average number of children ever born among parous women was below 2.1"
1.904,,0.80,"in 279 of 705 country-cohorts, the average number of children ever born among parous women was below 2.1"
1.895,,0.80,"in 279 of 705 country-cohorts, the average number of children ever born among parous women was below 2.1"
1.859,,0.80,"in 279 of 705 country-cohorts, the average number of children ever born among parous women was below 2.1"
1.853,2.1274397,0.80,"in 279 of 705 country-cohorts, the average number of children ever born among parous women was below 2.1"
1.851,2.1324885,0.80,"in 279 of 705 country-cohorts, the average number of children ever born among parous women was below 2.1"
1.838,2.1446908,0.80,"in 279 of 705 country-cohorts, the average number of children ever born among parous women was below 2.1"
1.848,2.1488373,0.80,"in 279 of 705 country-cohorts, the average number of children ever born among parous women was below 2.1"
1.861,2.1689978,0.80,"in 279 of 705 country-cohorts, the average number of children ever born among parous women was below 2.1"
1.864,2.1775701,0.80,"in 279 of 705 country-cohorts, the average number of children ever born among parous women was below 2.1"
1.877,2.200469,0.80,"in 279 of 705 country-cohorts, the average number of children ever born among parous women was below 2.1"
1.9,2.2196262,0.80,"in 279 of 705 country-cohorts, the average number of children ever born among parous women was below 2.1"
1.908,2.2315791,0.80,"in 279 of 705 country-cohorts, the average number of children ever born among parous women was below 2.1"
1.916,2.2435598,0.80,"in 279 of 705 country-cohorts, the average number of children ever born among parous women was below 2.1"
1.923,2.2517564,0.80,"in 279 of 705 country-cohorts, the average number of children ever born among parous women was below 2.1"
1.933,2.2502911,0.80,"in 279 of 705 country-cohorts, the average number of children ever born among parous women was below 2.1"
1.935,2.2473867,0.80,"in 279 of 705 country-cohorts, the average number of children ever born among parous women was below 2.1"
1.931,2.2505827,0.80,"in 279 of 705 country-cohorts, the average number of children ever born among parous women was below 2.1"
1.943,2.2619324,0.80,"in 279 of 705 country-cohorts, the average number of children ever born among parous women was below 2.1"
1.969,2.2736721,0.80,"in 279 of 705 country-cohorts, the average number of children ever born among parous women was below 2.1"
1.982,2.2807825,0.80,"in 279 of 705 country-cohorts, the average number of children ever born among parous women was below 2.1"
1.971,2.2733564,0.80,"in 279 of 705 country-cohorts, the average number of children ever born among parous women was below 2.1"
1.952,2.2645011,0.80,"in 279 of 705 country-cohorts, the average number of children ever born among parous women was below 2.1"
1.958,2.2583621,0.80,"in 279 of 705 country-cohorts, the average number of children ever born among parous women was below 2.1"
1.962,2.2577674,0.80,"in 279 of 705 country-cohorts, the average number of children ever born among parous women was below 2.1"
1.958,2.2531645,0.80,"in 279 of 705 country-cohorts, the average number of children ever born among parous women was below 2.1"
1.958,2.2531645,0.80,"in 279 of 705 country-cohorts, the average number of children ever born among parous women was below 2.1"
1.961,2.2462771,0.80,"in 279 of 705 country-cohorts, the average number of children ever born among parous women was below 2.1"
1.949,2.2299771,0.80,"in 279 of 705 country-cohorts, the average number of children ever born among parous women was below 2.1"
1.93,2.2183907,0.80,"in 279 of 705 country-cohorts, the average number of children ever born among parous women was below 2.1"
1.915,2.2087657,0.80,"in 279 of 705 country-cohorts, the average number of children ever born among parous women was below 2.1"
2.679,,0.80,"in 279 of 705 country-cohorts, the average number of children ever born among parous women was below 2.1"
2.669,,0.80,"in 279 of 705 country-cohorts, the average number of children ever born among parous women was below 2.1"
2.662,,0.80,"in 279 of 705 country-cohorts, the average number of children ever born among parous women was below 2.1"
2.649,,0.80,"in 279 of 705 country-cohorts, the average number of children ever born among parous women was below 2.1"
2.624,,0.80,"in 279 of 705 country-cohorts, the average number of children ever born among parous women was below 2.1"
2.59,,0.80,"in 279 of 705 country-cohorts, the average number of children ever born among parous women was below 2.1"
2.542,,0.80,"in 279 of 705 country-cohorts, the average number of children ever born among parous women was below 2.1"
2.508,,0.80,"in 279 of 705 country-cohorts, the average number of children ever born among parous women was below 2.1"
2.48,,0.80,"in 279 of 705 country-cohorts, the average number of children ever born among parous women was below 2.1"
2.447,,0.80,"in 279 of 705 country-cohorts, the average number of children ever born among parous women was below 2.1"
2.421,,0.80,"in 279 of 705 country-cohorts, the average number of children ever born among parous women was below 2.1"
2.376,,0.80,"in 279 of 705 country-cohorts, the average number of children ever born among parous women was below 2.1"
2.317,,0.80,"in 279 of 705 country-cohorts, the average number of children ever born among parous women was below 2.1"
2.28,,0.80,"in 279 of 705 country-cohorts, the average number of children ever born among parous women was below 2.1"
2.221,,0.80,"in 279 of 705 country-cohorts, the average number of children ever born among parous women was below 2.1"
2.151,,0.80,"in 279 of 705 country-cohorts, the average number of children ever born among parous women was below 2.1"
2.116,,0.80,"in 279 of 705 country-cohorts, the average number of children ever born among parous women was below 2.1"
2.086,,0.80,"in 279 of 705 country-cohorts, the average number of children ever born among parous women was below 2.1"
2.032,,0.80,"in 279 of 705 country-cohorts, the average number of children ever born among parous women was below 2.1"
1.974,,0.80,"in 279 of 705 country-cohorts, the average number of children ever born among parous women was below 2.1"
1.934,,0.80,"in 279 of 705 country-cohorts, the average number of children ever born among parous women was below 2.1"
1.905,,0.80,"in 279 of 705 country-cohorts, the average number of children ever born among parous women was below 2.1"
1.868,,0.80,"in 279 of 705 country-cohorts, the average number of children ever born among parous women was below 2.1"
1.823,,0.80,"in 279 of 705 country-cohorts, the average number of children ever born among parous women was below 2.1"
1.787,,0.80,"in 279 of 705 country-cohorts, the average number of children ever born among parous women was below 2.1"
1.751,1.9348066,0.80,"in 279 of 705 country-cohorts, the average number of children ever born among parous women was below 2.1"
1.71,1.9084822,0.80,"in 279 of 705 country-cohorts, the average number of children ever born among parous women was below 2.1"
1.68,1.8897638,0.80,"in 279 of 705 country-cohorts, the average number of children ever born among parous women was below 2.1"
1.658,1.869222,0.80,"in 279 of 705 country-cohorts, the average number of children ever born among parous women was below 2.1"
1.638,1.8550396,0.80,"in 279 of 705 country-cohorts, the average number of children ever born among parous women was below 2.1"
1.602,1.8434982,0.80,"in 279 of 705 country-cohorts, the average number of children ever born among parous women was below 2.1"
1.574,1.8344989,0.80,"in 279 of 705 country-cohorts, the average number of children ever born among parous women was below 2.1"
1.555,1.8229778,0.80,"in 279 of 705 country-cohorts, the average number of children ever born among parous women was below 2.1"
1.527,1.8156956,0.80,"in 279 of 705 country-cohorts, the average number of children ever born among parous women was below 2.1"
1.497,1.8101572,0.80,"in 279 of 705 country-cohorts, the average number of children ever born among parous women was below 2.1"
1.476,1.8021978,0.80,"in 279 of 705 country-cohorts, the average number of children ever born among parous women was below 2.1"
1.449,1.7977668,0.80,"in 279 of 705 country-cohorts, the average number of children ever born among parous women was below 2.1"
1.42,1.7951959,0.80,"in 279 of 705 country-cohorts, the average number of children ever born among parous women was below 2.1"
1.402,1.7905492,0.80,"in 279 of 705 country-cohorts, the average number of children ever born among parous women was below 2.1"
1.384,1.7904269,0.80,"in 279 of 705 country-cohorts, the average number of children ever born among parous women was below 2.1"
1.365,1.7889909,0.80,"in 279 of 705 country-cohorts, the average number of children ever born among parous women was below 2.1"
1.357,1.7926024,0.80,"in 279 of 705 country-cohorts, the average number of children ever born among parous women was below 2.1"
1.356,1.7960265,0.80,"in 279 of 705 country-cohorts, the average number of children ever born among parous women was below 2.1"
1.353,1.7992021,0.80,"in 279 of 705 country-cohorts, the average number of children ever born among parous women was below 2.1"
1.357,1.8069241,0.80,"in 279 of 705 country-cohorts, the average number of children ever born among parous women was below 2.1"
,,0.80,"in 279 of 705 country-cohorts, the average number of children ever born among parous women was below 2.1"
,,0.80,"in 279 of 705 country-cohorts, the average number of children ever born among parous women was below 2.1"
,,0.80,"in 279 of 705 country-cohorts, the average number of children ever born among parous women was below 2.1"
,,0.80,"in 279 of 705 country-cohorts, the average number of children ever born among parous women was below 2.1"
,,0.80,"in 279 of 705 country-cohorts, the average number of children ever born among parous women was below 2.1"
,,0.80,"in 279 of 705 country-cohorts, the average number of children ever born among parous women was below 2.1"
,,0.80,"in 279 of 705 country-cohorts, the average number of children ever born among parous women was below 2.1"
,,0.80,"in 279 of 705 country-cohorts, the average number of children ever born among parous women was below 2.1"
,,0.80,"in 279 of 705 country-cohorts, the average number of children ever born among parous women was below 2.1"
1.889,2.0690033,0.80,"in 279 of 705 country-cohorts, the average number of children ever born among parous women was below 2.1"
1.873,2.0764966,0.80,"in 279 of 705 country-cohorts, the average number of children ever born among parous women was below 2.1"
1.889,2.0224838,0.80,"in 279 of 705 country-cohorts, the average number of children ever born among parous women was below 2.1"
1.91,2.0297556,0.80,"in 279 of 705 country-cohorts, the average number of children ever born among parous women was below 2.1"
1.916,2.0382979,0.80,"in 279 of 705 country-cohorts, the average number of children ever born among parous women was below 2.1"
1.988,2.0729928,0.80,"in 279 of 705 country-cohorts, the average number of children ever born among parous women was below 2.1"
1.964,2.0543933,0.80,"in 279 of 705 country-cohorts, the average number of children ever born among parous women was below 2.1"
2.002,2.057554,0.80,"in 279 of 705 country-cohorts, the average number of children ever born among parous women was below 2.1"
1.951,2.0623679,0.80,"in 279 of 705 country-cohorts, the average number of children ever born among parous women was below 2.1"
1.963,2.0663159,0.80,"in 279 of 705 country-cohorts, the average number of children ever born among parous women was below 2.1"
1.973,2.0944798,0.80,"in 279 of 705 country-cohorts, the average number of children ever born among parous women was below 2.1"
1.97,2.0979767,0.80,"in 279 of 705 country-cohorts, the average number of children ever born among parous women was below 2.1"
2.022,2.0996885,0.80,"in 279 of 705 country-cohorts, the average number of children ever born among parous women was below 2.1"
2.027,2.0918472,0.80,"in 279 of 705 country-cohorts, the average number of children ever born among parous women was below 2.1"
2.035,2.0807772,0.80,"in 279 of 705 country-cohorts, the average number of children ever born among parous women was below 2.1"
2.06,2.0766129,0.80,"in 279 of 705 country-cohorts, the average number of children ever born among parous women was below 2.1"
2.062,2.0682046,0.80,"in 279 of 705 country-cohorts, the average number of children ever born among parous women was below 2.1"
1.994,2.0663211,0.80,"in 279 of 705 country-cohorts, the average number of children ever born among parous women was below 2.1"
1.97,2.0628271,0.80,"in 279 of 705 country-cohorts, the average number of children ever born among parous women was below 2.1"
1.912,2.0603449,0.80,"in 279 of 705 country-cohorts, the average number of children ever born among parous women was below 2.1"
1.882,2.0613363,0.80,"in 279 of 705 country-cohorts, the average number of children ever born among parous women was below 2.1"
1.907,2.0593953,0.80,"in 279 of 705 country-cohorts, the average number of children ever born among parous women was below 2.1"
1.866,2.0393443,0.80,"in 279 of 705 country-cohorts, the average number of children ever born among parous women was below 2.1"
1.874,2.0458515,0.80,"in 279 of 705 country-cohorts, the average number of children ever born among parous women was below 2.1"
1.877,2.0468919,0.80,"in 279 of 705 country-cohorts, the average number of children ever born among parous women was below 2.1"
1.86,2.0552487,0.80,"in 279 of 705 country-cohorts, the average number of children ever born among parous women was below 2.1"
1.867,2.0652654,0.80,"in 279 of 705 country-cohorts, the average number of children ever born among parous women was below 2.1"
1.84,2.0581656,0.80,"in 279 of 705 country-cohorts, the average number of children ever born among parous women was below 2.1"
1.829,2.0855188,0.80,"in 279 of 705 country-cohorts, the average number of children ever born among parous women was below 2.1"
1.861,2.1244292,0.80,"in 279 of 705 country-cohorts, the average number of children ever born among parous women was below 2.1"
1.841,2.1088202,0.80,"in 279 of 705 country-cohorts, the average number of children ever born among parous women was below 2.1"
1.856,2.1308839,0.80,"in 279 of 705 country-cohorts, the average number of children ever born among parous women was below 2.1"
1.854,2.1334867,0.80,"in 279 of 705 country-cohorts, the average number of children ever born among parous women was below 2.1"
1.867,2.1435132,0.80,"in 279 of 705 country-cohorts, the average number of children ever born among parous women was below 2.1"
1.868,2.1620371,0.80,"in 279 of 705 country-cohorts, the average number of children ever born among parous women was below 2.1"
1.879,2.1925321,0.80,"in 279 of 705 country-cohorts, the average number of children ever born among parous women was below 2.1"
2.299,,0.80,"in 279 of 705 country-cohorts, the average number of children ever born among parous women was below 2.1"
2.245,,0.80,"in 279 of 705 country-cohorts, the average number of children ever born among parous women was below 2.1"
2.175,,0.80,"in 279 of 705 country-cohorts, the average number of children ever born among parous women was below 2.1"
2.144,,0.80,"in 279 of 705 country-cohorts, the average number of children ever born among parous women was below 2.1"
2.108,,0.80,"in 279 of 705 country-cohorts, the average number of children ever born among parous women was below 2.1"
2.034,,0.80,"in 279 of 705 country-cohorts, the average number of children ever born among parous women was below 2.1"
1.973,,0.80,"in 279 of 705 country-cohorts, the average number of children ever born among parous women was below 2.1"
1.953,,0.80,"in 279 of 705 country-cohorts, the average number of children ever born among parous women was below 2.1"
1.921,,0.80,"in 279 of 705 country-cohorts, the average number of children ever born among parous women was below 2.1"
1.892,,0.80,"in 279 of 705 country-cohorts, the average number of children ever born among parous women was below 2.1"
1.881,,0.80,"in 279 of 705 country-cohorts, the average number of children ever born among parous women was below 2.1"
1.864,,0.80,"in 279 of 705 country-cohorts, the average number of children ever born among parous women was below 2.1"
1.863,,0.80,"in 279 of 705 country-cohorts, the average number of children ever born among parous women was below 2.1"
1.85,,0.80,"in 279 of 705 country-cohorts, the average number of children ever born among parous women was below 2.1"
1.859,,0.80,"in 279 of 705 country-cohorts, the average number of children ever born among parous women was below 2.1"
1.847,,0.80,"in 279 of 705 country-cohorts, the average number of children ever born among parous women was below 2.1"
1.864,,0.80,"in 279 of 705 country-cohorts, the average number of children ever born among parous women was below 2.1"
1.853,,0.80,"in 279 of 705 country-cohorts, the average number of children ever born among parous women was below 2.1"
1.859,,0.80,"in 279 of 705 country-cohorts, the average number of children ever born among parous women was below 2.1"
1.882,,0.80,"in 279 of 705 country-cohorts, the average number of children ever born among parous women was below 2.1"
1.896,,0.80,"in 279 of 705 country-cohorts, the average number of children ever born among parous women was below 2.1"
1.912,,0.80,"in 279 of 705 country-cohorts, the average number of children ever born among parous women was below 2.1"
1.934,,0.80,"in 279 of 705 country-cohorts, the average number of children ever born among parous women was below 2.1"
1.946,,0.80,"in 279 of 705 country-cohorts, the average number of children ever born among parous women was below 2.1"
1.947,,0.80,"in 279 of 705 country-cohorts, the average number of children ever born among parous women was below 2.1"
1.962,,0.80,"in 279 of 705 country-cohorts, the average number of children ever born among parous women was below 2.1"
1.952,,0.80,"in 279 of 705 country-cohorts, the average number of children ever born among parous women was below 2.1"
1.941,,0.80,"in 279 of 705 country-cohorts, the average number of children ever born among parous women was below 2.1"
1.943,,0.80,"in 279 of 705 country-cohorts, the average number of children ever born among parous women was below 2.1"
1.92,,0.80,"in 279 of 705 country-cohorts, the average number of children ever born among parous women was below 2.1"
1.925,,0.80,"in 279 of 705 country-cohorts, the average number of children ever born among parous women was below 2.1"
1.901,,0.80,"in 279 of 705 country-cohorts, the average number of children ever born among parous women was below 2.1"
1.89,2.3654568,0.80,"in 279 of 705 country-cohorts, the average number of children ever born among parous women was below 2.1"
1.914,2.3924999,0.80,"in 279 of 705 country-cohorts, the average number of children ever born among parous women was below 2.1"
1.904,2.3800001,0.80,"in 279 of 705 country-cohorts, the average number of children ever born among parous women was below 2.1"
1.887,2.3765743,0.80,"in 279 of 705 country-cohorts, the average number of children ever born among parous women was below 2.1"
1.893,2.3811321,0.80,"in 279 of 705 country-cohorts, the average number of children ever born among parous women was below 2.1"
1.909,2.4042821,0.80,"in 279 of 705 country-cohorts, the average number of children ever born among parous women was below 2.1"
1.898,2.3874214,0.80,"in 279 of 705 country-cohorts, the average number of children ever born among parous women was below 2.1"
1.892,2.3709273,0.80,"in 279 of 705 country-cohorts, the average number of children ever born among parous women was below 2.1"
1.91,2.3785803,0.80,"in 279 of 705 country-cohorts, the average number of children ever born among parous women was below 2.1"
1.891,2.3696742,0.80,"in 279 of 705 country-cohorts, the average number of children ever born among parous women was below 2.1"
1.891,2.3667083,0.80,"in 279 of 705 country-cohorts, the average number of children ever born among parous women was below 2.1"
1.872,2.3636363,0.80,"in 279 of 705 country-cohorts, the average number of children ever born among parous women was below 2.1"
1.849,2.3494282,0.80,"in 279 of 705 country-cohorts, the average number of children ever born among parous women was below 2.1"
2.589,,0.80,"in 279 of 705 country-cohorts, the average number of children ever born among parous women was below 2.1"
2.548,,0.80,"in 279 of 705 country-cohorts, the average number of children ever born among parous women was below 2.1"
2.531,,0.80,"in 279 of 705 country-cohorts, the average number of children ever born among parous women was below 2.1"
2.489,,0.80,"in 279 of 705 country-cohorts, the average number of children ever born among parous women was below 2.1"
2.448,,0.80,"in 279 of 705 country-cohorts, the average number of children ever born among parous women was below 2.1"
2.423,,0.80,"in 279 of 705 country-cohorts, the average number of children ever born among parous women was below 2.1"
2.373,,0.80,"in 279 of 705 country-cohorts, the average number of children ever born among parous women was below 2.1"
2.313,,0.80,"in 279 of 705 country-cohorts, the average number of children ever born among parous women was below 2.1"
2.292,,0.80,"in 279 of 705 country-cohorts, the average number of children ever born among parous women was below 2.1"
2.268,,0.80,"in 279 of 705 country-cohorts, the average number of children ever born among parous women was below 2.1"
2.228,,0.80,"in 279 of 705 country-cohorts, the average number of children ever born among parous women was below 2.1"
2.174,,0.80,"in 279 of 705 country-cohorts, the average number of children ever born among parous women was below 2.1"
2.135,,0.80,"in 279 of 705 country-cohorts, the average number of children ever born among parous women was below 2.1"
2.119,,0.80,"in 279 of 705 country-cohorts, the average number of children ever born among parous women was below 2.1"
2.107,,0.80,"in 279 of 705 country-cohorts, the average number of children ever born among parous women was below 2.1"
2.117,,0.80,"in 279 of 705 country-cohorts, the average number of children ever born among parous women was below 2.1"
2.113,,0.80,"in 279 of 705 country-cohorts, the average number of children ever born among parous women was below 2.1"
2.123,,0.80,"in 279 of 705 country-cohorts, the average number of children ever born among parous women was below 2.1"
2.12,,0.80,"in 279 of 705 country-cohorts, the average number of children ever born among parous women was below 2.1"
2.124,,0.80,"in 279 of 705 country-cohorts, the average number of children ever born among parous women was below 2.1"
2.132,,0.80,"in 279 of 705 country-cohorts, the average number of children ever born among parous women was below 2.1"
2.141,,0.80,"in 279 of 705 country-cohorts, the average number of children ever born among parous women was below 2.1"
2.136,,0.80,"in 279 of 705 country-cohorts, the average number of children ever born among parous women was below 2.1"
2.135,,0.80,"in 279 of 705 country-cohorts, the average number of children ever born among parous women was below 2.1"
2.121,,0.80,"in 279 of 705 country-cohorts, the average number of children ever born among parous women was below 2.1"
2.118,,0.80,"in 279 of 705 country-cohorts, the average number of children ever born among parous women was below 2.1"
2.093,,0.80,"in 279 of 705 country-cohorts, the average number of children ever born among parous women was below 2.1"
2.082,,0.80,"in 279 of 705 country-cohorts, the average number of children ever born among parous women was below 2.1"
2.068,,0.80,"in 279 of 705 country-cohorts, the average number of children ever born among parous women was below 2.1"
2.046,,0.80,"in 279 of 705 country-cohorts, the average number of children ever born among parous women was below 2.1"
2.036,,0.80,"in 279 of 705 country-cohorts, the average number of children ever born among parous women was below 2.1"
2.022,,0.80,"in 279 of 705 country-cohorts, the average number of children ever born among parous women was below 2.1"
2.017,,0.80,"in 279 of 705 country-cohorts, the average number of children ever born among parous women was below 2.1"
2.013,,0.80,"in 279 of 705 country-cohorts, the average number of children ever born among parous women was below 2.1"
2.004,,0.80,"in 279 of 705 country-cohorts, the average number of children ever born among parous women was below 2.1"
2.005,,0.80,"in 279 of 705 country-cohorts, the average number of children ever born among parous women was below 2.1"
1.994,,0.80,"in 279 of 705 country-cohorts, the average number of children ever born among parous women was below 2.1"
1.993,,0.80,"in 279 of 705 country-cohorts, the average number of children ever born among parous women was below 2.1"
2.003,,0.80,"in 279 of 705 country-cohorts, the average number of children ever born among parous women was below 2.1"
2.019,,0.80,"in 279 of 705 country-cohorts, the average number of children ever born among parous women was below 2.1"
2.032,,0.80,"in 279 of 705 country-cohorts, the average number of children ever born among parous women was below 2.1"
2.037,,0.80,"in 279 of 705 country-cohorts, the average number of children ever born among parous women was below 2.1"
2.056,,0.80,"in 279 of 705 country-cohorts, the average number of children ever born among parous women was below 2.1"
2.057,,0.80,"in 279 of 705 country-cohorts, the average number of children ever born among parous women was below 2.1"
2.064,,0.80,"in 279 of 705 country-cohorts, the average number of children ever born among parous women was below 2.1"
,,0.80,"in 279 of 705 country-cohorts, the average number of children ever born among parous women was below 2.1"
,,0.80,"in 279 of 705 country-cohorts, the average number of children ever born among parous women was below 2.1"
,,0.80,"in 279 of 705 country-cohorts, the average number of children ever born among parous women was below 2.1"
,,0.80,"in 279 of 705 country-cohorts, the average number of children ever born among parous women was below 2.1"
,,0.80,"in 279 of 705 country-cohorts, the average number of children ever born among parous women was below 2.1"
,,0.80,"in 279 of 705 country-cohorts, the average number of children ever born among parous women was below 2.1"
,,0.80,"in 279 of 705 country-cohorts, the average number of children ever born among parous women was below 2.1"
,,0.80,"in 279 of 705 country-cohorts, the average number of children ever born among parous women was below 2.1"
,,0.80,"in 279 of 705 country-cohorts, the average number of children ever born among parous women was below 2.1"
,,0.80,"in 279 of 705 country-cohorts, the average number of children ever born among parous women was below 2.1"
,,0.80,"in 279 of 705 country-cohorts, the average number of children ever born among parous women was below 2.1"
,,0.80,"in 279 of 705 country-cohorts, the average number of children ever born among parous women was below 2.1"
,,0.80,"in 279 of 705 country-cohorts, the average number of children ever born among parous women was below 2.1"
,,0.80,"in 279 of 705 country-cohorts, the average number of children ever born among parous women was below 2.1"
,,0.80,"in 279 of 705 country-cohorts, the average number of children ever born among parous women was below 2.1"
,,0.80,"in 279 of 705 country-cohorts, the average number of children ever born among parous women was below 2.1"
,,0.80,"in 279 of 705 country-cohorts, the average number of children ever born among parous women was below 2.1"
,,0.80,"in 279 of 705 country-cohorts, the average number of children ever born among parous women was below 2.1"
,,0.80,"in 279 of 705 country-cohorts, the average number of children ever born among parous women was below 2.1"
,,0.80,"in 279 of 705 country-cohorts, the average number of children ever born among parous women was below 2.1"
,,0.80,"in 279 of 705 country-cohorts, the average number of children ever born among parous women was below 2.1"
,,0.80,"in 279 of 705 country-cohorts, the average number of children ever born among parous women was below 2.1"
,,0.80,"in 279 of 705 country-cohorts, the average number of children ever born among parous women was below 2.1"
,,0.80,"in 279 of 705 country-cohorts, the average number of children ever born among parous women was below 2.1"
1.983,,0.80,"in 279 of 705 country-cohorts, the average number of children ever born among parous women was below 2.1"
1.98,,0.80,"in 279 of 705 country-cohorts, the average number of children ever born among parous women was below 2.1"
1.952,,0.80,"in 279 of 705 country-cohorts, the average number of children ever born among parous women was below 2.1"
1.933,,0.80,"in 279 of 705 country-cohorts, the average number of children ever born among parous women was below 2.1"
1.929,,0.80,"in 279 of 705 country-cohorts, the average number of children ever born among parous women was below 2.1"
1.925,,0.80,"in 279 of 705 country-cohorts, the average number of children ever born among parous women was below 2.1"
1.917,,0.80,"in 279 of 705 country-cohorts, the average number of children ever born among parous women was below 2.1"
1.905,,0.80,"in 279 of 705 country-cohorts, the average number of children ever born among parous women was below 2.1"
1.906,,0.80,"in 279 of 705 country-cohorts, the average number of children ever born among parous women was below 2.1"
1.911,,0.80,"in 279 of 705 country-cohorts, the average number of children ever born among parous women was below 2.1"
1.905,,0.80,"in 279 of 705 country-cohorts, the average number of children ever born among parous women was below 2.1"
1.903,,0.80,"in 279 of 705 country-cohorts, the average number of children ever born among parous women was below 2.1"
1.895,,0.80,"in 279 of 705 country-cohorts, the average number of children ever born among parous women was below 2.1"
1.882,,0.80,"in 279 of 705 country-cohorts, the average number of children ever born among parous women was below 2.1"
1.884,,0.80,"in 279 of 705 country-cohorts, the average number of children ever born among parous women was below 2.1"
1.895,,0.80,"in 279 of 705 country-cohorts, the average number of children ever born among parous women was below 2.1"
1.906,,0.80,"in 279 of 705 country-cohorts, the average number of children ever born among parous women was below 2.1"
1.918,,0.80,"in 279 of 705 country-cohorts, the average number of children ever born among parous women was below 2.1"
1.917,,0.80,"in 279 of 705 country-cohorts, the average number of children ever born among parous women was below 2.1"
1.913,,0.80,"in 279 of 705 country-cohorts, the average number of children ever born among parous women was below 2.1"
,,0.80,"in 279 of 705 country-cohorts, the average number of children ever born among parous women was below 2.1"
,,0.80,"in 279 of 705 country-cohorts, the average number of children ever born among parous women was below 2.1"
,,0.80,"in 279 of 705 country-cohorts, the average number of children ever born among parous women was below 2.1"
,,0.80,"in 279 of 705 country-cohorts, the average number of children ever born among parous women was below 2.1"
,,0.80,"in 279 of 705 country-cohorts, the average number of children ever born among parous women was below 2.1"
,,0.80,"in 279 of 705 country-cohorts, the average number of children ever born among parous women was below 2.1"
,,0.80,"in 279 of 705 country-cohorts, the average number of children ever born among parous women was below 2.1"
,,0.80,"in 279 of 705 country-cohorts, the average number of children ever born among parous women was below 2.1"
,,0.80,"in 279 of 705 country-cohorts, the average number of children ever born among parous women was below 2.1"
,,0.80,"in 279 of 705 country-cohorts, the average number of children ever born among parous women was below 2.1"
,,0.80,"in 279 of 705 country-cohorts, the average number of children ever born among parous women was below 2.1"
,,0.80,"in 279 of 705 country-cohorts, the average number of children ever born among parous women was below 2.1"
,,0.80,"in 279 of 705 country-cohorts, the average number of children ever born among parous women was below 2.1"
,,0.80,"in 279 of 705 country-cohorts, the average number of children ever born among parous women was below 2.1"
,,0.80,"in 279 of 705 country-cohorts, the average number of children ever born among parous women was below 2.1"
,,0.80,"in 279 of 705 country-cohorts, the average number of children ever born among parous women was below 2.1"
,,0.80,"in 279 of 705 country-cohorts, the average number of children ever born among parous women was below 2.1"
,,0.80,"in 279 of 705 country-cohorts, the average number of children ever born among parous women was below 2.1"
,,0.80,"in 279 of 705 country-cohorts, the average number of children ever born among parous women was below 2.1"
,,0.80,"in 279 of 705 country-cohorts, the average number of children ever born among parous women was below 2.1"
,,0.80,"in 279 of 705 country-cohorts, the average number of children ever born among parous women was below 2.1"
,,0.80,"in 279 of 705 country-cohorts, the average number of children ever born among parous women was below 2.1"
,,0.80,"in 279 of 705 country-cohorts, the average number of children ever born among parous women was below 2.1"
,,0.80,"in 279 of 705 country-cohorts, the average number of children ever born among parous women was below 2.1"
,,0.80,"in 279 of 705 country-cohorts, the average number of children ever born among parous women was below 2.1"
,,0.80,"in 279 of 705 country-cohorts, the average number of children ever born among parous women was below 2.1"
,,0.80,"in 279 of 705 country-cohorts, the average number of children ever born among parous women was below 2.1"
,,0.80,"in 279 of 705 country-cohorts, the average number of children ever born among parous women was below 2.1"
,,0.80,"in 279 of 705 country-cohorts, the average number of children ever born among parous women was below 2.1"
,,0.80,"in 279 of 705 country-cohorts, the average number of children ever born among parous women was below 2.1"
,,0.80,"in 279 of 705 country-cohorts, the average number of children ever born among parous women was below 2.1"
,,0.80,"in 279 of 705 country-cohorts, the average number of children ever born among parous women was below 2.1"
,,0.80,"in 279 of 705 country-cohorts, the average number of children ever born among parous women was below 2.1"
,,0.80,"in 279 of 705 country-cohorts, the average number of children ever born among parous women was below 2.1"
,,0.80,"in 279 of 705 country-cohorts, the average number of children ever born among parous women was below 2.1"
,,0.80,"in 279 of 705 country-cohorts, the average number of children ever born among parous women was below 2.1"
,,0.80,"in 279 of 705 country-cohorts, the average number of children ever born among parous women was below 2.1"
,,0.80,"in 279 of 705 country-cohorts, the average number of children ever born among parous women was below 2.1"
,,0.80,"in 279 of 705 country-cohorts, the average number of children ever born among parous women was below 2.1"
,,0.80,"in 279 of 705 country-cohorts, the average number of children ever born among parous women was below 2.1"
,,0.80,"in 279 of 705 country-cohorts, the average number of children ever born among parous women was below 2.1"
,,0.80,"in 279 of 705 country-cohorts, the average number of children ever born among parous women was below 2.1"
,,0.80,"in 279 of 705 country-cohorts, the average number of children ever born among parous women was below 2.1"
,,0.80,"in 279 of 705 country-cohorts, the average number of children ever born among parous women was below 2.1"
,,0.80,"in 279 of 705 country-cohorts, the average number of children ever born among parous women was below 2.1"
,,0.80,"in 279 of 705 country-cohorts, the average number of children ever born among parous women was below 2.1"
1.973,,0.80,"in 279 of 705 country-cohorts, the average number of children ever born among parous women was below 2.1"
1.985,,0.80,"in 279 of 705 country-cohorts, the average number of children ever born among parous women was below 2.1"
1.978,2.1664841,0.80,"in 279 of 705 country-cohorts, the average number of children ever born among parous women was below 2.1"
1.949,2.1441145,0.80,"in 279 of 705 country-cohorts, the average number of children ever born among parous women was below 2.1"
1.932,2.1254125,0.80,"in 279 of 705 country-cohorts, the average number of children ever born among parous women was below 2.1"
1.923,2.1131868,0.80,"in 279 of 705 country-cohorts, the average number of children ever born among parous women was below 2.1"
1.931,2.1057796,0.80,"in 279 of 705 country-cohorts, the average number of children ever born among parous women was below 2.1"
1.898,2.0903084,0.80,"in 279 of 705 country-cohorts, the average number of children ever born among parous women was below 2.1"
1.918,2.0893247,0.80,"in 279 of 705 country-cohorts, the average number of children ever born among parous women was below 2.1"
1.918,2.0984683,0.80,"in 279 of 705 country-cohorts, the average number of children ever born among parous women was below 2.1"
1.906,2.1014333,0.80,"in 279 of 705 country-cohorts, the average number of children ever born among parous women was below 2.1"
1.914,2.0963855,0.80,"in 279 of 705 country-cohorts, the average number of children ever born among parous women was below 2.1"
1.928,2.1025081,0.80,"in 279 of 705 country-cohorts, the average number of children ever born among parous women was below 2.1"
1.946,2.126776,0.80,"in 279 of 705 country-cohorts, the average number of children ever born among parous women was below 2.1"
1.974,2.1550219,0.80,"in 279 of 705 country-cohorts, the average number of children ever born among parous women was below 2.1"
1.955,2.1412923,0.80,"in 279 of 705 country-cohorts, the average number of children ever born among parous women was below 2.1"
1.971,2.1447225,0.80,"in 279 of 705 country-cohorts, the average number of children ever born among parous women was below 2.1"
1.956,2.1400437,0.80,"in 279 of 705 country-cohorts, the average number of children ever born among parous women was below 2.1"
1.933,2.1171961,0.80,"in 279 of 705 country-cohorts, the average number of children ever born among parous women was below 2.1"
1.938,2.1134133,0.80,"in 279 of 705 country-cohorts, the average number of children ever born among parous women was below 2.1"
1.95,2.1264994,0.80,"in 279 of 705 country-cohorts, the average number of children ever born among parous women was below 2.1"
1.974,2.1409979,0.80,"in 279 of 705 country-cohorts, the average number of children ever born among parous women was below 2.1"
2.02,2.1790724,0.80,"in 279 of 705 country-cohorts, the average number of children ever born among parous women was below 2.1"
2.015,2.168999,0.80,"in 279 of 705 country-cohorts, the average number of children ever born among parous women was below 2.1"
2.026,2.1784947,0.80,"in 279 of 705 country-cohorts, the average number of children ever born among parous women was below 2.1"
2.024,2.1857452,0.80,"in 279 of 705 country-cohorts, the average number of children ever born among parous women was below 2.1"
2.04,2.1888411,0.80,"in 279 of 705 country-cohorts, the average number of children ever born among parous women was below 2.1"
2.041,2.1993535,0.80,"in 279 of 705 country-cohorts, the average number of children ever born among parous women was below 2.1"
2.019,2.1921823,0.80,"in 279 of 705 country-cohorts, the average number of children ever born among parous women was below 2.1"
2.005,2.1817193,0.80,"in 279 of 705 country-cohorts, the average number of children ever born among parous women was below 2.1"
1.995,2.1803279,0.80,"in 279 of 705 country-cohorts, the average number of children ever born among parous women was below 2.1"
1.979,2.1652079,0.80,"in 279 of 705 country-cohorts, the average number of children ever born among parous women was below 2.1"
1.96,2.1467688,0.80,"in 279 of 705 country-cohorts, the average number of children ever born among parous women was below 2.1"
1.926,2.137625,0.80,"in 279 of 705 country-cohorts, the average number of children ever born among parous women was below 2.1"
1.906,2.1201334,0.80,"in 279 of 705 country-cohorts, the average number of children ever born among parous women was below 2.1"
1.867,2.1119909,0.80,"in 279 of 705 country-cohorts, the average number of children ever born among parous women was below 2.1"
1.848,2.1071837,0.80,"in 279 of 705 country-cohorts, the average number of children ever born among parous women was below 2.1"
1.792,2.0861466,0.80,"in 279 of 705 country-cohorts, the average number of children ever born among parous women was below 2.1"
1.785,2.0950704,0.80,"in 279 of 705 country-cohorts, the average number of children ever born among parous women was below 2.1"
1.725,2.0511296,0.80,"in 279 of 705 country-cohorts, the average number of children ever born among parous women was below 2.1"
1.685,2.0301204,0.80,"in 279 of 705 country-cohorts, the average number of children ever born among parous women was below 2.1"
1.661,2.0206814,0.80,"in 279 of 705 country-cohorts, the average number of children ever born among parous women was below 2.1"
,,0.80,"in 279 of 705 country-cohorts, the average number of children ever born among parous women was below 2.1"
,,0.80,"in 279 of 705 country-cohorts, the average number of children ever born among parous women was below 2.1"
,,0.80,"in 279 of 705 country-cohorts, the average number of children ever born among parous women was below 2.1"
,,0.80,"in 279 of 705 country-cohorts, the average number of children ever born among parous women was below 2.1"
,,0.80,"in 279 of 705 country-cohorts, the average number of children ever born among parous women was below 2.1"
,,0.80,"in 279 of 705 country-cohorts, the average number of children ever born among parous women was below 2.1"
,,0.80,"in 279 of 705 country-cohorts, the average number of children ever born among parous women was below 2.1"
,,0.80,"in 279 of 705 country-cohorts, the average number of children ever born among parous women was below 2.1"
,,0.80,"in 279 of 705 country-cohorts, the average number of children ever born among parous women was below 2.1"
,,0.80,"in 279 of 705 country-cohorts, the average number of children ever born among parous women was below 2.1"
,,0.80,"in 279 of 705 country-cohorts, the average number of children ever born among parous women was below 2.1"
,,0.80,"in 279 of 705 country-cohorts, the average number of children ever born among parous women was below 2.1"
,,0.80,"in 279 of 705 country-cohorts, the average number of children ever born among parous women was below 2.1"
,,0.80,"in 279 of 705 country-cohorts, the average number of children ever born among parous women was below 2.1"
,,0.80,"in 279 of 705 country-cohorts, the average number of children ever born among parous women was below 2.1"
,,0.80,"in 279 of 705 country-cohorts, the average number of children ever born among parous women was below 2.1"
,,0.80,"in 279 of 705 country-cohorts, the average number of children ever born among parous women was below 2.1"
,,0.80,"in 279 of 705 country-cohorts, the average number of children ever born among parous women was below 2.1"
,,0.80,"in 279 of 705 country-cohorts, the average number of children ever born among parous women was below 2.1"
,,0.80,"in 279 of 705 country-cohorts, the average number of children ever born among parous women was below 2.1"
,,0.80,"in 279 of 705 country-cohorts, the average number of children ever born among parous women was below 2.1"
,,0.80,"in 279 of 705 country-cohorts, the average number of children ever born among parous women was below 2.1"
,,0.80,"in 279 of 705 country-cohorts, the average number of children ever born among parous women was below 2.1"
2.666,3.0433791,0.80,"in 279 of 705 country-cohorts, the average number of children ever born among parous women was below 2.1"
2.577,2.968894,0.80,"in 279 of 705 country-cohorts, the average number of children ever born among parous women was below 2.1"
2.535,2.9272518,0.80,"in 279 of 705 country-cohorts, the average number of children ever born among parous women was below 2.1"
2.487,2.8718245,0.80,"in 279 of 705 country-cohorts, the average number of children ever born among parous women was below 2.1"
2.446,2.8375871,0.80,"in 279 of 705 country-cohorts, the average number of children ever born among parous women was below 2.1"
2.414,2.8102446,0.80,"in 279 of 705 country-cohorts, the average number of children ever born among parous women was below 2.1"
2.346,2.7829182,0.80,"in 279 of 705 country-cohorts, the average number of children ever born among parous women was below 2.1"
2.309,2.7520859,0.80,"in 279 of 705 country-cohorts, the average number of children ever born among parous women was below 2.1"
2.283,2.7178571,0.80,"in 279 of 705 country-cohorts, the average number of children ever born among parous women was below 2.1"
2.241,2.6902761,0.80,"in 279 of 705 country-cohorts, the average number of children ever born among parous women was below 2.1"
2.207,2.6849148,0.80,"in 279 of 705 country-cohorts, the average number of children ever born among parous women was below 2.1"
2.173,2.6761084,0.80,"in 279 of 705 country-cohorts, the average number of children ever born among parous women was below 2.1"
2.175,2.6492083,0.80,"in 279 of 705 country-cohorts, the average number of children ever born among parous women was below 2.1"
2.174,2.609844,0.80,"in 279 of 705 country-cohorts, the average number of children ever born among parous women was below 2.1"
2.147,2.5898674,0.80,"in 279 of 705 country-cohorts, the average number of children ever born among parous women was below 2.1"
2.116,2.5648484,0.80,"in 279 of 705 country-cohorts, the average number of children ever born among parous women was below 2.1"
2.1,2.5210085,0.80,"in 279 of 705 country-cohorts, the average number of children ever born among parous women was below 2.1"
2.103,2.5125449,0.80,"in 279 of 705 country-cohorts, the average number of children ever born among parous women was below 2.1"
2.095,2.4970202,0.80,"in 279 of 705 country-cohorts, the average number of children ever born among parous women was below 2.1"
2.077,2.4755661,0.80,"in 279 of 705 country-cohorts, the average number of children ever born among parous women was below 2.1"
2.053,2.4705174,0.80,"in 279 of 705 country-cohorts, the average number of children ever born among parous women was below 2.1"
2.04,2.4372759,0.80,"in 279 of 705 country-cohorts, the average number of children ever born among parous women was below 2.1"
2.029,2.4011834,0.80,"in 279 of 705 country-cohorts, the average number of children ever born among parous women was below 2.1"
2.016,2.3829787,0.80,"in 279 of 705 country-cohorts, the average number of children ever born among parous women was below 2.1"
,,0.80,"in 279 of 705 country-cohorts, the average number of children ever born among parous women was below 2.1"
,,0.80,"in 279 of 705 country-cohorts, the average number of children ever born among parous women was below 2.1"
,,0.80,"in 279 of 705 country-cohorts, the average number of children ever born among parous women was below 2.1"
,,0.80,"in 279 of 705 country-cohorts, the average number of children ever born among parous women was below 2.1"
,,0.80,"in 279 of 705 country-cohorts, the average number of children ever born among parous women was below 2.1"
,,0.80,"in 279 of 705 country-cohorts, the average number of children ever born among parous women was below 2.1"
,,0.80,"in 279 of 705 country-cohorts, the average number of children ever born among parous women was below 2.1"
,,0.80,"in 279 of 705 country-cohorts, the average number of children ever born among parous women was below 2.1"
,,0.80,"in 279 of 705 country-cohorts, the average number of children ever born among parous women was below 2.1"
,,0.80,"in 279 of 705 country-cohorts, the average number of children ever born among parous women was below 2.1"
,,0.80,"in 279 of 705 country-cohorts, the average number of children ever born among parous women was below 2.1"
2.775,,0.80,"in 279 of 705 country-cohorts, the average number of children ever born among parous women was below 2.1"
2.794,,0.80,"in 279 of 705 country-cohorts, the average number of children ever born among parous women was below 2.1"
2.784,,0.80,"in 279 of 705 country-cohorts, the average number of children ever born among parous women was below 2.1"
2.764,,0.80,"in 279 of 705 country-cohorts, the average number of children ever born among parous women was below 2.1"
2.72,,0.80,"in 279 of 705 country-cohorts, the average number of children ever born among parous women was below 2.1"
2.696,,0.80,"in 279 of 705 country-cohorts, the average number of children ever born among parous women was below 2.1"
2.665,,0.80,"in 279 of 705 country-cohorts, the average number of children ever born among parous women was below 2.1"
2.603,,0.80,"in 279 of 705 country-cohorts, the average number of children ever born among parous women was below 2.1"
2.547,,0.80,"in 279 of 705 country-cohorts, the average number of children ever born among parous women was below 2.1"
2.568,,0.80,"in 279 of 705 country-cohorts, the average number of children ever born among parous women was below 2.1"
2.522,,0.80,"in 279 of 705 country-cohorts, the average number of children ever born among parous women was below 2.1"
2.508,,0.80,"in 279 of 705 country-cohorts, the average number of children ever born among parous women was below 2.1"
2.516,,0.80,"in 279 of 705 country-cohorts, the average number of children ever born among parous women was below 2.1"
2.509,,0.80,"in 279 of 705 country-cohorts, the average number of children ever born among parous women was below 2.1"
2.503,,0.80,"in 279 of 705 country-cohorts, the average number of children ever born among parous women was below 2.1"
2.523,,0.80,"in 279 of 705 country-cohorts, the average number of children ever born among parous women was below 2.1"
2.48,,0.80,"in 279 of 705 country-cohorts, the average number of children ever born among parous women was below 2.1"
2.413,,0.80,"in 279 of 705 country-cohorts, the average number of children ever born among parous women was below 2.1"
2.43,,0.80,"in 279 of 705 country-cohorts, the average number of children ever born among parous women was below 2.1"
2.384,,0.80,"in 279 of 705 country-cohorts, the average number of children ever born among parous women was below 2.1"
2.34,,0.80,"in 279 of 705 country-cohorts, the average number of children ever born among parous women was below 2.1"
2.331,,0.80,"in 279 of 705 country-cohorts, the average number of children ever born among parous women was below 2.1"
2.309,,0.80,"in 279 of 705 country-cohorts, the average number of children ever born among parous women was below 2.1"
2.274,,0.80,"in 279 of 705 country-cohorts, the average number of children ever born among parous women was below 2.1"
2.252,,0.80,"in 279 of 705 country-cohorts, the average number of children ever born among parous women was below 2.1"
2.286,,0.80,"in 279 of 705 country-cohorts, the average number of children ever born among parous women was below 2.1"
2.303,,0.80,"in 279 of 705 country-cohorts, the average number of children ever born among parous women was below 2.1"
2.279,,0.80,"in 279 of 705 country-cohorts, the average number of children ever born among parous women was below 2.1"
2.238,,0.80,"in 279 of 705 country-cohorts, the average number of children ever born among parous women was below 2.1"
2.255,,0.80,"in 279 of 705 country-cohorts, the average number of children ever born among parous women was below 2.1"
2.211,2.5011313,0.80,"in 279 of 705 country-cohorts, the average number of children ever born among parous women was below 2.1"
2.223,2.4295082,0.80,"in 279 of 705 country-cohorts, the average number of children ever born among parous women was below 2.1"
2.189,2.4295228,0.80,"in 279 of 705 country-cohorts, the average number of children ever born among parous women was below 2.1"
2.249,2.4660087,0.80,"in 279 of 705 country-cohorts, the average number of children ever born among parous women was below 2.1"
2.22,2.4156692,0.80,"in 279 of 705 country-cohorts, the average number of children ever born among parous women was below 2.1"
,,0.80,"in 279 of 705 country-cohorts, the average number of children ever born among parous women was below 2.1"
,,0.80,"in 279 of 705 country-cohorts, the average number of children ever born among parous women was below 2.1"
,,0.80,"in 279 of 705 country-cohorts, the average number of children ever born among parous women was below 2.1"
,,0.80,"in 279 of 705 country-cohorts, the average number of children ever born among parous women was below 2.1"
2.214,,0.80,"in 279 of 705 country-cohorts, the average number of children ever born among parous women was below 2.1"
2.19,,0.80,"in 279 of 705 country-cohorts, the average number of children ever born among parous women was below 2.1"
2.153,,0.80,"in 279 of 705 country-cohorts, the average number of children ever born among parous women was below 2.1"
2.151,,0.80,"in 279 of 705 country-cohorts, the average number of children ever born among parous women was below 2.1"
2.142,,0.80,"in 279 of 705 country-cohorts, the average number of children ever born among parous women was below 2.1"
2.091,,0.80,"in 279 of 705 country-cohorts, the average number of children ever born among parous women was below 2.1"
2.08,,0.80,"in 279 of 705 country-cohorts, the average number of children ever born among parous women was below 2.1"
2.082,,0.80,"in 279 of 705 country-cohorts, the average number of children ever born among parous women was below 2.1"
2.025,,0.80,"in 279 of 705 country-cohorts, the average number of children ever born among parous women was below 2.1"
1.967,,0.80,"in 279 of 705 country-cohorts, the average number of children ever born among parous women was below 2.1"
1.937,,0.80,"in 279 of 705 country-cohorts, the average number of children ever born among parous women was below 2.1"
1.92,,0.80,"in 279 of 705 country-cohorts, the average number of children ever born among parous women was below 2.1"
1.895,,0.80,"in 279 of 705 country-cohorts, the average number of children ever born among parous women was below 2.1"
1.878,,0.80,"in 279 of 705 country-cohorts, the average number of children ever born among parous women was below 2.1"
1.865,,0.80,"in 279 of 705 country-cohorts, the average number of children ever born among parous women was below 2.1"
1.851,,0.80,"in 279 of 705 country-cohorts, the average number of children ever born among parous women was below 2.1"
1.826,,0.80,"in 279 of 705 country-cohorts, the average number of children ever born among parous women was below 2.1"
1.798,,0.80,"in 279 of 705 country-cohorts, the average number of children ever born among parous women was below 2.1"
1.77,,0.80,"in 279 of 705 country-cohorts, the average number of children ever born among parous women was below 2.1"
1.742,,0.80,"in 279 of 705 country-cohorts, the average number of children ever born among parous women was below 2.1"
1.72,,0.80,"in 279 of 705 country-cohorts, the average number of children ever born among parous women was below 2.1"
1.695,,0.80,"in 279 of 705 country-cohorts, the average number of children ever born among parous women was below 2.1"
1.658,,0.80,"in 279 of 705 country-cohorts, the average number of children ever born among parous women was below 2.1"
1.632,,0.80,"in 279 of 705 country-cohorts, the average number of children ever born among parous women was below 2.1"
1.607,,0.80,"in 279 of 705 country-cohorts, the average number of children ever born among parous women was below 2.1"
1.575,,0.80,"in 279 of 705 country-cohorts, the average number of children ever born among parous women was below 2.1"
1.549,,0.80,"in 279 of 705 country-cohorts, the average number of children ever born among parous women was below 2.1"
1.535,,0.80,"in 279 of 705 country-cohorts, the average number of children ever born among parous women was below 2.1"
1.528,,0.80,"in 279 of 705 country-cohorts, the average number of children ever born among parous women was below 2.1"
1.508,,0.80,"in 279 of 705 country-cohorts, the average number of children ever born among parous women was below 2.1"
1.494,,0.80,"in 279 of 705 country-cohorts, the average number of children ever born among parous women was below 2.1"
1.487,,0.80,"in 279 of 705 country-cohorts, the average number of children ever born among parous women was below 2.1"
1.477,,0.80,"in 279 of 705 country-cohorts, the average number of children ever born among parous women was below 2.1"
1.466,,0.80,"in 279 of 705 country-cohorts, the average number of children ever born among parous women was below 2.1"
1.451,,0.80,"in 279 of 705 country-cohorts, the average number of children ever born among parous women was below 2.1"
1.437,,0.80,"in 279 of 705 country-cohorts, the average number of children ever born among parous women was below 2.1"
1.428,,0.80,"in 279 of 705 country-cohorts, the average number of children ever born among parous women was below 2.1"
1.43,,0.80,"in 279 of 705 country-cohorts, the average number of children ever born among parous women was below 2.1"
1.429,,0.80,"in 279 of 705 country-cohorts, the average number of children ever born among parous women was below 2.1"
1.421,,0.80,"in 279 of 705 country-cohorts, the average number of children ever born among parous women was below 2.1"
,,0.80,"in 279 of 705 country-cohorts, the average number of children ever born among parous women was below 2.1"
2.049,,0.80,"in 279 of 705 country-cohorts, the average number of children ever born among parous women was below 2.1"
2.044,,0.80,"in 279 of 705 country-cohorts, the average number of children ever born among parous women was below 2.1"
2.054,,0.80,"in 279 of 705 country-cohorts, the average number of children ever born among parous women was below 2.1"
2.024,,0.80,"in 279 of 705 country-cohorts, the average number of children ever born among parous women was below 2.1"
2.021,,0.80,"in 279 of 705 country-cohorts, the average number of children ever born among parous women was below 2.1"
2.061,,0.80,"in 279 of 705 country-cohorts, the average number of children ever born among parous women was below 2.1"
2.063,,0.80,"in 279 of 705 country-cohorts, the average number of children ever born among parous women was below 2.1"
2.041,,0.80,"in 279 of 705 country-cohorts, the average number of children ever born among parous women was below 2.1"
2.044,,0.80,"in 279 of 705 country-cohorts, the average number of children ever born among parous women was below 2.1"
2.029,,0.80,"in 279 of 705 country-cohorts, the average number of children ever born among parous women was below 2.1"
1.969,,0.80,"in 279 of 705 country-cohorts, the average number of children ever born among parous women was below 2.1"
1.956,,0.80,"in 279 of 705 country-cohorts, the average number of children ever born among parous women was below 2.1"
1.986,,0.80,"in 279 of 705 country-cohorts, the average number of children ever born among parous women was below 2.1"
1.993,,0.80,"in 279 of 705 country-cohorts, the average number of children ever born among parous women was below 2.1"
1.995,,0.80,"in 279 of 705 country-cohorts, the average number of children ever born among parous women was below 2.1"
1.971,,0.80,"in 279 of 705 country-cohorts, the average number of children ever born among parous women was below 2.1"
1.964,,0.80,"in 279 of 705 country-cohorts, the average number of children ever born among parous women was below 2.1"
1.985,,0.80,"in 279 of 705 country-cohorts, the average number of children ever born among parous women was below 2.1"
1.99,2.2409909,0.80,"in 279 of 705 country-cohorts, the average number of children ever born among parous women was below 2.1"
1.985,2.248018,0.80,"in 279 of 705 country-cohorts, the average number of children ever born among parous women was below 2.1"
1.979,2.2463109,0.80,"in 279 of 705 country-cohorts, the average number of children ever born among parous women was below 2.1"
1.948,2.241657,0.80,"in 279 of 705 country-cohorts, the average number of children ever born among parous women was below 2.1"
1.92,2.2325583,0.80,"in 279 of 705 country-cohorts, the average number of children ever born among parous women was below 2.1"
1.91,2.2235157,0.80,"in 279 of 705 country-cohorts, the average number of children ever born among parous women was below 2.1"
1.872,2.2075472,0.80,"in 279 of 705 country-cohorts, the average number of children ever born among parous women was below 2.1"
1.827,2.1906474,0.80,"in 279 of 705 country-cohorts, the average number of children ever born among parous women was below 2.1"
1.786,2.1701093,0.80,"in 279 of 705 country-cohorts, the average number of children ever born among parous women was below 2.1"
1.744,2.1477833,0.80,"in 279 of 705 country-cohorts, the average number of children ever born among parous women was below 2.1"
1.699,2.1264081,0.80,"in 279 of 705 country-cohorts, the average number of children ever born among parous women was below 2.1"
1.689,2.1059849,0.80,"in 279 of 705 country-cohorts, the average number of children ever born among parous women was below 2.1"
1.626,2.0872915,0.80,"in 279 of 705 country-cohorts, the average number of children ever born among parous women was below 2.1"
1.527,2.0691056,0.80,"in 279 of 705 country-cohorts, the average number of children ever born among parous women was below 2.1"
1.544,2.0504649,0.80,"in 279 of 705 country-cohorts, the average number of children ever born among parous women was below 2.1"
1.538,2.0343916,0.80,"in 279 of 705 country-cohorts, the average number of children ever born among parous women was below 2.1"
1.487,2.0231292,0.80,"in 279 of 705 country-cohorts, the average number of children ever born among parous women was below 2.1"
1.47,2.0109439,0.80,"in 279 of 705 country-cohorts, the average number of children ever born among parous women was below 2.1"
1.455,2.0013754,0.80,"in 279 of 705 country-cohorts, the average number of children ever born among parous women was below 2.1"
1.445,1.9958564,0.80,"in 279 of 705 country-cohorts, the average number of children ever born among parous women was below 2.1"
1.443,1.9958506,0.80,"in 279 of 705 country-cohorts, the average number of children ever born among parous women was below 2.1"
1.438,1.9944521,0.80,"in 279 of 705 country-cohorts, the average number of children ever born among parous women was below 2.1"
1.432,1.9972106,0.80,"in 279 of 705 country-cohorts, the average number of children ever born among parous women was below 2.1"
1.439,2.0041783,0.80,"in 279 of 705 country-cohorts, the average number of children ever born among parous women was below 2.1"
1.455,2.0096686,0.80,"in 279 of 705 country-cohorts, the average number of children ever born among parous women was below 2.1"
1.471,2.0178328,0.80,"in 279 of 705 country-cohorts, the average number of children ever born among parous women was below 2.1"
1.479,2.0315933,0.80,"in 279 of 705 country-cohorts, the average number of children ever born among parous women was below 2.1"
,,0.80,"in 279 of 705 country-cohorts, the average number of children ever born among parous women was below 2.1"
,,0.80,"in 279 of 705 country-cohorts, the average number of children ever born among parous women was below 2.1"
,,0.80,"in 279 of 705 country-cohorts, the average number of children ever born among parous women was below 2.1"
,,0.80,"in 279 of 705 country-cohorts, the average number of children ever born among parous women was below 2.1"
,,0.80,"in 279 of 705 country-cohorts, the average number of children ever born among parous women was below 2.1"
,,0.80,"in 279 of 705 country-cohorts, the average number of children ever born among parous women was below 2.1"
,,0.80,"in 279 of 705 country-cohorts, the average number of children ever born among parous women was below 2.1"
,,0.80,"in 279 of 705 country-cohorts, the average number of children ever born among parous women was below 2.1"
,,0.80,"in 279 of 705 country-cohorts, the average number of children ever born among parous women was below 2.1"
,,0.80,"in 279 of 705 country-cohorts, the average number of children ever born among parous women was below 2.1"
,,0.80,"in 279 of 705 country-cohorts, the average number of children ever born among parous women was below 2.1"
,,0.80,"in 279 of 705 country-cohorts, the average number of children ever born among parous women was below 2.1"
,,0.80,"in 279 of 705 country-cohorts, the average number of children ever born among parous women was below 2.1"
,,0.80,"in 279 of 705 country-cohorts, the average number of children ever born among parous women was below 2.1"
,,0.80,"in 279 of 705 country-cohorts, the average number of children ever born among parous women was below 2.1"
,,0.80,"in 279 of 705 country-cohorts, the average number of children ever born among parous women was below 2.1"
,,0.80,"in 279 of 705 country-cohorts, the average number of children ever born among parous women was below 2.1"
,,0.80,"in 279 of 705 country-cohorts, the average number of children ever born among parous women was below 2.1"
,,0.80,"in 279 of 705 country-cohorts, the average number of children ever born among parous women was below 2.1"
,,0.80,"in 279 of 705 country-cohorts, the average number of children ever born among parous women was below 2.1"
,,0.80,"in 279 of 705 country-cohorts, the average number of children ever born among parous women was below 2.1"
,,0.80,"in 279 of 705 country-cohorts, the average number of children ever born among parous women was below 2.1"
,,0.80,"in 279 of 705 country-cohorts, the average number of children ever born among parous women was below 2.1"
,,0.80,"in 279 of 705 country-cohorts, the average number of children ever born among parous women was below 2.1"
,,0.80,"in 279 of 705 country-cohorts, the average number of children ever born among parous women was below 2.1"
,,0.80,"in 279 of 705 country-cohorts, the average number of children ever born among parous women was below 2.1"
,,0.80,"in 279 of 705 country-cohorts, the average number of children ever born among parous women was below 2.1"
,,0.80,"in 279 of 705 country-cohorts, the average number of children ever born among parous women was below 2.1"
,,0.80,"in 279 of 705 country-cohorts, the average number of children ever born among parous women was below 2.1"
,,0.80,"in 279 of 705 country-cohorts, the average number of children ever born among parous women was below 2.1"
,,0.80,"in 279 of 705 country-cohorts, the average number of children ever born among parous women was below 2.1"
,,0.80,"in 279 of 705 country-cohorts, the average number of children ever born among parous women was below 2.1"
,,0.80,"in 279 of 705 country-cohorts, the average number of children ever born among parous women was below 2.1"
,,0.80,"in 279 of 705 country-cohorts, the average number of children ever born among parous women was below 2.1"
,,0.80,"in 279 of 705 country-cohorts, the average number of children ever born among parous women was below 2.1"
,,0.80,"in 279 of 705 country-cohorts, the average number of children ever born among parous women was below 2.1"
,,0.80,"in 279 of 705 country-cohorts, the average number of children ever born among parous women was below 2.1"
,,0.80,"in 279 of 705 country-cohorts, the average number of children ever born among parous women was below 2.1"
,,0.80,"in 279 of 705 country-cohorts, the average number of children ever born among parous women was below 2.1"
,,0.80,"in 279 of 705 country-cohorts, the average number of children ever born among parous women was below 2.1"
,,0.80,"in 279 of 705 country-cohorts, the average number of children ever born among parous women was below 2.1"
,,0.80,"in 279 of 705 country-cohorts, the average number of children ever born among parous women was below 2.1"
,,0.80,"in 279 of 705 country-cohorts, the average number of children ever born among parous women was below 2.1"
,,0.80,"in 279 of 705 country-cohorts, the average number of children ever born among parous women was below 2.1"
,,0.80,"in 279 of 705 country-cohorts, the average number of children ever born among parous women was below 2.1"
,,0.80,"in 279 of 705 country-cohorts, the average number of children ever born among parous women was below 2.1"
,,0.80,"in 279 of 705 country-cohorts, the average number of children ever born among parous women was below 2.1"
,,0.80,"in 279 of 705 country-cohorts, the average number of children ever born among parous women was below 2.1"
,,0.80,"in 279 of 705 country-cohorts, the average number of children ever born among parous women was below 2.1"
,,0.80,"in 279 of 705 country-cohorts, the average number of children ever born among parous women was below 2.1"
,,0.80,"in 279 of 705 country-cohorts, the average number of children ever born among parous women was below 2.1"
,,0.80,"in 279 of 705 country-cohorts, the average number of children ever born among parous women was below 2.1"
,,0.80,"in 279 of 705 country-cohorts, the average number of children ever born among parous women was below 2.1"
,,0.80,"in 279 of 705 country-cohorts, the average number of children ever born among parous women was below 2.1"
1.991,,0.80,"in 279 of 705 country-cohorts, the average number of children ever born among parous women was below 2.1"
1.978,,0.80,"in 279 of 705 country-cohorts, the average number of children ever born among parous women was below 2.1"
1.989,,0.80,"in 279 of 705 country-cohorts, the average number of children ever born among parous women was below 2.1"
1.995,,0.80,"in 279 of 705 country-cohorts, the average number of children ever born among parous women was below 2.1"
2.035,,0.80,"in 279 of 705 country-cohorts, the average number of children ever born among parous women was below 2.1"
2.058,,0.80,"in 279 of 705 country-cohorts, the average number of children ever born among parous women was below 2.1"
2.01,,0.80,"in 279 of 705 country-cohorts, the average number of children ever born among parous women was below 2.1"
1.999,,0.80,"in 279 of 705 country-cohorts, the average number of children ever born among parous women was below 2.1"
1.971,,0.80,"in 279 of 705 country-cohorts, the average number of children ever born among parous women was below 2.1"
1.93,,0.80,"in 279 of 705 country-cohorts, the average number of children ever born among parous women was below 2.1"
1.951,,0.80,"in 279 of 705 country-cohorts, the average number of children ever born among parous women was below 2.1"
1.95,2.0656779,0.80,"in 279 of 705 country-cohorts, the average number of children ever born among parous women was below 2.1"
1.954,2.0611815,0.80,"in 279 of 705 country-cohorts, the average number of children ever born among parous women was below 2.1"
1.993,2.0399182,0.80,"in 279 of 705 country-cohorts, the average number of children ever born among parous women was below 2.1"
1.949,2.0010266,0.80,"in 279 of 705 country-cohorts, the average number of children ever born among parous women was below 2.1"
1.929,1.9804928,0.80,"in 279 of 705 country-cohorts, the average number of children ever born among parous women was below 2.1"
1.911,1.9782609,0.80,"in 279 of 705 country-cohorts, the average number of children ever born among parous women was below 2.1"
1.824,1.9956236,0.80,"in 279 of 705 country-cohorts, the average number of children ever born among parous women was below 2.1"
1.755,2.0242214,0.80,"in 279 of 705 country-cohorts, the average number of children ever born among parous women was below 2.1"
1.736,2.0304093,0.80,"in 279 of 705 country-cohorts, the average number of children ever born among parous women was below 2.1"
1.722,2.0330579,0.80,"in 279 of 705 country-cohorts, the average number of children ever born among parous women was below 2.1"
1.734,2.0448112,0.80,"in 279 of 705 country-cohorts, the average number of children ever born among parous women was below 2.1"
1.731,2.0388691,0.80,"in 279 of 705 country-cohorts, the average number of children ever born among parous women was below 2.1"
1.731,2.026932,0.80,"in 279 of 705 country-cohorts, the average number of children ever born among parous women was below 2.1"
1.754,2.0045714,0.80,"in 279 of 705 country-cohorts, the average number of children ever born among parous women was below 2.1"
1.767,2.0034013,0.80,"in 279 of 705 country-cohorts, the average number of children ever born among parous women was below 2.1"
1.742,1.986317,0.80,"in 279 of 705 country-cohorts, the average number of children ever born among parous women was below 2.1"
1.728,1.9884925,0.80,"in 279 of 705 country-cohorts, the average number of children ever born among parous women was below 2.1"
1.698,1.9952997,0.80,"in 279 of 705 country-cohorts, the average number of children ever born among parous women was below 2.1"
1.699,2.0082743,0.80,"in 279 of 705 country-cohorts, the average number of children ever born among parous women was below 2.1"
1.726,2.0023203,0.80,"in 279 of 705 country-cohorts, the average number of children ever born among parous women was below 2.1"
1.741,2.0244186,0.80,"in 279 of 705 country-cohorts, the average number of children ever born among parous women was below 2.1"
1.771,2.0473988,0.80,"in 279 of 705 country-cohorts, the average number of children ever born among parous women was below 2.1"
,,0.80,"in 279 of 705 country-cohorts, the average number of children ever born among parous women was below 2.1"
,,0.80,"in 279 of 705 country-cohorts, the average number of children ever born among parous women was below 2.1"
,,0.80,"in 279 of 705 country-cohorts, the average number of children ever born among parous women was below 2.1"
2.499,2.8301246,0.80,"in 279 of 705 country-cohorts, the average number of children ever born among parous women was below 2.1"
2.432,2.7604995,0.80,"in 279 of 705 country-cohorts, the average number of children ever born among parous women was below 2.1"
2.407,2.6804008,0.80,"in 279 of 705 country-cohorts, the average number of children ever born among parous women was below 2.1"
2.317,2.6359499,0.80,"in 279 of 705 country-cohorts, the average number of children ever born among parous women was below 2.1"
2.267,2.5644796,0.80,"in 279 of 705 country-cohorts, the average number of children ever born among parous women was below 2.1"
2.214,2.5130534,0.80,"in 279 of 705 country-cohorts, the average number of children ever born among parous women was below 2.1"
2.184,2.4266667,0.80,"in 279 of 705 country-cohorts, the average number of children ever born among parous women was below 2.1"
2.124,2.3892014,0.80,"in 279 of 705 country-cohorts, the average number of children ever born among parous women was below 2.1"
2.081,2.3199553,0.80,"in 279 of 705 country-cohorts, the average number of children ever born among parous women was below 2.1"
2.047,2.2871509,0.80,"in 279 of 705 country-cohorts, the average number of children ever born among parous women was below 2.1"
1.997,2.2616081,0.80,"in 279 of 705 country-cohorts, the average number of children ever born among parous women was below 2.1"
1.947,2.204983,0.80,"in 279 of 705 country-cohorts, the average number of children ever born among parous women was below 2.1"
1.919,2.2006881,0.80,"in 279 of 705 country-cohorts, the average number of children ever born among parous women was below 2.1"
1.917,2.1983945,0.80,"in 279 of 705 country-cohorts, the average number of children ever born among parous women was below 2.1"
1.89,2.195122,0.80,"in 279 of 705 country-cohorts, the average number of children ever born among parous women was below 2.1"
1.9,2.2248244,0.80,"in 279 of 705 country-cohorts, the average number of children ever born among parous women was below 2.1"
1.875,2.2136953,0.80,"in 279 of 705 country-cohorts, the average number of children ever born among parous women was below 2.1"
1.875,2.2294886,0.80,"in 279 of 705 country-cohorts, the average number of children ever born among parous women was below 2.1"
1.869,2.232975,0.80,"in 279 of 705 country-cohorts, the average number of children ever born among parous women was below 2.1"
1.876,2.2467065,0.80,"in 279 of 705 country-cohorts, the average number of children ever born among parous women was below 2.1"
1.868,2.2533174,0.80,"in 279 of 705 country-cohorts, the average number of children ever born among parous women was below 2.1"
1.874,2.2578313,0.80,"in 279 of 705 country-cohorts, the average number of children ever born among parous women was below 2.1"
1.871,2.2596619,0.80,"in 279 of 705 country-cohorts, the average number of children ever born among parous women was below 2.1"
1.867,2.2685297,0.80,"in 279 of 705 country-cohorts, the average number of children ever born among parous women was below 2.1"
1.853,2.2515187,0.80,"in 279 of 705 country-cohorts, the average number of children ever born among parous women was below 2.1"
1.863,2.25,0.80,"in 279 of 705 country-cohorts, the average number of children ever born among parous women was below 2.1"
1.83,2.2317073,0.80,"in 279 of 705 country-cohorts, the average number of children ever born among parous women was below 2.1"
1.831,2.2247875,0.80,"in 279 of 705 country-cohorts, the average number of children ever born among parous women was below 2.1"
1.809,2.2060976,0.80,"in 279 of 705 country-cohorts, the average number of children ever born among parous women was below 2.1"
1.794,2.1931541,0.80,"in 279 of 705 country-cohorts, the average number of children ever born among parous women was below 2.1"
1.785,2.1794872,0.80,"in 279 of 705 country-cohorts, the average number of children ever born among parous women was below 2.1"
1.777,2.1723716,0.80,"in 279 of 705 country-cohorts, the average number of children ever born among parous women was below 2.1"
1.769,2.1599512,0.80,"in 279 of 705 country-cohorts, the average number of children ever born among parous women was below 2.1"
1.768,2.1456311,0.80,"in 279 of 705 country-cohorts, the average number of children ever born among parous women was below 2.1"
1.756,2.131068,0.80,"in 279 of 705 country-cohorts, the average number of children ever born among parous women was below 2.1"
1.758,2.1334951,0.80,"in 279 of 705 country-cohorts, the average number of children ever born among parous women was below 2.1"
1.753,2.130012,0.80,"in 279 of 705 country-cohorts, the average number of children ever born among parous women was below 2.1"
1.765,2.1342201,0.80,"in 279 of 705 country-cohorts, the average number of children ever born among parous women was below 2.1"
1.768,2.1352656,0.80,"in 279 of 705 country-cohorts, the average number of children ever born among parous women was below 2.1"
1.778,2.1370192,0.80,"in 279 of 705 country-cohorts, the average number of children ever born among parous women was below 2.1"
1.782,2.1418269,0.80,"in 279 of 705 country-cohorts, the average number of children ever born among parous women was below 2.1"
1.782,2.1392558,0.80,"in 279 of 705 country-cohorts, the average number of children ever born among parous women was below 2.1"
1.8,2.1479714,0.80,"in 279 of 705 country-cohorts, the average number of children ever born among parous women was below 2.1"
1.786,2.1363637,0.80,"in 279 of 705 country-cohorts, the average number of children ever born among parous women was below 2.1"
1.792,2.1409798,0.80,"in 279 of 705 country-cohorts, the average number of children ever born among parous women was below 2.1"
,,0.80,"in 279 of 705 country-cohorts, the average number of children ever born among parous women was below 2.1"
,,0.80,"in 279 of 705 country-cohorts, the average number of children ever born among parous women was below 2.1"
,,0.80,"in 279 of 705 country-cohorts, the average number of children ever born among parous women was below 2.1"
,,0.80,"in 279 of 705 country-cohorts, the average number of children ever born among parous women was below 2.1"
,,0.80,"in 279 of 705 country-cohorts, the average number of children ever born among parous women was below 2.1"
,,0.80,"in 279 of 705 country-cohorts, the average number of children ever born among parous women was below 2.1"
,,0.80,"in 279 of 705 country-cohorts, the average number of children ever born among parous women was below 2.1"
,,0.80,"in 279 of 705 country-cohorts, the average number of children ever born among parous women was below 2.1"
,,0.80,"in 279 of 705 country-cohorts, the average number of children ever born among parous women was below 2.1"
,,0.80,"in 279 of 705 country-cohorts, the average number of children ever born among parous women was below 2.1"
,,0.80,"in 279 of 705 country-cohorts, the average number of children ever born among parous women was below 2.1"
,,0.80,"in 279 of 705 country-cohorts, the average number of children ever born among parous women was below 2.1"
,,0.80,"in 279 of 705 country-cohorts, the average number of children ever born among parous women was below 2.1"
,,0.80,"in 279 of 705 country-cohorts, the average number of children ever born among parous women was below 2.1"
,,0.80,"in 279 of 705 country-cohorts, the average number of children ever born among parous women was below 2.1"
,,0.80,"in 279 of 705 country-cohorts, the average number of children ever born among parous women was below 2.1"
,,0.80,"in 279 of 705 country-cohorts, the average number of children ever born among parous women was below 2.1"
2.062,2.3142536,0.80,"in 279 of 705 country-cohorts, the average number of children ever born among parous women was below 2.1"
2.041,2.3036118,0.80,"in 279 of 705 country-cohorts, the average number of children ever born among parous women was below 2.1"
2.048,2.3219955,0.80,"in 279 of 705 country-cohorts, the average number of children ever born among parous women was below 2.1"
2.051,2.3253968,0.80,"in 279 of 705 country-cohorts, the average number of children ever born among parous women was below 2.1"
2.054,2.3287983,0.80,"in 279 of 705 country-cohorts, the average number of children ever born among parous women was below 2.1"
2.062,2.3485193,0.80,"in 279 of 705 country-cohorts, the average number of children ever born among parous women was below 2.1"
2.07,2.3603194,0.80,"in 279 of 705 country-cohorts, the average number of children ever born among parous women was below 2.1"
2.08,2.3636363,0.80,"in 279 of 705 country-cohorts, the average number of children ever born among parous women was below 2.1"
2.092,2.3772728,0.80,"in 279 of 705 country-cohorts, the average number of children ever born among parous women was below 2.1"
2.088,2.3754265,0.80,"in 279 of 705 country-cohorts, the average number of children ever born among parous women was below 2.1"
2.092,2.3799772,0.80,"in 279 of 705 country-cohorts, the average number of children ever born among parous women was below 2.1"
2.084,2.3735764,0.80,"in 279 of 705 country-cohorts, the average number of children ever born among parous women was below 2.1"
2.081,2.3701594,0.80,"in 279 of 705 country-cohorts, the average number of children ever born among parous women was below 2.1"
2.074,2.3514738,0.80,"in 279 of 705 country-cohorts, the average number of children ever born among parous women was below 2.1"
2.075,2.3419864,0.80,"in 279 of 705 country-cohorts, the average number of children ever born among parous women was below 2.1"
2.071,2.3374717,0.80,"in 279 of 705 country-cohorts, the average number of children ever born among parous women was below 2.1"
2.079,2.3307176,0.80,"in 279 of 705 country-cohorts, the average number of children ever born among parous women was below 2.1"
2.067,2.330327,0.80,"in 279 of 705 country-cohorts, the average number of children ever born among parous women was below 2.1"
2.062,2.3194602,0.80,"in 279 of 705 country-cohorts, the average number of children ever born among parous women was below 2.1"
2.047,2.3025873,0.80,"in 279 of 705 country-cohorts, the average number of children ever born among parous women was below 2.1"
2.043,2.2903588,0.80,"in 279 of 705 country-cohorts, the average number of children ever born among parous women was below 2.1"
2.04,2.2818792,0.80,"in 279 of 705 country-cohorts, the average number of children ever born among parous women was below 2.1"
2.024,2.2767155,0.80,"in 279 of 705 country-cohorts, the average number of children ever born among parous women was below 2.1"
2.02,2.2799096,0.80,"in 279 of 705 country-cohorts, the average number of children ever born among parous women was below 2.1"
2.019,2.2787809,0.80,"in 279 of 705 country-cohorts, the average number of children ever born among parous women was below 2.1"
2.011,2.2570145,0.80,"in 279 of 705 country-cohorts, the average number of children ever born among parous women was below 2.1"
1.982,2.2471654,0.80,"in 279 of 705 country-cohorts, the average number of children ever born among parous women was below 2.1"
1.967,2.2301588,0.80,"in 279 of 705 country-cohorts, the average number of children ever born among parous women was below 2.1"
,,0.80,"in 279 of 705 country-cohorts, the average number of children ever born among parous women was below 2.1"
,,0.80,"in 279 of 705 country-cohorts, the average number of children ever born among parous women was below 2.1"
,,0.80,"in 279 of 705 country-cohorts, the average number of children ever born among parous women was below 2.1"
,,0.80,"in 279 of 705 country-cohorts, the average number of children ever born among parous women was below 2.1"
,,0.80,"in 279 of 705 country-cohorts, the average number of children ever born among parous women was below 2.1"
,,0.80,"in 279 of 705 country-cohorts, the average number of children ever born among parous women was below 2.1"
,,0.80,"in 279 of 705 country-cohorts, the average number of children ever born among parous women was below 2.1"
,,0.80,"in 279 of 705 country-cohorts, the average number of children ever born among parous women was below 2.1"
,,0.80,"in 279 of 705 country-cohorts, the average number of children ever born among parous women was below 2.1"
,,0.80,"in 279 of 705 country-cohorts, the average number of children ever born among parous women was below 2.1"
,,0.80,"in 279 of 705 country-cohorts, the average number of children ever born among parous women was below 2.1"
,,0.80,"in 279 of 705 country-cohorts, the average number of children ever born among parous women was below 2.1"
,,0.80,"in 279 of 705 country-cohorts, the average number of children ever born among parous women was below 2.1"
,,0.80,"in 279 of 705 country-cohorts, the average number of children ever born among parous women was below 2.1"
,,0.80,"in 279 of 705 country-cohorts, the average number of children ever born among parous women was below 2.1"
,,0.80,"in 279 of 705 country-cohorts, the average number of children ever born among parous women was below 2.1"
,,0.80,"in 279 of 705 country-cohorts, the average number of children ever born among parous women was below 2.1"
,,0.80,"in 279 of 705 country-cohorts, the average number of children ever born among parous women was below 2.1"
,,0.80,"in 279 of 705 country-cohorts, the average number of children ever born among parous women was below 2.1"
,,0.80,"in 279 of 705 country-cohorts, the average number of children ever born among parous women was below 2.1"
,,0.80,"in 279 of 705 country-cohorts, the average number of children ever born among parous women was below 2.1"
2.181,2.4341519,0.80,"in 279 of 705 country-cohorts, the average number of children ever born among parous women was below 2.1"
2.197,2.446548,0.80,"in 279 of 705 country-cohorts, the average number of children ever born among parous women was below 2.1"
2.203,2.4369469,0.80,"in 279 of 705 country-cohorts, the average number of children ever born among parous women was below 2.1"
2.212,2.4388092,0.80,"in 279 of 705 country-cohorts, the average number of children ever born among parous women was below 2.1"
2.17,2.4300113,0.80,"in 279 of 705 country-cohorts, the average number of children ever born among parous women was below 2.1"
2.145,2.4209933,0.80,"in 279 of 705 country-cohorts, the average number of children ever born among parous women was below 2.1"
2.109,2.4130435,0.80,"in 279 of 705 country-cohorts, the average number of children ever born among parous women was below 2.1"
2.072,2.3981481,0.80,"in 279 of 705 country-cohorts, the average number of children ever born among parous women was below 2.1"
2.05,2.3672056,0.80,"in 279 of 705 country-cohorts, the average number of children ever born among parous women was below 2.1"
2.03,2.344111,0.80,"in 279 of 705 country-cohorts, the average number of children ever born among parous women was below 2.1"
2.001,2.3213458,0.80,"in 279 of 705 country-cohorts, the average number of children ever born among parous women was below 2.1"
1.967,2.2872093,0.80,"in 279 of 705 country-cohorts, the average number of children ever born among parous women was below 2.1"
1.916,2.2488263,0.80,"in 279 of 705 country-cohorts, the average number of children ever born among parous women was below 2.1"
1.891,2.2116959,0.80,"in 279 of 705 country-cohorts, the average number of children ever born among parous women was below 2.1"
1.818,2.169451,0.80,"in 279 of 705 country-cohorts, the average number of children ever born among parous women was below 2.1"
1.768,2.13269,0.80,"in 279 of 705 country-cohorts, the average number of children ever born among parous women was below 2.1"
1.709,2.0917993,0.80,"in 279 of 705 country-cohorts, the average number of children ever born among parous women was below 2.1"
1.672,2.0591133,0.80,"in 279 of 705 country-cohorts, the average number of children ever born among parous women was below 2.1"
1.641,2.023428,0.80,"in 279 of 705 country-cohorts, the average number of children ever born among parous women was below 2.1"
1.599,1.9937656,0.80,"in 279 of 705 country-cohorts, the average number of children ever born among parous women was below 2.1"
1.573,1.9736512,0.80,"in 279 of 705 country-cohorts, the average number of children ever born among parous women was below 2.1"
1.544,1.966879,0.80,"in 279 of 705 country-cohorts, the average number of children ever born among parous women was below 2.1"
1.515,1.9548388,0.80,"in 279 of 705 country-cohorts, the average number of children ever born among parous women was below 2.1"
1.48,1.9525065,0.80,"in 279 of 705 country-cohorts, the average number of children ever born among parous women was below 2.1"
2.876,,0.80,"in 279 of 705 country-cohorts, the average number of children ever born among parous women was below 2.1"
2.864,,0.80,"in 279 of 705 country-cohorts, the average number of children ever born among parous women was below 2.1"
2.847,,0.80,"in 279 of 705 country-cohorts, the average number of children ever born among parous women was below 2.1"
2.856,,0.80,"in 279 of 705 country-cohorts, the average number of children ever born among parous women was below 2.1"
2.801,,0.80,"in 279 of 705 country-cohorts, the average number of children ever born among parous women was below 2.1"
2.663,,0.80,"in 279 of 705 country-cohorts, the average number of children ever born among parous women was below 2.1"
2.606,,0.80,"in 279 of 705 country-cohorts, the average number of children ever born among parous women was below 2.1"
2.548,,0.80,"in 279 of 705 country-cohorts, the average number of children ever born among parous women was below 2.1"
2.527,,0.80,"in 279 of 705 country-cohorts, the average number of children ever born among parous women was below 2.1"
2.495,2.5227501,0.80,"in 279 of 705 country-cohorts, the average number of children ever born among parous women was below 2.1"
2.405,2.4540815,0.80,"in 279 of 705 country-cohorts, the average number of children ever born among parous women was below 2.1"
2.35,2.3930755,0.80,"in 279 of 705 country-cohorts, the average number of children ever born among parous women was below 2.1"
2.256,2.3162217,0.80,"in 279 of 705 country-cohorts, the average number of children ever born among parous women was below 2.1"
2.204,2.2886813,0.80,"in 279 of 705 country-cohorts, the average number of children ever born among parous women was below 2.1"
2.129,2.2529101,0.80,"in 279 of 705 country-cohorts, the average number of children ever born among parous women was below 2.1"
2.093,2.2171609,0.80,"in 279 of 705 country-cohorts, the average number of children ever born among parous women was below 2.1"
2.07,2.2068231,0.80,"in 279 of 705 country-cohorts, the average number of children ever born among parous women was below 2.1"
2.055,2.2002141,0.80,"in 279 of 705 country-cohorts, the average number of children ever born among parous women was below 2.1"
2.035,2.1788008,0.80,"in 279 of 705 country-cohorts, the average number of children ever born among parous women was below 2.1"
2.027,2.1427062,0.80,"in 279 of 705 country-cohorts, the average number of children ever born among parous women was below 2.1"
2.039,2.0998969,0.80,"in 279 of 705 country-cohorts, the average number of children ever born among parous women was below 2.1"
2.033,2.0958762,0.80,"in 279 of 705 country-cohorts, the average number of children ever born among parous women was below 2.1"
1.989,2.063278,0.80,"in 279 of 705 country-cohorts, the average number of children ever born among parous women was below 2.1"
1.989,2.0462964,0.80,"in 279 of 705 country-cohorts, the average number of children ever born among parous women was below 2.1"
1.947,2.0239086,0.80,"in 279 of 705 country-cohorts, the average number of children ever born among parous women was below 2.1"
1.909,1.9906152,0.80,"in 279 of 705 country-cohorts, the average number of children ever born among parous women was below 2.1"
1.884,1.9873418,0.80,"in 279 of 705 country-cohorts, the average number of children ever born among parous women was below 2.1"
1.897,1.9576883,0.80,"in 279 of 705 country-cohorts, the average number of children ever born among parous women was below 2.1"
1.849,1.9361256,0.80,"in 279 of 705 country-cohorts, the average number of children ever born among parous women was below 2.1"
1.839,1.9136317,0.80,"in 279 of 705 country-cohorts, the average number of children ever born among parous women was below 2.1"
1.838,1.8968009,0.80,"in 279 of 705 country-cohorts, the average number of children ever born among parous women was below 2.1"
1.819,1.8675565,0.80,"in 279 of 705 country-cohorts, the average number of children ever born among parous women was below 2.1"
1.803,1.8568486,0.80,"in 279 of 705 country-cohorts, the average number of children ever born among parous women was below 2.1"
1.757,1.8397906,0.80,"in 279 of 705 country-cohorts, the average number of children ever born among parous women was below 2.1"
1.725,1.8253968,0.80,"in 279 of 705 country-cohorts, the average number of children ever born among parous women was below 2.1"
1.692,1.8076923,0.80,"in 279 of 705 country-cohorts, the average number of children ever born among parous women was below 2.1"
1.665,1.7826552,0.80,"in 279 of 705 country-cohorts, the average number of children ever born among parous women was below 2.1"
1.656,1.7825619,0.80,"in 279 of 705 country-cohorts, the average number of children ever born among parous women was below 2.1"
1.636,1.7648327,0.80,"in 279 of 705 country-cohorts, the average number of children ever born among parous women was below 2.1"
1.598,1.7618523,0.80,"in 279 of 705 country-cohorts, the average number of children ever born among parous women was below 2.1"
1.596,1.7480832,0.80,"in 279 of 705 country-cohorts, the average number of children ever born among parous women was below 2.1"
1.591,1.7407002,0.80,"in 279 of 705 country-cohorts, the average number of children ever born among parous women was below 2.1"
1.592,1.7494506,0.80,"in 279 of 705 country-cohorts, the average number of children ever born among parous women was below 2.1"
1.577,1.7464008,0.80,"in 279 of 705 country-cohorts, the average number of children ever born among parous women was below 2.1"
1.572,1.7447281,0.80,"in 279 of 705 country-cohorts, the average number of children ever born among parous women was below 2.1"
,,0.80,"in 279 of 705 country-cohorts, the average number of children ever born among parous women was below 2.1"
,,0.80,"in 279 of 705 country-cohorts, the average number of children ever born among parous women was below 2.1"
,,0.80,"in 279 of 705 country-cohorts, the average number of children ever born among parous women was below 2.1"
,,0.80,"in 279 of 705 country-cohorts, the average number of children ever born among parous women was below 2.1"
,,0.80,"in 279 of 705 country-cohorts, the average number of children ever born among parous women was below 2.1"
,,0.80,"in 279 of 705 country-cohorts, the average number of children ever born among parous women was below 2.1"
,,0.80,"in 279 of 705 country-cohorts, the average number of children ever born among parous women was below 2.1"
,,0.80,"in 279 of 705 country-cohorts, the average number of children ever born among parous women was below 2.1"
,,0.80,"in 279 of 705 country-cohorts, the average number of children ever born among parous women was below 2.1"
1.815,1.9728261,0.80,"in 279 of 705 country-cohorts, the average number of children ever born among parous women was below 2.1"
1.781,1.937976,0.80,"in 279 of 705 country-cohorts, the average number of children ever born among parous women was below 2.1"
1.836,1.9346681,0.80,"in 279 of 705 country-cohorts, the average number of children ever born among parous women was below 2.1"
1.766,1.9470782,0.80,"in 279 of 705 country-cohorts, the average number of children ever born among parous women was below 2.1"
1.784,1.9497268,0.80,"in 279 of 705 country-cohorts, the average number of children ever born among parous women was below 2.1"
1.89,1.9626168,0.80,"in 279 of 705 country-cohorts, the average number of children ever born among parous women was below 2.1"
1.854,1.9807693,0.80,"in 279 of 705 country-cohorts, the average number of children ever born among parous women was below 2.1"
1.889,2.0010593,0.80,"in 279 of 705 country-cohorts, the average number of children ever born among parous women was below 2.1"
1.876,2.0150375,0.80,"in 279 of 705 country-cohorts, the average number of children ever born among parous women was below 2.1"
1.862,2.0239131,0.80,"in 279 of 705 country-cohorts, the average number of children ever born among parous women was below 2.1"
1.887,2.0203426,0.80,"in 279 of 705 country-cohorts, the average number of children ever born among parous women was below 2.1"
1.854,2.0284464,0.80,"in 279 of 705 country-cohorts, the average number of children ever born among parous women was below 2.1"
1.845,2.0230262,0.80,"in 279 of 705 country-cohorts, the average number of children ever born among parous women was below 2.1"
1.874,2.0107296,0.80,"in 279 of 705 country-cohorts, the average number of children ever born among parous women was below 2.1"
1.863,1.9903846,0.80,"in 279 of 705 country-cohorts, the average number of children ever born among parous women was below 2.1"
1.86,1.9703389,0.80,"in 279 of 705 country-cohorts, the average number of children ever born among parous women was below 2.1"
1.849,1.9483668,0.80,"in 279 of 705 country-cohorts, the average number of children ever born among parous women was below 2.1"
1.801,1.9282656,0.80,"in 279 of 705 country-cohorts, the average number of children ever born among parous women was below 2.1"
1.753,1.9075081,0.80,"in 279 of 705 country-cohorts, the average number of children ever born among parous women was below 2.1"
1.724,1.8800436,0.80,"in 279 of 705 country-cohorts, the average number of children ever born among parous women was below 2.1"
1.698,1.8537118,0.80,"in 279 of 705 country-cohorts, the average number of children ever born among parous women was below 2.1"
1.68,1.826087,0.80,"in 279 of 705 country-cohorts, the average number of children ever born among parous women was below 2.1"
1.66,1.8023887,0.80,"in 279 of 705 country-cohorts, the average number of children ever born among parous women was below 2.1"
1.638,1.7823721,0.80,"in 279 of 705 country-cohorts, the average number of children ever born among parous women was below 2.1"
1.631,1.767064,0.80,"in 279 of 705 country-cohorts, the average number of children ever born among parous women was below 2.1"
1.619,1.7502702,0.80,"in 279 of 705 country-cohorts, the average number of children ever born among parous women was below 2.1"
1.603,1.7367281,0.80,"in 279 of 705 country-cohorts, the average number of children ever born among parous women was below 2.1"
1.596,1.7461706,0.80,"in 279 of 705 country-cohorts, the average number of children ever born among parous women was below 2.1"
1.579,1.7583519,0.80,"in 279 of 705 country-cohorts, the average number of children ever born among parous women was below 2.1"
1.589,1.775419,0.80,"in 279 of 705 country-cohorts, the average number of children ever born among parous women was below 2.1"
1.61,1.796875,0.80,"in 279 of 705 country-cohorts, the average number of children ever born among parous women was below 2.1"
,,0.80,"in 279 of 705 country-cohorts, the average number of children ever born among parous women was below 2.1"
,,0.80,"in 279 of 705 country-cohorts, the average number of children ever born among parous women was below 2.1"
,,0.80,"in 279 of 705 country-cohorts, the average number of children ever born among parous women was below 2.1"
,,0.80,"in 279 of 705 country-cohorts, the average number of children ever born among parous women was below 2.1"
,,0.80,"in 279 of 705 country-cohorts, the average number of children ever born among parous women was below 2.1"
2.708,2.9889624,0.80,"in 279 of 705 country-cohorts, the average number of children ever born among parous women was below 2.1"
2.668,2.967742,0.80,"in 279 of 705 country-cohorts, the average number of children ever born among parous women was below 2.1"
2.669,2.9361937,0.80,"in 279 of 705 country-cohorts, the average number of children ever born among parous women was below 2.1"
2.638,2.9084895,0.80,"in 279 of 705 country-cohorts, the average number of children ever born among parous women was below 2.1"
2.608,2.8596492,0.80,"in 279 of 705 country-cohorts, the average number of children ever born among parous women was below 2.1"
2.541,2.8015435,0.80,"in 279 of 705 country-cohorts, the average number of children ever born among parous women was below 2.1"
2.485,2.7580466,0.80,"in 279 of 705 country-cohorts, the average number of children ever born among parous women was below 2.1"
2.452,2.7335563,0.80,"in 279 of 705 country-cohorts, the average number of children ever born among parous women was below 2.1"
2.457,2.7149172,0.80,"in 279 of 705 country-cohorts, the average number of children ever born among parous women was below 2.1"
2.422,2.6881244,0.80,"in 279 of 705 country-cohorts, the average number of children ever born among parous women was below 2.1"
2.357,2.6693091,0.80,"in 279 of 705 country-cohorts, the average number of children ever born among parous women was below 2.1"
2.376,2.6312292,0.80,"in 279 of 705 country-cohorts, the average number of children ever born among parous women was below 2.1"
2.378,2.6160617,0.80,"in 279 of 705 country-cohorts, the average number of children ever born among parous women was below 2.1"
2.356,2.6033149,0.80,"in 279 of 705 country-cohorts, the average number of children ever born among parous women was below 2.1"
2.328,2.5809312,0.80,"in 279 of 705 country-cohorts, the average number of children ever born among parous women was below 2.1"
2.303,2.5503876,0.80,"in 279 of 705 country-cohorts, the average number of children ever born among parous women was below 2.1"
2.28,2.5361512,0.80,"in 279 of 705 country-cohorts, the average number of children ever born among parous women was below 2.1"
2.275,2.5193799,0.80,"in 279 of 705 country-cohorts, the average number of children ever born among parous women was below 2.1"
2.241,2.501116,0.80,"in 279 of 705 country-cohorts, the average number of children ever born among parous women was below 2.1"
2.232,2.4855235,0.80,"in 279 of 705 country-cohorts, the average number of children ever born among parous women was below 2.1"
2.226,2.4596684,0.80,"in 279 of 705 country-cohorts, the average number of children ever born among parous women was below 2.1"
2.214,2.46,0.80,"in 279 of 705 country-cohorts, the average number of children ever born among parous women was below 2.1"
2.207,2.446785,0.80,"in 279 of 705 country-cohorts, the average number of children ever born among parous women was below 2.1"
2.193,2.4312639,0.80,"in 279 of 705 country-cohorts, the average number of children ever born among parous women was below 2.1"
2.184,2.4239733,0.80,"in 279 of 705 country-cohorts, the average number of children ever born among parous women was below 2.1"
2.174,2.4075305,0.80,"in 279 of 705 country-cohorts, the average number of children ever born among parous women was below 2.1"
2.169,2.4046564,0.80,"in 279 of 705 country-cohorts, the average number of children ever born among parous women was below 2.1"
2.146,2.3686535,0.80,"in 279 of 705 country-cohorts, the average number of children ever born among parous women was below 2.1"
2.115,2.3421926,0.80,"in 279 of 705 country-cohorts, the average number of children ever born among parous women was below 2.1"
2.084,2.3207128,0.80,"in 279 of 705 country-cohorts, the average number of children ever born among parous women was below 2.1"
2.045,2.2951739,0.80,"in 279 of 705 country-cohorts, the average number of children ever born among parous women was below 2.1"
2.036,2.2748604,0.80,"in 279 of 705 country-cohorts, the average number of children ever born among parous women was below 2.1"
2.019,2.2659934,0.80,"in 279 of 705 country-cohorts, the average number of children ever born among parous women was below 2.1"
1.996,2.2553673,0.80,"in 279 of 705 country-cohorts, the average number of children ever born among parous women was below 2.1"
1.961,2.2133183,0.80,"in 279 of 705 country-cohorts, the average number of children ever born among parous women was below 2.1"
1.932,2.1830509,0.80,"in 279 of 705 country-cohorts, the average number of children ever born among parous women was below 2.1"
,,0.80,"in 279 of 705 country-cohorts, the average number of children ever born among parous women was below 2.1"
,,0.80,"in 279 of 705 country-cohorts, the average number of children ever born among parous women was below 2.1"
,,0.80,"in 279 of 705 country-cohorts, the average number of children ever born among parous women was below 2.1"
,,0.80,"in 279 of 705 country-cohorts, the average number of children ever born among parous women was below 2.1"
,,0.80,"in 279 of 705 country-cohorts, the average number of children ever born among parous women was below 2.1"
,,0.80,"in 279 of 705 country-cohorts, the average number of children ever born among parous women was below 2.1"
,,0.80,"in 279 of 705 country-cohorts, the average number of children ever born among parous women was below 2.1"
,,0.80,"in 279 of 705 country-cohorts, the average number of children ever born among parous women was below 2.1"
,,0.80,"in 279 of 705 country-cohorts, the average number of children ever born among parous women was below 2.1"
,,0.80,"in 279 of 705 country-cohorts, the average number of children ever born among parous women was below 2.1"
,,0.80,"in 279 of 705 country-cohorts, the average number of children ever born among parous women was below 2.1"
,,0.80,"in 279 of 705 country-cohorts, the average number of children ever born among parous women was below 2.1"
,,0.80,"in 279 of 705 country-cohorts, the average number of children ever born among parous women was below 2.1"
,,0.80,"in 279 of 705 country-cohorts, the average number of children ever born among parous women was below 2.1"
,,0.80,"in 279 of 705 country-cohorts, the average number of children ever born among parous women was below 2.1"
,,0.80,"in 279 of 705 country-cohorts, the average number of children ever born among parous women was below 2.1"
,,0.80,"in 279 of 705 country-cohorts, the average number of children ever born among parous women was below 2.1"
,,0.80,"in 279 of 705 country-cohorts, the average number of children ever born among parous women was below 2.1"
,,0.80,"in 279 of 705 country-cohorts, the average number of children ever born among parous women was below 2.1"
,,0.80,"in 279 of 705 country-cohorts, the average number of children ever born among parous women was below 2.1"
,,0.80,"in 279 of 705 country-cohorts, the average number of children ever born among parous women was below 2.1"
,,0.80,"in 279 of 705 country-cohorts, the average number of children ever born among parous women was below 2.1"
,,0.80,"in 279 of 705 country-cohorts, the average number of children ever born among parous women was below 2.1"
,,0.80,"in 279 of 705 country-cohorts, the average number of children ever born among parous women was below 2.1"
,,0.80,"in 279 of 705 country-cohorts, the average number of children ever born among parous women was below 2.1"
,,0.80,"in 279 of 705 country-cohorts, the average number of children ever born among parous women was below 2.1"
,,0.80,"in 279 of 705 country-cohorts, the average number of children ever born among parous women was below 2.1"
,,0.80,"in 279 of 705 country-cohorts, the average number of children ever born among parous women was below 2.1"
,,0.80,"in 279 of 705 country-cohorts, the average number of children ever born among parous women was below 2.1"
,,0.80,"in 279 of 705 country-cohorts, the average number of children ever born among parous women was below 2.1"
,,0.80,"in 279 of 705 country-cohorts, the average number of children ever born among parous women was below 2.1"
,,0.80,"in 279 of 705 country-cohorts, the average number of children ever born among parous women was below 2.1"
,,0.80,"in 279 of 705 country-cohorts, the average number of children ever born among parous women was below 2.1"
,,0.80,"in 279 of 705 country-cohorts, the average number of children ever born among parous women was below 2.1"
,,0.80,"in 279 of 705 country-cohorts, the average number of children ever born among parous women was below 2.1"
,,0.80,"in 279 of 705 country-cohorts, the average number of children ever born among parous women was below 2.1"
,,0.80,"in 279 of 705 country-cohorts, the average number of children ever born among parous women was below 2.1"
,,0.80,"in 279 of 705 country-cohorts, the average number of children ever born among parous women was below 2.1"
,,0.80,"in 279 of 705 country-cohorts, the average number of children ever born among parous women was below 2.1"
,,0.80,"in 279 of 705 country-cohorts, the average number of children ever born among parous women was below 2.1"
,,0.80,"in 279 of 705 country-cohorts, the average number of children ever born among parous women was below 2.1"
,,0.80,"in 279 of 705 country-cohorts, the average number of children ever born among parous women was below 2.1"
1.74,1.9463087,0.80,"in 279 of 705 country-cohorts, the average number of children ever born among parous women was below 2.1"
1.732,1.9395297,0.80,"in 279 of 705 country-cohorts, the average number of children ever born among parous women was below 2.1"
1.721,1.9623717,0.80,"in 279 of 705 country-cohorts, the average number of children ever born among parous women was below 2.1"
1.701,1.9462242,0.80,"in 279 of 705 country-cohorts, the average number of children ever born among parous women was below 2.1"
1.693,1.9640372,0.80,"in 279 of 705 country-cohorts, the average number of children ever born among parous women was below 2.1"
1.682,1.949015,0.80,"in 279 of 705 country-cohorts, the average number of children ever born among parous women was below 2.1"
1.657,1.9517078,0.80,"in 279 of 705 country-cohorts, the average number of children ever born among parous women was below 2.1"
1.686,1.9742389,0.80,"in 279 of 705 country-cohorts, the average number of children ever born among parous women was below 2.1"
,,0.80,"in 279 of 705 country-cohorts, the average number of children ever born among parous women was below 2.1"
,,0.80,"in 279 of 705 country-cohorts, the average number of children ever born among parous women was below 2.1"
,,0.80,"in 279 of 705 country-cohorts, the average number of children ever born among parous women was below 2.1"
,,0.80,"in 279 of 705 country-cohorts, the average number of children ever born among parous women was below 2.1"
2.14,,0.80,"in 279 of 705 country-cohorts, the average number of children ever born among parous women was below 2.1"
2.114,,0.80,"in 279 of 705 country-cohorts, the average number of children ever born among parous women was below 2.1"
2.106,,0.80,"in 279 of 705 country-cohorts, the average number of children ever born among parous women was below 2.1"
2.084,,0.80,"in 279 of 705 country-cohorts, the average number of children ever born among parous women was below 2.1"
2.061,,0.80,"in 279 of 705 country-cohorts, the average number of children ever born among parous women was below 2.1"
2.052,,0.80,"in 279 of 705 country-cohorts, the average number of children ever born among parous women was below 2.1"
2.031,,0.80,"in 279 of 705 country-cohorts, the average number of children ever born among parous women was below 2.1"
1.998,,0.80,"in 279 of 705 country-cohorts, the average number of children ever born among parous women was below 2.1"
1.987,,0.80,"in 279 of 705 country-cohorts, the average number of children ever born among parous women was below 2.1"
1.989,,0.80,"in 279 of 705 country-cohorts, the average number of children ever born among parous women was below 2.1"
1.972,,0.80,"in 279 of 705 country-cohorts, the average number of children ever born among parous women was below 2.1"
1.989,,0.80,"in 279 of 705 country-cohorts, the average number of children ever born among parous women was below 2.1"
2,,0.80,"in 279 of 705 country-cohorts, the average number of children ever born among parous women was below 2.1"
1.993,,0.80,"in 279 of 705 country-cohorts, the average number of children ever born among parous women was below 2.1"
2.003,,0.80,"in 279 of 705 country-cohorts, the average number of children ever born among parous women was below 2.1"
2.009,,0.80,"in 279 of 705 country-cohorts, the average number of children ever born among parous women was below 2.1"
2.001,,0.80,"in 279 of 705 country-cohorts, the average number of children ever born among parous women was below 2.1"
2.01,,0.80,"in 279 of 705 country-cohorts, the average number of children ever born among parous women was below 2.1"
2.025,,0.80,"in 279 of 705 country-cohorts, the average number of children ever born among parous women was below 2.1"
2.024,,0.80,"in 279 of 705 country-cohorts, the average number of children ever born among parous women was below 2.1"
2.035,2.3337157,0.80,"in 279 of 705 country-cohorts, the average number of children ever born among parous women was below 2.1"
2.042,2.3471265,0.80,"in 279 of 705 country-cohorts, the average number of children ever born among parous women was below 2.1"
2.053,2.3597701,0.80,"in 279 of 705 country-cohorts, the average number of children ever born among parous women was below 2.1"
2.057,2.3643677,0.80,"in 279 of 705 country-cohorts, the average number of children ever born among parous women was below 2.1"
2.048,2.3648961,0.80,"in 279 of 705 country-cohorts, the average number of children ever born among parous women was below 2.1"
2.058,2.3764434,0.80,"in 279 of 705 country-cohorts, the average number of children ever born among parous women was below 2.1"
2.03,2.3549883,0.80,"in 279 of 705 country-cohorts, the average number of children ever born among parous women was below 2.1"
2.036,2.3592122,0.80,"in 279 of 705 country-cohorts, the average number of children ever born among parous women was below 2.1"
2.028,2.3391004,0.80,"in 279 of 705 country-cohorts, the average number of children ever born among parous women was below 2.1"
2.014,2.3256352,0.80,"in 279 of 705 country-cohorts, the average number of children ever born among parous women was below 2.1"
2.014,2.3176064,0.80,"in 279 of 705 country-cohorts, the average number of children ever born among parous women was below 2.1"
2.005,2.3019519,0.80,"in 279 of 705 country-cohorts, the average number of children ever born among parous women was below 2.1"
1.997,2.2901375,0.80,"in 279 of 705 country-cohorts, the average number of children ever born among parous women was below 2.1"
1.997,2.277081,0.80,"in 279 of 705 country-cohorts, the average number of children ever born among parous women was below 2.1"
1.993,2.2725201,0.80,"in 279 of 705 country-cohorts, the average number of children ever born among parous women was below 2.1"
1.999,2.2715909,0.80,"in 279 of 705 country-cohorts, the average number of children ever born among parous women was below 2.1"
1.977,2.2517085,0.80,"in 279 of 705 country-cohorts, the average number of children ever born among parous women was below 2.1"
1.976,2.2582858,0.80,"in 279 of 705 country-cohorts, the average number of children ever born among parous women was below 2.1"
1.96,2.242563,0.80,"in 279 of 705 country-cohorts, the average number of children ever born among parous women was below 2.1"
1.965,2.2482839,0.80,"in 279 of 705 country-cohorts, the average number of children ever born among parous women was below 2.1"
1.955,2.2419724,0.80,"in 279 of 705 country-cohorts, the average number of children ever born among parous women was below 2.1"
1.945,2.2433679,0.80,"in 279 of 705 country-cohorts, the average number of children ever born among parous women was below 2.1"
1.947,2.2430875,0.80,"in 279 of 705 country-cohorts, the average number of children ever born among parous women was below 2.1"
1.937,2.2418981,0.80,"in 279 of 705 country-cohorts, the average number of children ever born among parous women was below 2.1"
1.922,2.2271147,0.80,"in 279 of 705 country-cohorts, the average number of children ever born among parous women was below 2.1"
,,0.80,"in 279 of 705 country-cohorts, the average number of children ever born among parous women was below 2.1"
,,0.80,"in 279 of 705 country-cohorts, the average number of children ever born among parous women was below 2.1"
,,0.80,"in 279 of 705 country-cohorts, the average number of children ever born among parous women was below 2.1"
,,0.80,"in 279 of 705 country-cohorts, the average number of children ever born among parous women was below 2.1"
,,0.80,"in 279 of 705 country-cohorts, the average number of children ever born among parous women was below 2.1"
,,0.80,"in 279 of 705 country-cohorts, the average number of children ever born among parous women was below 2.1"
,,0.80,"in 279 of 705 country-cohorts, the average number of children ever born among parous women was below 2.1"
,,0.80,"in 279 of 705 country-cohorts, the average number of children ever born among parous women was below 2.1"
,,0.80,"in 279 of 705 country-cohorts, the average number of children ever born among parous women was below 2.1"
,,0.80,"in 279 of 705 country-cohorts, the average number of children ever born among parous women was below 2.1"
,,0.80,"in 279 of 705 country-cohorts, the average number of children ever born among parous women was below 2.1"
,,0.80,"in 279 of 705 country-cohorts, the average number of children ever born among parous women was below 2.1"
,,0.80,"in 279 of 705 country-cohorts, the average number of children ever born among parous women was below 2.1"
,,0.80,"in 279 of 705 country-cohorts, the average number of children ever born among parous women was below 2.1"
,,0.80,"in 279 of 705 country-cohorts, the average number of children ever born among parous women was below 2.1"
,,0.80,"in 279 of 705 country-cohorts, the average number of children ever born among parous women was below 2.1"
,,0.80,"in 279 of 705 country-cohorts, the average number of children ever born among parous women was below 2.1"
,,0.80,"in 279 of 705 country-cohorts, the average number of children ever born among parous women was below 2.1"
,,0.80,"in 279 of 705 country-cohorts, the average number of children ever born among parous women was below 2.1"
,,0.80,"in 279 of 705 country-cohorts, the average number of children ever born among parous women was below 2.1"
,,0.80,"in 279 of 705 country-cohorts, the average number of children ever born among parous women was below 2.1"
,,0.80,"in 279 of 705 country-cohorts, the average number of children ever born among parous women was below 2.1"
,,0.80,"in 279 of 705 country-cohorts, the average number of children ever born among parous women was below 2.1"
,,0.80,"in 279 of 705 country-cohorts, the average number of children ever born among parous women was below 2.1"
,,0.80,"in 279 of 705 country-cohorts, the average number of children ever born among parous women was below 2.1"
,,0.80,"in 279 of 705 country-cohorts, the average number of children ever born among parous women was below 2.1"
2.175,2.3822563,0.80,"in 279 of 705 country-cohorts, the average number of children ever born among parous women was below 2.1"
2.14,2.349067,0.80,"in 279 of 705 country-cohorts, the average number of children ever born among parous women was below 2.1"
2.075,2.3081203,0.80,"in 279 of 705 country-cohorts, the average number of children ever born among parous women was below 2.1"
2.015,2.2742665,0.80,"in 279 of 705 country-cohorts, the average number of children ever born among parous women was below 2.1"
1.956,2.2354286,0.80,"in 279 of 705 country-cohorts, the average number of children ever born among parous women was below 2.1"
1.905,2.2023122,0.80,"in 279 of 705 country-cohorts, the average number of children ever born among parous women was below 2.1"
1.874,2.1614764,0.80,"in 279 of 705 country-cohorts, the average number of children ever born among parous women was below 2.1"
1.82,2.1162791,0.80,"in 279 of 705 country-cohorts, the average number of children ever born among parous women was below 2.1"
1.764,2.075294,0.80,"in 279 of 705 country-cohorts, the average number of children ever born among parous women was below 2.1"
1.724,2.0402367,0.80,"in 279 of 705 country-cohorts, the average number of children ever born among parous women was below 2.1"
1.68,2.0071685,0.80,"in 279 of 705 country-cohorts, the average number of children ever born among parous women was below 2.1"
1.649,1.9843562,0.80,"in 279 of 705 country-cohorts, the average number of children ever born among parous women was below 2.1"
1.617,1.9576272,0.80,"in 279 of 705 country-cohorts, the average number of children ever born among parous women was below 2.1"
1.59,1.9366626,0.80,"in 279 of 705 country-cohorts, the average number of children ever born among parous women was below 2.1"
1.541,1.9166666,0.80,"in 279 of 705 country-cohorts, the average number of children ever born among parous women was below 2.1"
1.519,1.8963795,0.80,"in 279 of 705 country-cohorts, the average number of children ever born among parous women was below 2.1"
1.496,1.884131,0.80,"in 279 of 705 country-cohorts, the average number of children ever born among parous women was below 2.1"
1.451,1.8698454,0.80,"in 279 of 705 country-cohorts, the average number of children ever born among parous women was below 2.1"
1.432,1.8549223,0.80,"in 279 of 705 country-cohorts, the average number of children ever born among parous women was below 2.1"
,,0.80,"in 279 of 705 country-cohorts, the average number of children ever born among parous women was below 2.1"
,,0.80,"in 279 of 705 country-cohorts, the average number of children ever born among parous women was below 2.1"
,,0.80,"in 279 of 705 country-cohorts, the average number of children ever born among parous women was below 2.1"
,,0.80,"in 279 of 705 country-cohorts, the average number of children ever born among parous women was below 2.1"
,,0.80,"in 279 of 705 country-cohorts, the average number of children ever born among parous women was below 2.1"
,,0.80,"in 279 of 705 country-cohorts, the average number of children ever born among parous women was below 2.1"
,,0.80,"in 279 of 705 country-cohorts, the average number of children ever born among parous women was below 2.1"
,,0.80,"in 279 of 705 country-cohorts, the average number of children ever born among parous women was below 2.1"
,,0.80,"in 279 of 705 country-cohorts, the average number of children ever born among parous women was below 2.1"
1.839,2.020879,0.80,"in 279 of 705 country-cohorts, the average number of children ever born among parous women was below 2.1"
1.831,1.992383,0.80,"in 279 of 705 country-cohorts, the average number of children ever born among parous women was below 2.1"
1.856,1.9661016,0.80,"in 279 of 705 country-cohorts, the average number of children ever born among parous women was below 2.1"
1.867,1.9247422,0.80,"in 279 of 705 country-cohorts, the average number of children ever born among parous women was below 2.1"
1.886,1.9186165,0.80,"in 279 of 705 country-cohorts, the average number of children ever born among parous women was below 2.1"
1.916,1.9451777,0.80,"in 279 of 705 country-cohorts, the average number of children ever born among parous women was below 2.1"
1.901,1.9457523,0.80,"in 279 of 705 country-cohorts, the average number of children ever born among parous women was below 2.1"
1.911,1.9640288,0.80,"in 279 of 705 country-cohorts, the average number of children ever born among parous women was below 2.1"
1.883,1.9573804,0.80,"in 279 of 705 country-cohorts, the average number of children ever born among parous women was below 2.1"
1.848,1.9432176,0.80,"in 279 of 705 country-cohorts, the average number of children ever born among parous women was below 2.1"
1.839,1.9647436,0.80,"in 279 of 705 country-cohorts, the average number of children ever born among parous women was below 2.1"
1.831,1.9688172,0.80,"in 279 of 705 country-cohorts, the average number of children ever born among parous women was below 2.1"
1.824,1.9676375,0.80,"in 279 of 705 country-cohorts, the average number of children ever born among parous women was below 2.1"
1.842,1.9554141,0.80,"in 279 of 705 country-cohorts, the average number of children ever born among parous women was below 2.1"
1.862,1.9315352,0.80,"in 279 of 705 country-cohorts, the average number of children ever born among parous women was below 2.1"
1.857,1.9183885,0.80,"in 279 of 705 country-cohorts, the average number of children ever born among parous women was below 2.1"
1.834,1.9044652,0.80,"in 279 of 705 country-cohorts, the average number of children ever born among parous women was below 2.1"
1.806,1.8871473,0.80,"in 279 of 705 country-cohorts, the average number of children ever born among parous women was below 2.1"
1.774,1.8693361,0.80,"in 279 of 705 country-cohorts, the average number of children ever born among parous women was below 2.1"
1.739,1.8441145,0.80,"in 279 of 705 country-cohorts, the average number of children ever born among parous women was below 2.1"
1.7,1.8201284,0.80,"in 279 of 705 country-cohorts, the average number of children ever born among parous women was below 2.1"
1.678,1.7965739,0.80,"in 279 of 705 country-cohorts, the average number of children ever born among parous women was below 2.1"
1.673,1.7684989,0.80,"in 279 of 705 country-cohorts, the average number of children ever born among parous women was below 2.1"
1.623,1.7489225,0.80,"in 279 of 705 country-cohorts, the average number of children ever born among parous women was below 2.1"
1.599,1.7267818,0.80,"in 279 of 705 country-cohorts, the average number of children ever born among parous women was below 2.1"
1.596,1.7087795,0.80,"in 279 of 705 country-cohorts, the average number of children ever born among parous women was below 2.1"
,,0.80,"in 279 of 705 country-cohorts, the average number of children ever born among parous women was below 2.1"
,,0.80,"in 279 of 705 country-cohorts, the average number of children ever born among parous women was below 2.1"
,,0.80,"in 279 of 705 country-cohorts, the average number of children ever born among parous women was below 2.1"
,,0.80,"in 279 of 705 country-cohorts, the average number of children ever born among parous women was below 2.1"
,,0.80,"in 279 of 705 country-cohorts, the average number of children ever born among parous women was below 2.1"
,,0.80,"in 279 of 705 country-cohorts, the average number of children ever born among parous women was below 2.1"
,,0.80,"in 279 of 705 country-cohorts, the average number of children ever born among parous women was below 2.1"
,,0.80,"in 279 of 705 country-cohorts, the average number of children ever born among parous women was below 2.1"
,,0.80,"in 279 of 705 country-cohorts, the average number of children ever born among parous women was below 2.1"
,,0.80,"in 279 of 705 country-cohorts, the average number of children ever born among parous women was below 2.1"
3.214,3.4227903,0.80,"in 279 of 705 country-cohorts, the average number of children ever born among parous women was below 2.1"
3.131,3.3558414,0.80,"in 279 of 705 country-cohorts, the average number of children ever born among parous women was below 2.1"
3.059,3.2751606,0.80,"in 279 of 705 country-cohorts, the average number of children ever born among parous women was below 2.1"
2.983,3.1937902,0.80,"in 279 of 705 country-cohorts, the average number of children ever born among parous women was below 2.1"
2.892,3.1096773,0.80,"in 279 of 705 country-cohorts, the average number of children ever born among parous women was below 2.1"
2.795,3.0216217,0.80,"in 279 of 705 country-cohorts, the average number of children ever born among parous women was below 2.1"
2.68,2.9098806,0.80,"in 279 of 705 country-cohorts, the average number of children ever born among parous women was below 2.1"
2.561,2.798907,0.80,"in 279 of 705 country-cohorts, the average number of children ever born among parous women was below 2.1"
2.464,2.7166483,0.80,"in 279 of 705 country-cohorts, the average number of children ever born among parous women was below 2.1"
2.365,2.6454139,0.80,"in 279 of 705 country-cohorts, the average number of children ever born among parous women was below 2.1"
2.292,2.5781777,0.80,"in 279 of 705 country-cohorts, the average number of children ever born among parous women was below 2.1"
2.215,2.4943693,0.80,"in 279 of 705 country-cohorts, the average number of children ever born among parous women was below 2.1"
2.15,2.4376416,0.80,"in 279 of 705 country-cohorts, the average number of children ever born among parous women was below 2.1"
2.104,2.4128439,0.80,"in 279 of 705 country-cohorts, the average number of children ever born among parous women was below 2.1"
2.057,2.3974359,0.80,"in 279 of 705 country-cohorts, the average number of children ever born among parous women was below 2.1"
2.022,2.3816254,0.80,"in 279 of 705 country-cohorts, the average number of children ever born among parous women was below 2.1"
1.998,2.3672986,0.80,"in 279 of 705 country-cohorts, the average number of children ever born among parous women was below 2.1"
1.982,2.3595238,0.80,"in 279 of 705 country-cohorts, the average number of children ever born among parous women was below 2.1"
1.972,2.3616767,0.80,"in 279 of 705 country-cohorts, the average number of children ever born among parous women was below 2.1"
1.974,2.3640718,0.80,"in 279 of 705 country-cohorts, the average number of children ever born among parous women was below 2.1"
1.981,2.3667862,0.80,"in 279 of 705 country-cohorts, the average number of children ever born among parous women was below 2.1"
1.985,2.3659117,0.80,"in 279 of 705 country-cohorts, the average number of children ever born among parous women was below 2.1"
1.987,2.3711216,0.80,"in 279 of 705 country-cohorts, the average number of children ever born among parous women was below 2.1"
1.991,2.375895,0.80,"in 279 of 705 country-cohorts, the average number of children ever born among parous women was below 2.1"
2.012,2.3810651,0.80,"in 279 of 705 country-cohorts, the average number of children ever born among parous women was below 2.1"
2.024,2.3867924,0.80,"in 279 of 705 country-cohorts, the average number of children ever born among parous women was below 2.1"
2.024,2.3867924,0.80,"in 279 of 705 country-cohorts, the average number of children ever born among parous women was below 2.1"
2.034,2.3901293,0.80,"in 279 of 705 country-cohorts, the average number of children ever born among parous women was below 2.1"
2.051,2.3932321,0.80,"in 279 of 705 country-cohorts, the average number of children ever born among parous women was below 2.1"
2.066,2.3995354,0.80,"in 279 of 705 country-cohorts, the average number of children ever born among parous women was below 2.1"
2.075,2.4127908,0.80,"in 279 of 705 country-cohorts, the average number of children ever born among parous women was below 2.1"
2.089,2.4234338,0.80,"in 279 of 705 country-cohorts, the average number of children ever born among parous women was below 2.1"
2.109,2.4297235,0.80,"in 279 of 705 country-cohorts, the average number of children ever born among parous women was below 2.1"
2.111,2.429229,0.80,"in 279 of 705 country-cohorts, the average number of children ever born among parous women was below 2.1"
2.114,2.4243119,0.80,"in 279 of 705 country-cohorts, the average number of children ever born among parous women was below 2.1"
2.137,2.4256527,0.80,"in 279 of 705 country-cohorts, the average number of children ever born among parous women was below 2.1"
2.16,2.4324324,0.80,"in 279 of 705 country-cohorts, the average number of children ever born among parous women was below 2.1"
2.183,2.4473095,0.80,"in 279 of 705 country-cohorts, the average number of children ever born among parous women was below 2.1"
2.203,2.4559643,0.80,"in 279 of 705 country-cohorts, the average number of children ever born among parous women was below 2.1"
2.216,2.4622223,0.80,"in 279 of 705 country-cohorts, the average number of children ever born among parous women was below 2.1"
2.221,2.473274,0.80,"in 279 of 705 country-cohorts, the average number of children ever born among parous women was below 2.1"
2.228,2.483835,0.80,"in 279 of 705 country-cohorts, the average number of children ever born among parous women was below 2.1"
2.231,2.4899554,0.80,"in 279 of 705 country-cohorts, the average number of children ever born among parous women was below 2.1"
2.206,2.4926553,0.80,"in 279 of 705 country-cohorts, the average number of children ever born among parous women was below 2.1"
2.176,2.4868572,0.80,"in 279 of 705 country-cohorts, the average number of children ever born among parous women was below 2.1"
