CCF,CEBParous,r2,inplotlabel,Panel,Title,Note,Source
1.615,2.0365701,0.80000001,"in 279 of 705 country-cohorts, the average number of children ever born among parous women was below 2.1",A,Figure 5: Below-Replacement Average Cohort Fertility Is Found Even within Parous Subcohorts,"For a list of countries included in panel A, see text discussion. In panel B each observation is an Indian district, which is an administrative subdivision of a state. Data points exactly on the diagonal 45¡ lines would reflect zero childlessness.",Data in panel A are from the Human Fertility Database (HFD); data in panel B are from India's 2019-2021 Demographic and Health Survey.
1.624,2.0427673,0.80000001,"in 279 of 705 country-cohorts, the average number of children ever born among parous women was below 2.1",A,,,
1.6339999,2.0501883,0.80000001,"in 279 of 705 country-cohorts, the average number of children ever born among parous women was below 2.1",A,,,
1.651,2.0689223,0.80000001,"in 279 of 705 country-cohorts, the average number of children ever born among parous women was below 2.1",A,,,
1.661,2.0710723,0.80000001,"in 279 of 705 country-cohorts, the average number of children ever born among parous women was below 2.1",A,,,
1.661,2.0684931,0.80000001,"in 279 of 705 country-cohorts, the average number of children ever born among parous women was below 2.1",A,,,
1.652,2.0598505,0.80000001,"in 279 of 705 country-cohorts, the average number of children ever born among parous women was below 2.1",A,,,
1.642,2.0576441,0.80000001,"in 279 of 705 country-cohorts, the average number of children ever born among parous women was below 2.1",A,,,
1.635,2.0696204,0.80000001,"in 279 of 705 country-cohorts, the average number of children ever born among parous women was below 2.1",A,,,
1.6390001,2.0616353,0.80000001,"in 279 of 705 country-cohorts, the average number of children ever born among parous women was below 2.1",A,,,
1.624,2.0505052,0.80000001,"in 279 of 705 country-cohorts, the average number of children ever born among parous women was below 2.1",A,,,
2.0320001,2.2135077,0.80000001,"in 279 of 705 country-cohorts, the average number of children ever born among parous women was below 2.1",A,,,
2.036,2.2154515,0.80000001,"in 279 of 705 country-cohorts, the average number of children ever born among parous women was below 2.1",A,,,
2.039,2.2138979,0.80000001,"in 279 of 705 country-cohorts, the average number of children ever born among parous women was below 2.1",A,,,
2.0380001,2.2056277,0.80000001,"in 279 of 705 country-cohorts, the average number of children ever born among parous women was below 2.1",A,,,
2.052,2.1970022,0.80000001,"in 279 of 705 country-cohorts, the average number of children ever born among parous women was below 2.1",A,,,
2.085,2.1878278,0.80000001,"in 279 of 705 country-cohorts, the average number of children ever born among parous women was below 2.1",A,,,
2.0940001,2.1744549,0.80000001,"in 279 of 705 country-cohorts, the average number of children ever born among parous women was below 2.1",A,,,
2.0910001,2.1668394,0.80000001,"in 279 of 705 country-cohorts, the average number of children ever born among parous women was below 2.1",A,,,
2.0780001,2.1668406,0.80000001,"in 279 of 705 country-cohorts, the average number of children ever born among parous women was below 2.1",A,,,
2.0769999,2.1478801,0.80000001,"in 279 of 705 country-cohorts, the average number of children ever born among parous women was below 2.1",A,,,
2.072,2.1338825,0.80000001,"in 279 of 705 country-cohorts, the average number of children ever born among parous women was below 2.1",A,,,
2.053,2.1407716,0.80000001,"in 279 of 705 country-cohorts, the average number of children ever born among parous women was below 2.1",A,,,
2.0510001,2.1386862,0.80000001,"in 279 of 705 country-cohorts, the average number of children ever born among parous women was below 2.1",A,,,
2.0650001,2.1223021,0.80000001,"in 279 of 705 country-cohorts, the average number of children ever born among parous women was below 2.1",A,,,
2.076,2.109756,0.80000001,"in 279 of 705 country-cohorts, the average number of children ever born among parous women was below 2.1",A,,,
2.066,2.1168032,0.80000001,"in 279 of 705 country-cohorts, the average number of children ever born among parous women was below 2.1",A,,,
2.043,2.1237006,0.80000001,"in 279 of 705 country-cohorts, the average number of children ever born among parous women was below 2.1",A,,,
2.0420001,2.1138716,0.80000001,"in 279 of 705 country-cohorts, the average number of children ever born among parous women was below 2.1",A,,,
2.0350001,2.0979381,0.80000001,"in 279 of 705 country-cohorts, the average number of children ever born among parous women was below 2.1",A,,,
2.039,2.0912821,0.80000001,"in 279 of 705 country-cohorts, the average number of children ever born among parous women was below 2.1",A,,,
2.0309999,2.0916581,0.80000001,"in 279 of 705 country-cohorts, the average number of children ever born among parous women was below 2.1",A,,,
2.0320001,2.0862422,0.80000001,"in 279 of 705 country-cohorts, the average number of children ever born among parous women was below 2.1",A,,,
2.036,2.0775511,0.80000001,"in 279 of 705 country-cohorts, the average number of children ever born among parous women was below 2.1",A,,,
2.0190001,2.0623085,0.80000001,"in 279 of 705 country-cohorts, the average number of children ever born among parous women was below 2.1",A,,,
1.99,2.0431211,0.80000001,"in 279 of 705 country-cohorts, the average number of children ever born among parous women was below 2.1",A,,,
1.95,2.0249221,0.80000001,"in 279 of 705 country-cohorts, the average number of children ever born among parous women was below 2.1",A,,,
1.909,2.0158396,0.80000001,"in 279 of 705 country-cohorts, the average number of children ever born among parous women was below 2.1",A,,,
1.8839999,2.0063899,0.80000001,"in 279 of 705 country-cohorts, the average number of children ever born among parous women was below 2.1",A,,,
1.868,1.9914712,0.80000001,"in 279 of 705 country-cohorts, the average number of children ever born among parous women was below 2.1",A,,,
1.857,1.9650793,0.80000001,"in 279 of 705 country-cohorts, the average number of children ever born among parous women was below 2.1",A,,,
1.8329999,1.9396825,0.80000001,"in 279 of 705 country-cohorts, the average number of children ever born among parous women was below 2.1",A,,,
1.809,1.8922594,0.80000001,"in 279 of 705 country-cohorts, the average number of children ever born among parous women was below 2.1",A,,,
1.7920001,1.8493292,0.80000001,"in 279 of 705 country-cohorts, the average number of children ever born among parous women was below 2.1",A,,,
1.757,1.8207254,0.80000001,"in 279 of 705 country-cohorts, the average number of children ever born among parous women was below 2.1",A,,,
1.705,1.8061441,0.80000001,"in 279 of 705 country-cohorts, the average number of children ever born among parous women was below 2.1",A,,,
1.682,1.7855626,0.80000001,"in 279 of 705 country-cohorts, the average number of children ever born among parous women was below 2.1",A,,,
1.663,1.771033,0.80000001,"in 279 of 705 country-cohorts, the average number of children ever born among parous women was below 2.1",A,,,
1.663,1.7653928,0.80000001,"in 279 of 705 country-cohorts, the average number of children ever born among parous women was below 2.1",A,,,
1.659,1.7536998,0.80000001,"in 279 of 705 country-cohorts, the average number of children ever born among parous women was below 2.1",A,,,
1.642,1.7375661,0.80000001,"in 279 of 705 country-cohorts, the average number of children ever born among parous women was below 2.1",A,,,
1.64,1.7372881,0.80000001,"in 279 of 705 country-cohorts, the average number of children ever born among parous women was below 2.1",A,,,
1.65,1.7515924,0.80000001,"in 279 of 705 country-cohorts, the average number of children ever born among parous women was below 2.1",A,,,
1.6569999,1.762766,0.80000001,"in 279 of 705 country-cohorts, the average number of children ever born among parous women was below 2.1",A,,,
1.9680001,2.0869565,0.80000001,"in 279 of 705 country-cohorts, the average number of children ever born among parous women was below 2.1",A,,,
1.938,2.0705128,0.80000001,"in 279 of 705 country-cohorts, the average number of children ever born among parous women was below 2.1",A,,,
1.964,2.0587003,0.80000001,"in 279 of 705 country-cohorts, the average number of children ever born among parous women was below 2.1",A,,,
1.928,2.0467091,0.80000001,"in 279 of 705 country-cohorts, the average number of children ever born among parous women was below 2.1",A,,,
1.886,2.0323277,0.80000001,"in 279 of 705 country-cohorts, the average number of children ever born among parous women was below 2.1",A,,,
1.915,2.0307529,0.80000001,"in 279 of 705 country-cohorts, the average number of children ever born among parous women was below 2.1",A,,,
1.931,2.0283613,0.80000001,"in 279 of 705 country-cohorts, the average number of children ever born among parous women was below 2.1",A,,,
1.926,2.0252366,0.80000001,"in 279 of 705 country-cohorts, the average number of children ever born among parous women was below 2.1",A,,,
1.924,2.0146596,0.80000001,"in 279 of 705 country-cohorts, the average number of children ever born among parous women was below 2.1",A,,,
1.921,1.9804124,0.80000001,"in 279 of 705 country-cohorts, the average number of children ever born among parous women was below 2.1",A,,,
1.891,1.9595855,0.80000001,"in 279 of 705 country-cohorts, the average number of children ever born among parous women was below 2.1",A,,,
1.873,1.9429461,0.80000001,"in 279 of 705 country-cohorts, the average number of children ever born among parous women was below 2.1",A,,,
1.857,1.9283489,0.80000001,"in 279 of 705 country-cohorts, the average number of children ever born among parous women was below 2.1",A,,,
1.8150001,1.8985356,0.80000001,"in 279 of 705 country-cohorts, the average number of children ever born among parous women was below 2.1",A,,,
1.7359999,1.8686759,0.80000001,"in 279 of 705 country-cohorts, the average number of children ever born among parous women was below 2.1",A,,,
1.684,1.8505495,0.80000001,"in 279 of 705 country-cohorts, the average number of children ever born among parous women was below 2.1",A,,,
1.689,1.8479213,0.80000001,"in 279 of 705 country-cohorts, the average number of children ever born among parous women was below 2.1",A,,,
1.7,1.8438178,0.80000001,"in 279 of 705 country-cohorts, the average number of children ever born among parous women was below 2.1",A,,,
1.7130001,1.8031579,0.80000001,"in 279 of 705 country-cohorts, the average number of children ever born among parous women was below 2.1",A,,,
1.709,1.7820647,0.80000001,"in 279 of 705 country-cohorts, the average number of children ever born among parous women was below 2.1",A,,,
1.694,1.7645833,0.80000001,"in 279 of 705 country-cohorts, the average number of children ever born among parous women was below 2.1",A,,,
1.665,1.7544785,0.80000001,"in 279 of 705 country-cohorts, the average number of children ever born among parous women was below 2.1",A,,,
1.618,1.7625272,0.80000001,"in 279 of 705 country-cohorts, the average number of children ever born among parous women was below 2.1",A,,,
1.585,1.7611111,0.80000001,"in 279 of 705 country-cohorts, the average number of children ever born among parous women was below 2.1",A,,,
1.575,1.7736486,0.80000001,"in 279 of 705 country-cohorts, the average number of children ever born among parous women was below 2.1",A,,,
1.574,1.7988571,0.80000001,"in 279 of 705 country-cohorts, the average number of children ever born among parous women was below 2.1",A,,,
3.0769999,3.2699256,0.80000001,"in 279 of 705 country-cohorts, the average number of children ever born among parous women was below 2.1",A,,,
2.987,3.1912394,0.80000001,"in 279 of 705 country-cohorts, the average number of children ever born among parous women was below 2.1",A,,,
2.908,3.1035218,0.80000001,"in 279 of 705 country-cohorts, the average number of children ever born among parous women was below 2.1",A,,,
2.8329999,3.0138297,0.80000001,"in 279 of 705 country-cohorts, the average number of children ever born among parous women was below 2.1",A,,,
2.76,2.9113925,0.80000001,"in 279 of 705 country-cohorts, the average number of children ever born among parous women was below 2.1",A,,,
2.664,2.7983193,0.80000001,"in 279 of 705 country-cohorts, the average number of children ever born among parous women was below 2.1",A,,,
2.546,2.6743698,0.80000001,"in 279 of 705 country-cohorts, the average number of children ever born among parous women was below 2.1",A,,,
2.451,2.5584552,0.80000001,"in 279 of 705 country-cohorts, the average number of children ever born among parous women was below 2.1",A,,,
2.3429999,2.4741287,0.80000001,"in 279 of 705 country-cohorts, the average number of children ever born among parous women was below 2.1",A,,,
2.198,2.4153845,0.80000001,"in 279 of 705 country-cohorts, the average number of children ever born among parous women was below 2.1",A,,,
2.1140001,2.359375,0.80000001,"in 279 of 705 country-cohorts, the average number of children ever born among parous women was below 2.1",A,,,
2.1329999,2.2960172,0.80000001,"in 279 of 705 country-cohorts, the average number of children ever born among parous women was below 2.1",A,,,
2.1070001,2.2631578,0.80000001,"in 279 of 705 country-cohorts, the average number of children ever born among parous women was below 2.1",A,,,
2.0250001,2.2525027,0.80000001,"in 279 of 705 country-cohorts, the average number of children ever born among parous women was below 2.1",A,,,
1.9680001,2.2440138,0.80000001,"in 279 of 705 country-cohorts, the average number of children ever born among parous women was below 2.1",A,,,
1.927,2.2380953,0.80000001,"in 279 of 705 country-cohorts, the average number of children ever born among parous women was below 2.1",A,,,
1.897,2.2396693,0.80000001,"in 279 of 705 country-cohorts, the average number of children ever born among parous women was below 2.1",A,,,
1.882,2.2431467,0.80000001,"in 279 of 705 country-cohorts, the average number of children ever born among parous women was below 2.1",A,,,
1.873,2.2350836,0.80000001,"in 279 of 705 country-cohorts, the average number of children ever born among parous women was below 2.1",A,,,
1.863,2.2205007,0.80000001,"in 279 of 705 country-cohorts, the average number of children ever born among parous women was below 2.1",A,,,
1.852,2.2153111,0.80000001,"in 279 of 705 country-cohorts, the average number of children ever born among parous women was below 2.1",A,,,
1.844,2.2136855,0.80000001,"in 279 of 705 country-cohorts, the average number of children ever born among parous women was below 2.1",A,,,
1.846,2.21875,0.80000001,"in 279 of 705 country-cohorts, the average number of children ever born among parous women was below 2.1",A,,,
1.846,2.2267792,0.80000001,"in 279 of 705 country-cohorts, the average number of children ever born among parous women was below 2.1",A,,,
1.845,2.2309554,0.80000001,"in 279 of 705 country-cohorts, the average number of children ever born among parous women was below 2.1",A,,,
1.8329999,2.2299271,0.80000001,"in 279 of 705 country-cohorts, the average number of children ever born among parous women was below 2.1",A,,,
1.8099999,2.2235873,0.80000001,"in 279 of 705 country-cohorts, the average number of children ever born among parous women was below 2.1",A,,,
1.804,2.2162163,0.80000001,"in 279 of 705 country-cohorts, the average number of children ever born among parous women was below 2.1",A,,,
1.798,2.206135,0.80000001,"in 279 of 705 country-cohorts, the average number of children ever born among parous women was below 2.1",A,,,
1.779,2.2017326,0.80000001,"in 279 of 705 country-cohorts, the average number of children ever born among parous women was below 2.1",A,,,
1.767,2.2004981,0.80000001,"in 279 of 705 country-cohorts, the average number of children ever born among parous women was below 2.1",A,,,
1.772,2.1985111,0.80000001,"in 279 of 705 country-cohorts, the average number of children ever born among parous women was below 2.1",A,,,
1.7819999,2.2027194,0.80000001,"in 279 of 705 country-cohorts, the average number of children ever born among parous women was below 2.1",A,,,
1.786,2.2022195,0.80000001,"in 279 of 705 country-cohorts, the average number of children ever born among parous women was below 2.1",A,,,
1.788,2.1992619,0.80000001,"in 279 of 705 country-cohorts, the average number of children ever born among parous women was below 2.1",A,,,
1.784,2.1943419,0.80000001,"in 279 of 705 country-cohorts, the average number of children ever born among parous women was below 2.1",A,,,
1.795,2.199755,0.80000001,"in 279 of 705 country-cohorts, the average number of children ever born among parous women was below 2.1",A,,,
1.808,2.2075703,0.80000001,"in 279 of 705 country-cohorts, the average number of children ever born among parous women was below 2.1",A,,,
1.811,2.2112331,0.80000001,"in 279 of 705 country-cohorts, the average number of children ever born among parous women was below 2.1",A,,,
1.8279999,2.2157576,0.80000001,"in 279 of 705 country-cohorts, the average number of children ever born among parous women was below 2.1",A,,,
1.8200001,2.2195122,0.80000001,"in 279 of 705 country-cohorts, the average number of children ever born among parous women was below 2.1",A,,,
1.812,2.2260442,0.80000001,"in 279 of 705 country-cohorts, the average number of children ever born among parous women was below 2.1",A,,,
1.813,2.2327585,0.80000001,"in 279 of 705 country-cohorts, the average number of children ever born among parous women was below 2.1",A,,,
1.801,2.2344913,0.80000001,"in 279 of 705 country-cohorts, the average number of children ever born among parous women was below 2.1",A,,,
1.788,2.2377973,0.80000001,"in 279 of 705 country-cohorts, the average number of children ever born among parous women was below 2.1",A,,,
2.1129999,2.2818575,0.80000001,"in 279 of 705 country-cohorts, the average number of children ever born among parous women was below 2.1",A,,,
2.092,2.2689805,0.80000001,"in 279 of 705 country-cohorts, the average number of children ever born among parous women was below 2.1",A,,,
2.105,2.2658772,0.80000001,"in 279 of 705 country-cohorts, the average number of children ever born among parous women was below 2.1",A,,,
2.0910001,2.2605405,0.80000001,"in 279 of 705 country-cohorts, the average number of children ever born among parous women was below 2.1",A,,,
2.0899999,2.2594595,0.80000001,"in 279 of 705 country-cohorts, the average number of children ever born among parous women was below 2.1",A,,,
2.102,2.2385516,0.80000001,"in 279 of 705 country-cohorts, the average number of children ever born among parous women was below 2.1",A,,,
2.0639999,2.224138,0.80000001,"in 279 of 705 country-cohorts, the average number of children ever born among parous women was below 2.1",A,,,
2.04,2.2125814,0.80000001,"in 279 of 705 country-cohorts, the average number of children ever born among parous women was below 2.1",A,,,
2.066,2.2072649,0.80000001,"in 279 of 705 country-cohorts, the average number of children ever born among parous women was below 2.1",A,,,
2.046,2.2,0.80000001,"in 279 of 705 country-cohorts, the average number of children ever born among parous women was below 2.1",A,,,
2.0220001,2.2050164,0.80000001,"in 279 of 705 country-cohorts, the average number of children ever born among parous women was below 2.1",A,,,
2.0650001,2.2109208,0.80000001,"in 279 of 705 country-cohorts, the average number of children ever born among parous women was below 2.1",A,,,
2.086,2.2215123,0.80000001,"in 279 of 705 country-cohorts, the average number of children ever born among parous women was below 2.1",A,,,
2.0869999,2.2392704,0.80000001,"in 279 of 705 country-cohorts, the average number of children ever born among parous women was below 2.1",A,,,
2.098,2.2486603,0.80000001,"in 279 of 705 country-cohorts, the average number of children ever born among parous women was below 2.1",A,,,
2.108,2.2425532,0.80000001,"in 279 of 705 country-cohorts, the average number of children ever born among parous women was below 2.1",A,,,
2.1070001,2.2438765,0.80000001,"in 279 of 705 country-cohorts, the average number of children ever born among parous women was below 2.1",A,,,
2.0999999,2.2364218,0.80000001,"in 279 of 705 country-cohorts, the average number of children ever born among parous women was below 2.1",A,,,
2.086,2.226254,0.80000001,"in 279 of 705 country-cohorts, the average number of children ever born among parous women was below 2.1",A,,,
2.0799999,2.2127659,0.80000001,"in 279 of 705 country-cohorts, the average number of children ever born among parous women was below 2.1",A,,,
2.076,2.2061636,0.80000001,"in 279 of 705 country-cohorts, the average number of children ever born among parous women was below 2.1",A,,,
2.0769999,2.2025452,0.80000001,"in 279 of 705 country-cohorts, the average number of children ever born among parous women was below 2.1",A,,,
2.069,2.1987247,0.80000001,"in 279 of 705 country-cohorts, the average number of children ever born among parous women was below 2.1",A,,,
2.0510001,2.1959314,0.80000001,"in 279 of 705 country-cohorts, the average number of children ever born among parous women was below 2.1",A,,,
2.04,2.1818182,0.80000001,"in 279 of 705 country-cohorts, the average number of children ever born among parous women was below 2.1",A,,,
2.033,2.1673775,0.80000001,"in 279 of 705 country-cohorts, the average number of children ever born among parous women was below 2.1",A,,,
2.023,2.159018,0.80000001,"in 279 of 705 country-cohorts, the average number of children ever born among parous women was below 2.1",A,,,
2,2.1344717,0.80000001,"in 279 of 705 country-cohorts, the average number of children ever born among parous women was below 2.1",A,,,
1.977,2.1099253,0.80000001,"in 279 of 705 country-cohorts, the average number of children ever born among parous women was below 2.1",A,,,
1.967,2.1014957,0.80000001,"in 279 of 705 country-cohorts, the average number of children ever born among parous women was below 2.1",A,,,
1.955,2.0886753,0.80000001,"in 279 of 705 country-cohorts, the average number of children ever born among parous women was below 2.1",A,,,
1.931,2.076344,0.80000001,"in 279 of 705 country-cohorts, the average number of children ever born among parous women was below 2.1",A,,,
1.913,2.0748372,0.80000001,"in 279 of 705 country-cohorts, the average number of children ever born among parous women was below 2.1",A,,,
1.9,2.0652175,0.80000001,"in 279 of 705 country-cohorts, the average number of children ever born among parous women was below 2.1",A,,,
1.905,2.0528016,0.80000001,"in 279 of 705 country-cohorts, the average number of children ever born among parous women was below 2.1",A,,,
1.881,2.0357144,0.80000001,"in 279 of 705 country-cohorts, the average number of children ever born among parous women was below 2.1",A,,,
1.874,2.0391731,0.80000001,"in 279 of 705 country-cohorts, the average number of children ever born among parous women was below 2.1",A,,,
1.837,2.0343301,0.80000001,"in 279 of 705 country-cohorts, the average number of children ever born among parous women was below 2.1",A,,,
1.821,2.018847,0.80000001,"in 279 of 705 country-cohorts, the average number of children ever born among parous women was below 2.1",A,,,
1.819,2.0143964,0.80000001,"in 279 of 705 country-cohorts, the average number of children ever born among parous women was below 2.1",A,,,
1.772,2.0067949,0.80000001,"in 279 of 705 country-cohorts, the average number of children ever born among parous women was below 2.1",A,,,
1.76,1.9954648,0.80000001,"in 279 of 705 country-cohorts, the average number of children ever born among parous women was below 2.1",A,,,
1.737,1.9965518,0.80000001,"in 279 of 705 country-cohorts, the average number of children ever born among parous women was below 2.1",A,,,
1.853,2.1274397,0.80000001,"in 279 of 705 country-cohorts, the average number of children ever born among parous women was below 2.1",A,,,
1.851,2.1324885,0.80000001,"in 279 of 705 country-cohorts, the average number of children ever born among parous women was below 2.1",A,,,
1.8380001,2.1446908,0.80000001,"in 279 of 705 country-cohorts, the average number of children ever born among parous women was below 2.1",A,,,
1.848,2.1488373,0.80000001,"in 279 of 705 country-cohorts, the average number of children ever born among parous women was below 2.1",A,,,
1.8609999,2.1689978,0.80000001,"in 279 of 705 country-cohorts, the average number of children ever born among parous women was below 2.1",A,,,
1.864,2.1775701,0.80000001,"in 279 of 705 country-cohorts, the average number of children ever born among parous women was below 2.1",A,,,
1.877,2.200469,0.80000001,"in 279 of 705 country-cohorts, the average number of children ever born among parous women was below 2.1",A,,,
1.9,2.2196262,0.80000001,"in 279 of 705 country-cohorts, the average number of children ever born among parous women was below 2.1",A,,,
1.908,2.2315791,0.80000001,"in 279 of 705 country-cohorts, the average number of children ever born among parous women was below 2.1",A,,,
1.916,2.2435598,0.80000001,"in 279 of 705 country-cohorts, the average number of children ever born among parous women was below 2.1",A,,,
1.923,2.2517564,0.80000001,"in 279 of 705 country-cohorts, the average number of children ever born among parous women was below 2.1",A,,,
1.933,2.2502911,0.80000001,"in 279 of 705 country-cohorts, the average number of children ever born among parous women was below 2.1",A,,,
1.9349999,2.2473867,0.80000001,"in 279 of 705 country-cohorts, the average number of children ever born among parous women was below 2.1",A,,,
1.931,2.2505827,0.80000001,"in 279 of 705 country-cohorts, the average number of children ever born among parous women was below 2.1",A,,,
1.943,2.2619324,0.80000001,"in 279 of 705 country-cohorts, the average number of children ever born among parous women was below 2.1",A,,,
1.969,2.2736721,0.80000001,"in 279 of 705 country-cohorts, the average number of children ever born among parous women was below 2.1",A,,,
1.982,2.2807825,0.80000001,"in 279 of 705 country-cohorts, the average number of children ever born among parous women was below 2.1",A,,,
1.971,2.2733564,0.80000001,"in 279 of 705 country-cohorts, the average number of children ever born among parous women was below 2.1",A,,,
1.952,2.2645011,0.80000001,"in 279 of 705 country-cohorts, the average number of children ever born among parous women was below 2.1",A,,,
1.9579999,2.2583621,0.80000001,"in 279 of 705 country-cohorts, the average number of children ever born among parous women was below 2.1",A,,,
1.962,2.2577674,0.80000001,"in 279 of 705 country-cohorts, the average number of children ever born among parous women was below 2.1",A,,,
1.9579999,2.2531645,0.80000001,"in 279 of 705 country-cohorts, the average number of children ever born among parous women was below 2.1",A,,,
1.9579999,2.2531645,0.80000001,"in 279 of 705 country-cohorts, the average number of children ever born among parous women was below 2.1",A,,,
1.961,2.2462771,0.80000001,"in 279 of 705 country-cohorts, the average number of children ever born among parous women was below 2.1",A,,,
1.949,2.2299771,0.80000001,"in 279 of 705 country-cohorts, the average number of children ever born among parous women was below 2.1",A,,,
1.9299999,2.2183907,0.80000001,"in 279 of 705 country-cohorts, the average number of children ever born among parous women was below 2.1",A,,,
1.915,2.2087657,0.80000001,"in 279 of 705 country-cohorts, the average number of children ever born among parous women was below 2.1",A,,,
1.751,1.9348066,0.80000001,"in 279 of 705 country-cohorts, the average number of children ever born among parous women was below 2.1",A,,,
1.71,1.9084822,0.80000001,"in 279 of 705 country-cohorts, the average number of children ever born among parous women was below 2.1",A,,,
1.6799999,1.8897638,0.80000001,"in 279 of 705 country-cohorts, the average number of children ever born among parous women was below 2.1",A,,,
1.658,1.869222,0.80000001,"in 279 of 705 country-cohorts, the average number of children ever born among parous women was below 2.1",A,,,
1.638,1.8550396,0.80000001,"in 279 of 705 country-cohorts, the average number of children ever born among parous women was below 2.1",A,,,
1.602,1.8434982,0.80000001,"in 279 of 705 country-cohorts, the average number of children ever born among parous women was below 2.1",A,,,
1.574,1.8344989,0.80000001,"in 279 of 705 country-cohorts, the average number of children ever born among parous women was below 2.1",A,,,
1.5549999,1.8229778,0.80000001,"in 279 of 705 country-cohorts, the average number of children ever born among parous women was below 2.1",A,,,
1.527,1.8156956,0.80000001,"in 279 of 705 country-cohorts, the average number of children ever born among parous women was below 2.1",A,,,
1.497,1.8101572,0.80000001,"in 279 of 705 country-cohorts, the average number of children ever born among parous women was below 2.1",A,,,
1.476,1.8021978,0.80000001,"in 279 of 705 country-cohorts, the average number of children ever born among parous women was below 2.1",A,,,
1.449,1.7977668,0.80000001,"in 279 of 705 country-cohorts, the average number of children ever born among parous women was below 2.1",A,,,
1.42,1.7951959,0.80000001,"in 279 of 705 country-cohorts, the average number of children ever born among parous women was below 2.1",A,,,
1.402,1.7905492,0.80000001,"in 279 of 705 country-cohorts, the average number of children ever born among parous women was below 2.1",A,,,
1.3839999,1.7904269,0.80000001,"in 279 of 705 country-cohorts, the average number of children ever born among parous women was below 2.1",A,,,
1.365,1.7889909,0.80000001,"in 279 of 705 country-cohorts, the average number of children ever born among parous women was below 2.1",A,,,
1.357,1.7926024,0.80000001,"in 279 of 705 country-cohorts, the average number of children ever born among parous women was below 2.1",A,,,
1.3559999,1.7960265,0.80000001,"in 279 of 705 country-cohorts, the average number of children ever born among parous women was below 2.1",A,,,
1.353,1.7992021,0.80000001,"in 279 of 705 country-cohorts, the average number of children ever born among parous women was below 2.1",A,,,
1.357,1.8069241,0.80000001,"in 279 of 705 country-cohorts, the average number of children ever born among parous women was below 2.1",A,,,
1.8890001,2.0690033,0.80000001,"in 279 of 705 country-cohorts, the average number of children ever born among parous women was below 2.1",A,,,
1.873,2.0764966,0.80000001,"in 279 of 705 country-cohorts, the average number of children ever born among parous women was below 2.1",A,,,
1.8890001,2.0224838,0.80000001,"in 279 of 705 country-cohorts, the average number of children ever born among parous women was below 2.1",A,,,
1.91,2.0297556,0.80000001,"in 279 of 705 country-cohorts, the average number of children ever born among parous women was below 2.1",A,,,
1.916,2.0382979,0.80000001,"in 279 of 705 country-cohorts, the average number of children ever born among parous women was below 2.1",A,,,
1.988,2.0729928,0.80000001,"in 279 of 705 country-cohorts, the average number of children ever born among parous women was below 2.1",A,,,
1.964,2.0543933,0.80000001,"in 279 of 705 country-cohorts, the average number of children ever born among parous women was below 2.1",A,,,
2.0020001,2.057554,0.80000001,"in 279 of 705 country-cohorts, the average number of children ever born among parous women was below 2.1",A,,,
1.951,2.0623679,0.80000001,"in 279 of 705 country-cohorts, the average number of children ever born among parous women was below 2.1",A,,,
1.9630001,2.0663159,0.80000001,"in 279 of 705 country-cohorts, the average number of children ever born among parous women was below 2.1",A,,,
1.973,2.0944798,0.80000001,"in 279 of 705 country-cohorts, the average number of children ever born among parous women was below 2.1",A,,,
1.97,2.0979767,0.80000001,"in 279 of 705 country-cohorts, the average number of children ever born among parous women was below 2.1",A,,,
2.0220001,2.0996885,0.80000001,"in 279 of 705 country-cohorts, the average number of children ever born among parous women was below 2.1",A,,,
2.027,2.0918472,0.80000001,"in 279 of 705 country-cohorts, the average number of children ever born among parous women was below 2.1",A,,,
2.0350001,2.0807772,0.80000001,"in 279 of 705 country-cohorts, the average number of children ever born among parous women was below 2.1",A,,,
2.0599999,2.0766129,0.80000001,"in 279 of 705 country-cohorts, the average number of children ever born among parous women was below 2.1",A,,,
2.062,2.0682046,0.80000001,"in 279 of 705 country-cohorts, the average number of children ever born among parous women was below 2.1",A,,,
1.994,2.0663211,0.80000001,"in 279 of 705 country-cohorts, the average number of children ever born among parous women was below 2.1",A,,,
1.97,2.0628271,0.80000001,"in 279 of 705 country-cohorts, the average number of children ever born among parous women was below 2.1",A,,,
1.9119999,2.0603449,0.80000001,"in 279 of 705 country-cohorts, the average number of children ever born among parous women was below 2.1",A,,,
1.882,2.0613363,0.80000001,"in 279 of 705 country-cohorts, the average number of children ever born among parous women was below 2.1",A,,,
1.9069999,2.0593953,0.80000001,"in 279 of 705 country-cohorts, the average number of children ever born among parous women was below 2.1",A,,,
1.8660001,2.0393443,0.80000001,"in 279 of 705 country-cohorts, the average number of children ever born among parous women was below 2.1",A,,,
1.874,2.0458515,0.80000001,"in 279 of 705 country-cohorts, the average number of children ever born among parous women was below 2.1",A,,,
1.877,2.0468919,0.80000001,"in 279 of 705 country-cohorts, the average number of children ever born among parous women was below 2.1",A,,,
1.86,2.0552487,0.80000001,"in 279 of 705 country-cohorts, the average number of children ever born among parous women was below 2.1",A,,,
1.867,2.0652654,0.80000001,"in 279 of 705 country-cohorts, the average number of children ever born among parous women was below 2.1",A,,,
1.84,2.0581656,0.80000001,"in 279 of 705 country-cohorts, the average number of children ever born among parous women was below 2.1",A,,,
1.829,2.0855188,0.80000001,"in 279 of 705 country-cohorts, the average number of children ever born among parous women was below 2.1",A,,,
1.8609999,2.1244292,0.80000001,"in 279 of 705 country-cohorts, the average number of children ever born among parous women was below 2.1",A,,,
1.841,2.1088202,0.80000001,"in 279 of 705 country-cohorts, the average number of children ever born among parous women was below 2.1",A,,,
1.8559999,2.1308839,0.80000001,"in 279 of 705 country-cohorts, the average number of children ever born among parous women was below 2.1",A,,,
1.854,2.1334867,0.80000001,"in 279 of 705 country-cohorts, the average number of children ever born among parous women was below 2.1",A,,,
1.867,2.1435132,0.80000001,"in 279 of 705 country-cohorts, the average number of children ever born among parous women was below 2.1",A,,,
1.868,2.1620371,0.80000001,"in 279 of 705 country-cohorts, the average number of children ever born among parous women was below 2.1",A,,,
1.8789999,2.1925321,0.80000001,"in 279 of 705 country-cohorts, the average number of children ever born among parous women was below 2.1",A,,,
1.89,2.3654568,0.80000001,"in 279 of 705 country-cohorts, the average number of children ever born among parous women was below 2.1",A,,,
1.914,2.3924999,0.80000001,"in 279 of 705 country-cohorts, the average number of children ever born among parous women was below 2.1",A,,,
1.904,2.3800001,0.80000001,"in 279 of 705 country-cohorts, the average number of children ever born among parous women was below 2.1",A,,,
1.887,2.3765743,0.80000001,"in 279 of 705 country-cohorts, the average number of children ever born among parous women was below 2.1",A,,,
1.893,2.3811321,0.80000001,"in 279 of 705 country-cohorts, the average number of children ever born among parous women was below 2.1",A,,,
1.909,2.4042821,0.80000001,"in 279 of 705 country-cohorts, the average number of children ever born among parous women was below 2.1",A,,,
1.898,2.3874214,0.80000001,"in 279 of 705 country-cohorts, the average number of children ever born among parous women was below 2.1",A,,,
1.892,2.3709273,0.80000001,"in 279 of 705 country-cohorts, the average number of children ever born among parous women was below 2.1",A,,,
1.91,2.3785803,0.80000001,"in 279 of 705 country-cohorts, the average number of children ever born among parous women was below 2.1",A,,,
1.891,2.3696742,0.80000001,"in 279 of 705 country-cohorts, the average number of children ever born among parous women was below 2.1",A,,,
1.891,2.3667083,0.80000001,"in 279 of 705 country-cohorts, the average number of children ever born among parous women was below 2.1",A,,,
1.872,2.3636363,0.80000001,"in 279 of 705 country-cohorts, the average number of children ever born among parous women was below 2.1",A,,,
1.849,2.3494282,0.80000001,"in 279 of 705 country-cohorts, the average number of children ever born among parous women was below 2.1",A,,,
1.978,2.1664841,0.80000001,"in 279 of 705 country-cohorts, the average number of children ever born among parous women was below 2.1",A,,,
1.949,2.1441145,0.80000001,"in 279 of 705 country-cohorts, the average number of children ever born among parous women was below 2.1",A,,,
1.932,2.1254125,0.80000001,"in 279 of 705 country-cohorts, the average number of children ever born among parous women was below 2.1",A,,,
1.923,2.1131868,0.80000001,"in 279 of 705 country-cohorts, the average number of children ever born among parous women was below 2.1",A,,,
1.931,2.1057796,0.80000001,"in 279 of 705 country-cohorts, the average number of children ever born among parous women was below 2.1",A,,,
1.898,2.0903084,0.80000001,"in 279 of 705 country-cohorts, the average number of children ever born among parous women was below 2.1",A,,,
1.918,2.0893247,0.80000001,"in 279 of 705 country-cohorts, the average number of children ever born among parous women was below 2.1",A,,,
1.918,2.0984683,0.80000001,"in 279 of 705 country-cohorts, the average number of children ever born among parous women was below 2.1",A,,,
1.906,2.1014333,0.80000001,"in 279 of 705 country-cohorts, the average number of children ever born among parous women was below 2.1",A,,,
1.914,2.0963855,0.80000001,"in 279 of 705 country-cohorts, the average number of children ever born among parous women was below 2.1",A,,,
1.928,2.1025081,0.80000001,"in 279 of 705 country-cohorts, the average number of children ever born among parous women was below 2.1",A,,,
1.946,2.126776,0.80000001,"in 279 of 705 country-cohorts, the average number of children ever born among parous women was below 2.1",A,,,
1.974,2.1550219,0.80000001,"in 279 of 705 country-cohorts, the average number of children ever born among parous women was below 2.1",A,,,
1.955,2.1412923,0.80000001,"in 279 of 705 country-cohorts, the average number of children ever born among parous women was below 2.1",A,,,
1.971,2.1447225,0.80000001,"in 279 of 705 country-cohorts, the average number of children ever born among parous women was below 2.1",A,,,
1.956,2.1400437,0.80000001,"in 279 of 705 country-cohorts, the average number of children ever born among parous women was below 2.1",A,,,
1.933,2.1171961,0.80000001,"in 279 of 705 country-cohorts, the average number of children ever born among parous women was below 2.1",A,,,
1.938,2.1134133,0.80000001,"in 279 of 705 country-cohorts, the average number of children ever born among parous women was below 2.1",A,,,
1.95,2.1264994,0.80000001,"in 279 of 705 country-cohorts, the average number of children ever born among parous women was below 2.1",A,,,
1.974,2.1409979,0.80000001,"in 279 of 705 country-cohorts, the average number of children ever born among parous women was below 2.1",A,,,
2.02,2.1790724,0.80000001,"in 279 of 705 country-cohorts, the average number of children ever born among parous women was below 2.1",A,,,
2.0150001,2.168999,0.80000001,"in 279 of 705 country-cohorts, the average number of children ever born among parous women was below 2.1",A,,,
2.026,2.1784947,0.80000001,"in 279 of 705 country-cohorts, the average number of children ever born among parous women was below 2.1",A,,,
2.0239999,2.1857452,0.80000001,"in 279 of 705 country-cohorts, the average number of children ever born among parous women was below 2.1",A,,,
2.04,2.1888411,0.80000001,"in 279 of 705 country-cohorts, the average number of children ever born among parous women was below 2.1",A,,,
2.0409999,2.1993535,0.80000001,"in 279 of 705 country-cohorts, the average number of children ever born among parous women was below 2.1",A,,,
2.0190001,2.1921823,0.80000001,"in 279 of 705 country-cohorts, the average number of children ever born among parous women was below 2.1",A,,,
2.0050001,2.1817193,0.80000001,"in 279 of 705 country-cohorts, the average number of children ever born among parous women was below 2.1",A,,,
1.995,2.1803279,0.80000001,"in 279 of 705 country-cohorts, the average number of children ever born among parous women was below 2.1",A,,,
1.979,2.1652079,0.80000001,"in 279 of 705 country-cohorts, the average number of children ever born among parous women was below 2.1",A,,,
1.96,2.1467688,0.80000001,"in 279 of 705 country-cohorts, the average number of children ever born among parous women was below 2.1",A,,,
1.926,2.137625,0.80000001,"in 279 of 705 country-cohorts, the average number of children ever born among parous women was below 2.1",A,,,
1.906,2.1201334,0.80000001,"in 279 of 705 country-cohorts, the average number of children ever born among parous women was below 2.1",A,,,
1.867,2.1119909,0.80000001,"in 279 of 705 country-cohorts, the average number of children ever born among parous women was below 2.1",A,,,
1.848,2.1071837,0.80000001,"in 279 of 705 country-cohorts, the average number of children ever born among parous women was below 2.1",A,,,
1.7920001,2.0861466,0.80000001,"in 279 of 705 country-cohorts, the average number of children ever born among parous women was below 2.1",A,,,
1.785,2.0950704,0.80000001,"in 279 of 705 country-cohorts, the average number of children ever born among parous women was below 2.1",A,,,
1.725,2.0511296,0.80000001,"in 279 of 705 country-cohorts, the average number of children ever born among parous women was below 2.1",A,,,
1.6849999,2.0301204,0.80000001,"in 279 of 705 country-cohorts, the average number of children ever born among parous women was below 2.1",A,,,
1.661,2.0206814,0.80000001,"in 279 of 705 country-cohorts, the average number of children ever born among parous women was below 2.1",A,,,
2.6659999,3.0433791,0.80000001,"in 279 of 705 country-cohorts, the average number of children ever born among parous women was below 2.1",A,,,
2.5769999,2.968894,0.80000001,"in 279 of 705 country-cohorts, the average number of children ever born among parous women was below 2.1",A,,,
2.5350001,2.9272518,0.80000001,"in 279 of 705 country-cohorts, the average number of children ever born among parous women was below 2.1",A,,,
2.487,2.8718245,0.80000001,"in 279 of 705 country-cohorts, the average number of children ever born among parous women was below 2.1",A,,,
2.4460001,2.8375871,0.80000001,"in 279 of 705 country-cohorts, the average number of children ever born among parous women was below 2.1",A,,,
2.414,2.8102446,0.80000001,"in 279 of 705 country-cohorts, the average number of children ever born among parous women was below 2.1",A,,,
2.346,2.7829182,0.80000001,"in 279 of 705 country-cohorts, the average number of children ever born among parous women was below 2.1",A,,,
2.309,2.7520859,0.80000001,"in 279 of 705 country-cohorts, the average number of children ever born among parous women was below 2.1",A,,,
2.283,2.7178571,0.80000001,"in 279 of 705 country-cohorts, the average number of children ever born among parous women was below 2.1",A,,,
2.2409999,2.6902761,0.80000001,"in 279 of 705 country-cohorts, the average number of children ever born among parous women was below 2.1",A,,,
2.207,2.6849148,0.80000001,"in 279 of 705 country-cohorts, the average number of children ever born among parous women was below 2.1",A,,,
2.1730001,2.6761084,0.80000001,"in 279 of 705 country-cohorts, the average number of children ever born among parous women was below 2.1",A,,,
2.175,2.6492083,0.80000001,"in 279 of 705 country-cohorts, the average number of children ever born among parous women was below 2.1",A,,,
2.174,2.609844,0.80000001,"in 279 of 705 country-cohorts, the average number of children ever born among parous women was below 2.1",A,,,
2.1470001,2.5898674,0.80000001,"in 279 of 705 country-cohorts, the average number of children ever born among parous women was below 2.1",A,,,
2.1159999,2.5648484,0.80000001,"in 279 of 705 country-cohorts, the average number of children ever born among parous women was below 2.1",A,,,
2.0999999,2.5210085,0.80000001,"in 279 of 705 country-cohorts, the average number of children ever born among parous women was below 2.1",A,,,
2.1029999,2.5125449,0.80000001,"in 279 of 705 country-cohorts, the average number of children ever born among parous women was below 2.1",A,,,
2.095,2.4970202,0.80000001,"in 279 of 705 country-cohorts, the average number of children ever born among parous women was below 2.1",A,,,
2.0769999,2.4755661,0.80000001,"in 279 of 705 country-cohorts, the average number of children ever born among parous women was below 2.1",A,,,
2.053,2.4705174,0.80000001,"in 279 of 705 country-cohorts, the average number of children ever born among parous women was below 2.1",A,,,
2.04,2.4372759,0.80000001,"in 279 of 705 country-cohorts, the average number of children ever born among parous women was below 2.1",A,,,
2.029,2.4011834,0.80000001,"in 279 of 705 country-cohorts, the average number of children ever born among parous women was below 2.1",A,,,
2.016,2.3829787,0.80000001,"in 279 of 705 country-cohorts, the average number of children ever born among parous women was below 2.1",A,,,
2.211,2.5011313,0.80000001,"in 279 of 705 country-cohorts, the average number of children ever born among parous women was below 2.1",A,,,
2.223,2.4295082,0.80000001,"in 279 of 705 country-cohorts, the average number of children ever born among parous women was below 2.1",A,,,
2.1889999,2.4295228,0.80000001,"in 279 of 705 country-cohorts, the average number of children ever born among parous women was below 2.1",A,,,
2.2490001,2.4660087,0.80000001,"in 279 of 705 country-cohorts, the average number of children ever born among parous women was below 2.1",A,,,
2.22,2.4156692,0.80000001,"in 279 of 705 country-cohorts, the average number of children ever born among parous women was below 2.1",A,,,
1.99,2.2409909,0.80000001,"in 279 of 705 country-cohorts, the average number of children ever born among parous women was below 2.1",A,,,
1.985,2.248018,0.80000001,"in 279 of 705 country-cohorts, the average number of children ever born among parous women was below 2.1",A,,,
1.979,2.2463109,0.80000001,"in 279 of 705 country-cohorts, the average number of children ever born among parous women was below 2.1",A,,,
1.948,2.241657,0.80000001,"in 279 of 705 country-cohorts, the average number of children ever born among parous women was below 2.1",A,,,
1.92,2.2325583,0.80000001,"in 279 of 705 country-cohorts, the average number of children ever born among parous women was below 2.1",A,,,
1.91,2.2235157,0.80000001,"in 279 of 705 country-cohorts, the average number of children ever born among parous women was below 2.1",A,,,
1.872,2.2075472,0.80000001,"in 279 of 705 country-cohorts, the average number of children ever born among parous women was below 2.1",A,,,
1.827,2.1906474,0.80000001,"in 279 of 705 country-cohorts, the average number of children ever born among parous women was below 2.1",A,,,
1.786,2.1701093,0.80000001,"in 279 of 705 country-cohorts, the average number of children ever born among parous women was below 2.1",A,,,
1.744,2.1477833,0.80000001,"in 279 of 705 country-cohorts, the average number of children ever born among parous women was below 2.1",A,,,
1.699,2.1264081,0.80000001,"in 279 of 705 country-cohorts, the average number of children ever born among parous women was below 2.1",A,,,
1.689,2.1059849,0.80000001,"in 279 of 705 country-cohorts, the average number of children ever born among parous women was below 2.1",A,,,
1.626,2.0872915,0.80000001,"in 279 of 705 country-cohorts, the average number of children ever born among parous women was below 2.1",A,,,
1.527,2.0691056,0.80000001,"in 279 of 705 country-cohorts, the average number of children ever born among parous women was below 2.1",A,,,
1.544,2.0504649,0.80000001,"in 279 of 705 country-cohorts, the average number of children ever born among parous women was below 2.1",A,,,
1.538,2.0343916,0.80000001,"in 279 of 705 country-cohorts, the average number of children ever born among parous women was below 2.1",A,,,
1.487,2.0231292,0.80000001,"in 279 of 705 country-cohorts, the average number of children ever born among parous women was below 2.1",A,,,
1.47,2.0109439,0.80000001,"in 279 of 705 country-cohorts, the average number of children ever born among parous women was below 2.1",A,,,
1.455,2.0013754,0.80000001,"in 279 of 705 country-cohorts, the average number of children ever born among parous women was below 2.1",A,,,
1.4450001,1.9958564,0.80000001,"in 279 of 705 country-cohorts, the average number of children ever born among parous women was below 2.1",A,,,
1.443,1.9958506,0.80000001,"in 279 of 705 country-cohorts, the average number of children ever born among parous women was below 2.1",A,,,
1.438,1.9944521,0.80000001,"in 279 of 705 country-cohorts, the average number of children ever born among parous women was below 2.1",A,,,
1.432,1.9972106,0.80000001,"in 279 of 705 country-cohorts, the average number of children ever born among parous women was below 2.1",A,,,
1.439,2.0041783,0.80000001,"in 279 of 705 country-cohorts, the average number of children ever born among parous women was below 2.1",A,,,
1.455,2.0096686,0.80000001,"in 279 of 705 country-cohorts, the average number of children ever born among parous women was below 2.1",A,,,
1.471,2.0178328,0.80000001,"in 279 of 705 country-cohorts, the average number of children ever born among parous women was below 2.1",A,,,
1.479,2.0315933,0.80000001,"in 279 of 705 country-cohorts, the average number of children ever born among parous women was below 2.1",A,,,
1.95,2.0656779,0.80000001,"in 279 of 705 country-cohorts, the average number of children ever born among parous women was below 2.1",A,,,
1.954,2.0611815,0.80000001,"in 279 of 705 country-cohorts, the average number of children ever born among parous women was below 2.1",A,,,
1.993,2.0399182,0.80000001,"in 279 of 705 country-cohorts, the average number of children ever born among parous women was below 2.1",A,,,
1.949,2.0010266,0.80000001,"in 279 of 705 country-cohorts, the average number of children ever born among parous women was below 2.1",A,,,
1.929,1.9804928,0.80000001,"in 279 of 705 country-cohorts, the average number of children ever born among parous women was below 2.1",A,,,
1.911,1.9782609,0.80000001,"in 279 of 705 country-cohorts, the average number of children ever born among parous women was below 2.1",A,,,
1.824,1.9956236,0.80000001,"in 279 of 705 country-cohorts, the average number of children ever born among parous women was below 2.1",A,,,
1.755,2.0242214,0.80000001,"in 279 of 705 country-cohorts, the average number of children ever born among parous women was below 2.1",A,,,
1.7359999,2.0304093,0.80000001,"in 279 of 705 country-cohorts, the average number of children ever born among parous women was below 2.1",A,,,
1.722,2.0330579,0.80000001,"in 279 of 705 country-cohorts, the average number of children ever born among parous women was below 2.1",A,,,
1.734,2.0448112,0.80000001,"in 279 of 705 country-cohorts, the average number of children ever born among parous women was below 2.1",A,,,
1.7309999,2.0388691,0.80000001,"in 279 of 705 country-cohorts, the average number of children ever born among parous women was below 2.1",A,,,
1.7309999,2.026932,0.80000001,"in 279 of 705 country-cohorts, the average number of children ever born among parous women was below 2.1",A,,,
1.7539999,2.0045714,0.80000001,"in 279 of 705 country-cohorts, the average number of children ever born among parous women was below 2.1",A,,,
1.767,2.0034013,0.80000001,"in 279 of 705 country-cohorts, the average number of children ever born among parous women was below 2.1",A,,,
1.742,1.986317,0.80000001,"in 279 of 705 country-cohorts, the average number of children ever born among parous women was below 2.1",A,,,
1.728,1.9884925,0.80000001,"in 279 of 705 country-cohorts, the average number of children ever born among parous women was below 2.1",A,,,
1.698,1.9952997,0.80000001,"in 279 of 705 country-cohorts, the average number of children ever born among parous women was below 2.1",A,,,
1.699,2.0082743,0.80000001,"in 279 of 705 country-cohorts, the average number of children ever born among parous women was below 2.1",A,,,
1.726,2.0023203,0.80000001,"in 279 of 705 country-cohorts, the average number of children ever born among parous women was below 2.1",A,,,
1.7410001,2.0244186,0.80000001,"in 279 of 705 country-cohorts, the average number of children ever born among parous women was below 2.1",A,,,
1.771,2.0473988,0.80000001,"in 279 of 705 country-cohorts, the average number of children ever born among parous women was below 2.1",A,,,
2.4990001,2.8301246,0.80000001,"in 279 of 705 country-cohorts, the average number of children ever born among parous women was below 2.1",A,,,
2.4319999,2.7604995,0.80000001,"in 279 of 705 country-cohorts, the average number of children ever born among parous women was below 2.1",A,,,
2.4070001,2.6804008,0.80000001,"in 279 of 705 country-cohorts, the average number of children ever born among parous women was below 2.1",A,,,
2.3169999,2.6359499,0.80000001,"in 279 of 705 country-cohorts, the average number of children ever born among parous women was below 2.1",A,,,
2.267,2.5644796,0.80000001,"in 279 of 705 country-cohorts, the average number of children ever born among parous women was below 2.1",A,,,
2.214,2.5130534,0.80000001,"in 279 of 705 country-cohorts, the average number of children ever born among parous women was below 2.1",A,,,
2.184,2.4266667,0.80000001,"in 279 of 705 country-cohorts, the average number of children ever born among parous women was below 2.1",A,,,
2.1240001,2.3892014,0.80000001,"in 279 of 705 country-cohorts, the average number of children ever born among parous women was below 2.1",A,,,
2.0810001,2.3199553,0.80000001,"in 279 of 705 country-cohorts, the average number of children ever born among parous women was below 2.1",A,,,
2.0469999,2.2871509,0.80000001,"in 279 of 705 country-cohorts, the average number of children ever born among parous women was below 2.1",A,,,
1.997,2.2616081,0.80000001,"in 279 of 705 country-cohorts, the average number of children ever born among parous women was below 2.1",A,,,
1.947,2.204983,0.80000001,"in 279 of 705 country-cohorts, the average number of children ever born among parous women was below 2.1",A,,,
1.919,2.2006881,0.80000001,"in 279 of 705 country-cohorts, the average number of children ever born among parous women was below 2.1",A,,,
1.9170001,2.1983945,0.80000001,"in 279 of 705 country-cohorts, the average number of children ever born among parous women was below 2.1",A,,,
1.89,2.195122,0.80000001,"in 279 of 705 country-cohorts, the average number of children ever born among parous women was below 2.1",A,,,
1.9,2.2248244,0.80000001,"in 279 of 705 country-cohorts, the average number of children ever born among parous women was below 2.1",A,,,
1.875,2.2136953,0.80000001,"in 279 of 705 country-cohorts, the average number of children ever born among parous women was below 2.1",A,,,
1.875,2.2294886,0.80000001,"in 279 of 705 country-cohorts, the average number of children ever born among parous women was below 2.1",A,,,
1.869,2.232975,0.80000001,"in 279 of 705 country-cohorts, the average number of children ever born among parous women was below 2.1",A,,,
1.876,2.2467065,0.80000001,"in 279 of 705 country-cohorts, the average number of children ever born among parous women was below 2.1",A,,,
1.868,2.2533174,0.80000001,"in 279 of 705 country-cohorts, the average number of children ever born among parous women was below 2.1",A,,,
1.874,2.2578313,0.80000001,"in 279 of 705 country-cohorts, the average number of children ever born among parous women was below 2.1",A,,,
1.8710001,2.2596619,0.80000001,"in 279 of 705 country-cohorts, the average number of children ever born among parous women was below 2.1",A,,,
1.867,2.2685297,0.80000001,"in 279 of 705 country-cohorts, the average number of children ever born among parous women was below 2.1",A,,,
1.853,2.2515187,0.80000001,"in 279 of 705 country-cohorts, the average number of children ever born among parous women was below 2.1",A,,,
1.863,2.25,0.80000001,"in 279 of 705 country-cohorts, the average number of children ever born among parous women was below 2.1",A,,,
1.83,2.2317073,0.80000001,"in 279 of 705 country-cohorts, the average number of children ever born among parous women was below 2.1",A,,,
1.831,2.2247875,0.80000001,"in 279 of 705 country-cohorts, the average number of children ever born among parous women was below 2.1",A,,,
1.809,2.2060976,0.80000001,"in 279 of 705 country-cohorts, the average number of children ever born among parous women was below 2.1",A,,,
1.794,2.1931541,0.80000001,"in 279 of 705 country-cohorts, the average number of children ever born among parous women was below 2.1",A,,,
1.785,2.1794872,0.80000001,"in 279 of 705 country-cohorts, the average number of children ever born among parous women was below 2.1",A,,,
1.777,2.1723716,0.80000001,"in 279 of 705 country-cohorts, the average number of children ever born among parous women was below 2.1",A,,,
1.7690001,2.1599512,0.80000001,"in 279 of 705 country-cohorts, the average number of children ever born among parous women was below 2.1",A,,,
1.768,2.1456311,0.80000001,"in 279 of 705 country-cohorts, the average number of children ever born among parous women was below 2.1",A,,,
1.756,2.131068,0.80000001,"in 279 of 705 country-cohorts, the average number of children ever born among parous women was below 2.1",A,,,
1.758,2.1334951,0.80000001,"in 279 of 705 country-cohorts, the average number of children ever born among parous women was below 2.1",A,,,
1.753,2.130012,0.80000001,"in 279 of 705 country-cohorts, the average number of children ever born among parous women was below 2.1",A,,,
1.765,2.1342201,0.80000001,"in 279 of 705 country-cohorts, the average number of children ever born among parous women was below 2.1",A,,,
1.768,2.1352656,0.80000001,"in 279 of 705 country-cohorts, the average number of children ever born among parous women was below 2.1",A,,,
1.778,2.1370192,0.80000001,"in 279 of 705 country-cohorts, the average number of children ever born among parous women was below 2.1",A,,,
1.7819999,2.1418269,0.80000001,"in 279 of 705 country-cohorts, the average number of children ever born among parous women was below 2.1",A,,,
1.7819999,2.1392558,0.80000001,"in 279 of 705 country-cohorts, the average number of children ever born among parous women was below 2.1",A,,,
1.8,2.1479714,0.80000001,"in 279 of 705 country-cohorts, the average number of children ever born among parous women was below 2.1",A,,,
1.786,2.1363637,0.80000001,"in 279 of 705 country-cohorts, the average number of children ever born among parous women was below 2.1",A,,,
1.7920001,2.1409798,0.80000001,"in 279 of 705 country-cohorts, the average number of children ever born among parous women was below 2.1",A,,,
2.062,2.3142536,0.80000001,"in 279 of 705 country-cohorts, the average number of children ever born among parous women was below 2.1",A,,,
2.0409999,2.3036118,0.80000001,"in 279 of 705 country-cohorts, the average number of children ever born among parous women was below 2.1",A,,,
2.0480001,2.3219955,0.80000001,"in 279 of 705 country-cohorts, the average number of children ever born among parous women was below 2.1",A,,,
2.0510001,2.3253968,0.80000001,"in 279 of 705 country-cohorts, the average number of children ever born among parous women was below 2.1",A,,,
2.0539999,2.3287983,0.80000001,"in 279 of 705 country-cohorts, the average number of children ever born among parous women was below 2.1",A,,,
2.062,2.3485193,0.80000001,"in 279 of 705 country-cohorts, the average number of children ever born among parous women was below 2.1",A,,,
2.0699999,2.3603194,0.80000001,"in 279 of 705 country-cohorts, the average number of children ever born among parous women was below 2.1",A,,,
2.0799999,2.3636363,0.80000001,"in 279 of 705 country-cohorts, the average number of children ever born among parous women was below 2.1",A,,,
2.092,2.3772728,0.80000001,"in 279 of 705 country-cohorts, the average number of children ever born among parous women was below 2.1",A,,,
2.0880001,2.3754265,0.80000001,"in 279 of 705 country-cohorts, the average number of children ever born among parous women was below 2.1",A,,,
2.092,2.3799772,0.80000001,"in 279 of 705 country-cohorts, the average number of children ever born among parous women was below 2.1",A,,,
2.0840001,2.3735764,0.80000001,"in 279 of 705 country-cohorts, the average number of children ever born among parous women was below 2.1",A,,,
2.0810001,2.3701594,0.80000001,"in 279 of 705 country-cohorts, the average number of children ever born among parous women was below 2.1",A,,,
2.0739999,2.3514738,0.80000001,"in 279 of 705 country-cohorts, the average number of children ever born among parous women was below 2.1",A,,,
2.075,2.3419864,0.80000001,"in 279 of 705 country-cohorts, the average number of children ever born among parous women was below 2.1",A,,,
2.0710001,2.3374717,0.80000001,"in 279 of 705 country-cohorts, the average number of children ever born among parous women was below 2.1",A,,,
2.079,2.3307176,0.80000001,"in 279 of 705 country-cohorts, the average number of children ever born among parous women was below 2.1",A,,,
2.0669999,2.330327,0.80000001,"in 279 of 705 country-cohorts, the average number of children ever born among parous women was below 2.1",A,,,
2.062,2.3194602,0.80000001,"in 279 of 705 country-cohorts, the average number of children ever born among parous women was below 2.1",A,,,
2.0469999,2.3025873,0.80000001,"in 279 of 705 country-cohorts, the average number of children ever born among parous women was below 2.1",A,,,
2.043,2.2903588,0.80000001,"in 279 of 705 country-cohorts, the average number of children ever born among parous women was below 2.1",A,,,
2.04,2.2818792,0.80000001,"in 279 of 705 country-cohorts, the average number of children ever born among parous women was below 2.1",A,,,
2.0239999,2.2767155,0.80000001,"in 279 of 705 country-cohorts, the average number of children ever born among parous women was below 2.1",A,,,
2.02,2.2799096,0.80000001,"in 279 of 705 country-cohorts, the average number of children ever born among parous women was below 2.1",A,,,
2.0190001,2.2787809,0.80000001,"in 279 of 705 country-cohorts, the average number of children ever born among parous women was below 2.1",A,,,
2.0109999,2.2570145,0.80000001,"in 279 of 705 country-cohorts, the average number of children ever born among parous women was below 2.1",A,,,
1.982,2.2471654,0.80000001,"in 279 of 705 country-cohorts, the average number of children ever born among parous women was below 2.1",A,,,
1.967,2.2301588,0.80000001,"in 279 of 705 country-cohorts, the average number of children ever born among parous women was below 2.1",A,,,
2.181,2.4341519,0.80000001,"in 279 of 705 country-cohorts, the average number of children ever born among parous women was below 2.1",A,,,
2.197,2.446548,0.80000001,"in 279 of 705 country-cohorts, the average number of children ever born among parous women was below 2.1",A,,,
2.2030001,2.4369469,0.80000001,"in 279 of 705 country-cohorts, the average number of children ever born among parous women was below 2.1",A,,,
2.2119999,2.4388092,0.80000001,"in 279 of 705 country-cohorts, the average number of children ever born among parous women was below 2.1",A,,,
2.1700001,2.4300113,0.80000001,"in 279 of 705 country-cohorts, the average number of children ever born among parous women was below 2.1",A,,,
2.145,2.4209933,0.80000001,"in 279 of 705 country-cohorts, the average number of children ever born among parous women was below 2.1",A,,,
2.109,2.4130435,0.80000001,"in 279 of 705 country-cohorts, the average number of children ever born among parous women was below 2.1",A,,,
2.072,2.3981481,0.80000001,"in 279 of 705 country-cohorts, the average number of children ever born among parous women was below 2.1",A,,,
2.05,2.3672056,0.80000001,"in 279 of 705 country-cohorts, the average number of children ever born among parous women was below 2.1",A,,,
2.03,2.344111,0.80000001,"in 279 of 705 country-cohorts, the average number of children ever born among parous women was below 2.1",A,,,
2.0009999,2.3213458,0.80000001,"in 279 of 705 country-cohorts, the average number of children ever born among parous women was below 2.1",A,,,
1.967,2.2872093,0.80000001,"in 279 of 705 country-cohorts, the average number of children ever born among parous women was below 2.1",A,,,
1.916,2.2488263,0.80000001,"in 279 of 705 country-cohorts, the average number of children ever born among parous women was below 2.1",A,,,
1.891,2.2116959,0.80000001,"in 279 of 705 country-cohorts, the average number of children ever born among parous women was below 2.1",A,,,
1.818,2.169451,0.80000001,"in 279 of 705 country-cohorts, the average number of children ever born among parous women was below 2.1",A,,,
1.768,2.13269,0.80000001,"in 279 of 705 country-cohorts, the average number of children ever born among parous women was below 2.1",A,,,
1.709,2.0917993,0.80000001,"in 279 of 705 country-cohorts, the average number of children ever born among parous women was below 2.1",A,,,
1.6720001,2.0591133,0.80000001,"in 279 of 705 country-cohorts, the average number of children ever born among parous women was below 2.1",A,,,
1.641,2.023428,0.80000001,"in 279 of 705 country-cohorts, the average number of children ever born among parous women was below 2.1",A,,,
1.599,1.9937656,0.80000001,"in 279 of 705 country-cohorts, the average number of children ever born among parous women was below 2.1",A,,,
1.573,1.9736512,0.80000001,"in 279 of 705 country-cohorts, the average number of children ever born among parous women was below 2.1",A,,,
1.544,1.966879,0.80000001,"in 279 of 705 country-cohorts, the average number of children ever born among parous women was below 2.1",A,,,
1.515,1.9548388,0.80000001,"in 279 of 705 country-cohorts, the average number of children ever born among parous women was below 2.1",A,,,
1.48,1.9525065,0.80000001,"in 279 of 705 country-cohorts, the average number of children ever born among parous women was below 2.1",A,,,
2.4949999,2.5227501,0.80000001,"in 279 of 705 country-cohorts, the average number of children ever born among parous women was below 2.1",A,,,
2.405,2.4540815,0.80000001,"in 279 of 705 country-cohorts, the average number of children ever born among parous women was below 2.1",A,,,
2.3499999,2.3930755,0.80000001,"in 279 of 705 country-cohorts, the average number of children ever born among parous women was below 2.1",A,,,
2.256,2.3162217,0.80000001,"in 279 of 705 country-cohorts, the average number of children ever born among parous women was below 2.1",A,,,
2.204,2.2886813,0.80000001,"in 279 of 705 country-cohorts, the average number of children ever born among parous women was below 2.1",A,,,
2.1289999,2.2529101,0.80000001,"in 279 of 705 country-cohorts, the average number of children ever born among parous women was below 2.1",A,,,
2.0929999,2.2171609,0.80000001,"in 279 of 705 country-cohorts, the average number of children ever born among parous women was below 2.1",A,,,
2.0699999,2.2068231,0.80000001,"in 279 of 705 country-cohorts, the average number of children ever born among parous women was below 2.1",A,,,
2.0550001,2.2002141,0.80000001,"in 279 of 705 country-cohorts, the average number of children ever born among parous women was below 2.1",A,,,
2.0350001,2.1788008,0.80000001,"in 279 of 705 country-cohorts, the average number of children ever born among parous women was below 2.1",A,,,
2.027,2.1427062,0.80000001,"in 279 of 705 country-cohorts, the average number of children ever born among parous women was below 2.1",A,,,
2.039,2.0998969,0.80000001,"in 279 of 705 country-cohorts, the average number of children ever born among parous women was below 2.1",A,,,
2.033,2.0958762,0.80000001,"in 279 of 705 country-cohorts, the average number of children ever born among parous women was below 2.1",A,,,
1.989,2.063278,0.80000001,"in 279 of 705 country-cohorts, the average number of children ever born among parous women was below 2.1",A,,,
1.989,2.0462964,0.80000001,"in 279 of 705 country-cohorts, the average number of children ever born among parous women was below 2.1",A,,,
1.947,2.0239086,0.80000001,"in 279 of 705 country-cohorts, the average number of children ever born among parous women was below 2.1",A,,,
1.909,1.9906152,0.80000001,"in 279 of 705 country-cohorts, the average number of children ever born among parous women was below 2.1",A,,,
1.8839999,1.9873418,0.80000001,"in 279 of 705 country-cohorts, the average number of children ever born among parous women was below 2.1",A,,,
1.897,1.9576883,0.80000001,"in 279 of 705 country-cohorts, the average number of children ever born among parous women was below 2.1",A,,,
1.849,1.9361256,0.80000001,"in 279 of 705 country-cohorts, the average number of children ever born among parous women was below 2.1",A,,,
1.839,1.9136317,0.80000001,"in 279 of 705 country-cohorts, the average number of children ever born among parous women was below 2.1",A,,,
1.8380001,1.8968009,0.80000001,"in 279 of 705 country-cohorts, the average number of children ever born among parous women was below 2.1",A,,,
1.819,1.8675565,0.80000001,"in 279 of 705 country-cohorts, the average number of children ever born among parous women was below 2.1",A,,,
1.803,1.8568486,0.80000001,"in 279 of 705 country-cohorts, the average number of children ever born among parous women was below 2.1",A,,,
1.757,1.8397906,0.80000001,"in 279 of 705 country-cohorts, the average number of children ever born among parous women was below 2.1",A,,,
1.725,1.8253968,0.80000001,"in 279 of 705 country-cohorts, the average number of children ever born among parous women was below 2.1",A,,,
1.692,1.8076923,0.80000001,"in 279 of 705 country-cohorts, the average number of children ever born among parous women was below 2.1",A,,,
1.665,1.7826552,0.80000001,"in 279 of 705 country-cohorts, the average number of children ever born among parous women was below 2.1",A,,,
1.656,1.7825619,0.80000001,"in 279 of 705 country-cohorts, the average number of children ever born among parous women was below 2.1",A,,,
1.636,1.7648327,0.80000001,"in 279 of 705 country-cohorts, the average number of children ever born among parous women was below 2.1",A,,,
1.598,1.7618523,0.80000001,"in 279 of 705 country-cohorts, the average number of children ever born among parous women was below 2.1",A,,,
1.596,1.7480832,0.80000001,"in 279 of 705 country-cohorts, the average number of children ever born among parous women was below 2.1",A,,,
1.591,1.7407002,0.80000001,"in 279 of 705 country-cohorts, the average number of children ever born among parous women was below 2.1",A,,,
1.592,1.7494506,0.80000001,"in 279 of 705 country-cohorts, the average number of children ever born among parous women was below 2.1",A,,,
1.577,1.7464008,0.80000001,"in 279 of 705 country-cohorts, the average number of children ever born among parous women was below 2.1",A,,,
1.572,1.7447281,0.80000001,"in 279 of 705 country-cohorts, the average number of children ever born among parous women was below 2.1",A,,,
1.8150001,1.9728261,0.80000001,"in 279 of 705 country-cohorts, the average number of children ever born among parous women was below 2.1",A,,,
1.781,1.937976,0.80000001,"in 279 of 705 country-cohorts, the average number of children ever born among parous women was below 2.1",A,,,
1.836,1.9346681,0.80000001,"in 279 of 705 country-cohorts, the average number of children ever born among parous women was below 2.1",A,,,
1.766,1.9470782,0.80000001,"in 279 of 705 country-cohorts, the average number of children ever born among parous women was below 2.1",A,,,
1.784,1.9497268,0.80000001,"in 279 of 705 country-cohorts, the average number of children ever born among parous women was below 2.1",A,,,
1.89,1.9626168,0.80000001,"in 279 of 705 country-cohorts, the average number of children ever born among parous women was below 2.1",A,,,
1.854,1.9807693,0.80000001,"in 279 of 705 country-cohorts, the average number of children ever born among parous women was below 2.1",A,,,
1.8890001,2.0010593,0.80000001,"in 279 of 705 country-cohorts, the average number of children ever born among parous women was below 2.1",A,,,
1.876,2.0150375,0.80000001,"in 279 of 705 country-cohorts, the average number of children ever born among parous women was below 2.1",A,,,
1.862,2.0239131,0.80000001,"in 279 of 705 country-cohorts, the average number of children ever born among parous women was below 2.1",A,,,
1.887,2.0203426,0.80000001,"in 279 of 705 country-cohorts, the average number of children ever born among parous women was below 2.1",A,,,
1.854,2.0284464,0.80000001,"in 279 of 705 country-cohorts, the average number of children ever born among parous women was below 2.1",A,,,
1.845,2.0230262,0.80000001,"in 279 of 705 country-cohorts, the average number of children ever born among parous women was below 2.1",A,,,
1.874,2.0107296,0.80000001,"in 279 of 705 country-cohorts, the average number of children ever born among parous women was below 2.1",A,,,
1.863,1.9903846,0.80000001,"in 279 of 705 country-cohorts, the average number of children ever born among parous women was below 2.1",A,,,
1.86,1.9703389,0.80000001,"in 279 of 705 country-cohorts, the average number of children ever born among parous women was below 2.1",A,,,
1.849,1.9483668,0.80000001,"in 279 of 705 country-cohorts, the average number of children ever born among parous women was below 2.1",A,,,
1.801,1.9282656,0.80000001,"in 279 of 705 country-cohorts, the average number of children ever born among parous women was below 2.1",A,,,
1.753,1.9075081,0.80000001,"in 279 of 705 country-cohorts, the average number of children ever born among parous women was below 2.1",A,,,
1.724,1.8800436,0.80000001,"in 279 of 705 country-cohorts, the average number of children ever born among parous women was below 2.1",A,,,
1.698,1.8537118,0.80000001,"in 279 of 705 country-cohorts, the average number of children ever born among parous women was below 2.1",A,,,
1.6799999,1.826087,0.80000001,"in 279 of 705 country-cohorts, the average number of children ever born among parous women was below 2.1",A,,,
1.66,1.8023887,0.80000001,"in 279 of 705 country-cohorts, the average number of children ever born among parous women was below 2.1",A,,,
1.638,1.7823721,0.80000001,"in 279 of 705 country-cohorts, the average number of children ever born among parous women was below 2.1",A,,,
1.631,1.767064,0.80000001,"in 279 of 705 country-cohorts, the average number of children ever born among parous women was below 2.1",A,,,
1.619,1.7502702,0.80000001,"in 279 of 705 country-cohorts, the average number of children ever born among parous women was below 2.1",A,,,
1.603,1.7367281,0.80000001,"in 279 of 705 country-cohorts, the average number of children ever born among parous women was below 2.1",A,,,
1.596,1.7461706,0.80000001,"in 279 of 705 country-cohorts, the average number of children ever born among parous women was below 2.1",A,,,
1.579,1.7583519,0.80000001,"in 279 of 705 country-cohorts, the average number of children ever born among parous women was below 2.1",A,,,
1.589,1.775419,0.80000001,"in 279 of 705 country-cohorts, the average number of children ever born among parous women was below 2.1",A,,,
1.61,1.796875,0.80000001,"in 279 of 705 country-cohorts, the average number of children ever born among parous women was below 2.1",A,,,
2.7079999,2.9889624,0.80000001,"in 279 of 705 country-cohorts, the average number of children ever born among parous women was below 2.1",A,,,
2.668,2.967742,0.80000001,"in 279 of 705 country-cohorts, the average number of children ever born among parous women was below 2.1",A,,,
2.6689999,2.9361937,0.80000001,"in 279 of 705 country-cohorts, the average number of children ever born among parous women was below 2.1",A,,,
2.638,2.9084895,0.80000001,"in 279 of 705 country-cohorts, the average number of children ever born among parous women was below 2.1",A,,,
2.608,2.8596492,0.80000001,"in 279 of 705 country-cohorts, the average number of children ever born among parous women was below 2.1",A,,,
2.5409999,2.8015435,0.80000001,"in 279 of 705 country-cohorts, the average number of children ever born among parous women was below 2.1",A,,,
2.4849999,2.7580466,0.80000001,"in 279 of 705 country-cohorts, the average number of children ever born among parous women was below 2.1",A,,,
2.4519999,2.7335563,0.80000001,"in 279 of 705 country-cohorts, the average number of children ever born among parous women was below 2.1",A,,,
2.457,2.7149172,0.80000001,"in 279 of 705 country-cohorts, the average number of children ever born among parous women was below 2.1",A,,,
2.4219999,2.6881244,0.80000001,"in 279 of 705 country-cohorts, the average number of children ever born among parous women was below 2.1",A,,,
2.3570001,2.6693091,0.80000001,"in 279 of 705 country-cohorts, the average number of children ever born among parous women was below 2.1",A,,,
2.3759999,2.6312292,0.80000001,"in 279 of 705 country-cohorts, the average number of children ever born among parous women was below 2.1",A,,,
2.378,2.6160617,0.80000001,"in 279 of 705 country-cohorts, the average number of children ever born among parous women was below 2.1",A,,,
2.3559999,2.6033149,0.80000001,"in 279 of 705 country-cohorts, the average number of children ever born among parous women was below 2.1",A,,,
2.3280001,2.5809312,0.80000001,"in 279 of 705 country-cohorts, the average number of children ever born among parous women was below 2.1",A,,,
2.303,2.5503876,0.80000001,"in 279 of 705 country-cohorts, the average number of children ever born among parous women was below 2.1",A,,,
2.28,2.5361512,0.80000001,"in 279 of 705 country-cohorts, the average number of children ever born among parous women was below 2.1",A,,,
2.2750001,2.5193799,0.80000001,"in 279 of 705 country-cohorts, the average number of children ever born among parous women was below 2.1",A,,,
2.2409999,2.501116,0.80000001,"in 279 of 705 country-cohorts, the average number of children ever born among parous women was below 2.1",A,,,
2.2320001,2.4855235,0.80000001,"in 279 of 705 country-cohorts, the average number of children ever born among parous women was below 2.1",A,,,
2.2260001,2.4596684,0.80000001,"in 279 of 705 country-cohorts, the average number of children ever born among parous women was below 2.1",A,,,
2.214,2.46,0.80000001,"in 279 of 705 country-cohorts, the average number of children ever born among parous women was below 2.1",A,,,
2.207,2.446785,0.80000001,"in 279 of 705 country-cohorts, the average number of children ever born among parous women was below 2.1",A,,,
2.1930001,2.4312639,0.80000001,"in 279 of 705 country-cohorts, the average number of children ever born among parous women was below 2.1",A,,,
2.184,2.4239733,0.80000001,"in 279 of 705 country-cohorts, the average number of children ever born among parous women was below 2.1",A,,,
2.174,2.4075305,0.80000001,"in 279 of 705 country-cohorts, the average number of children ever born among parous women was below 2.1",A,,,
2.1689999,2.4046564,0.80000001,"in 279 of 705 country-cohorts, the average number of children ever born among parous women was below 2.1",A,,,
2.1459999,2.3686535,0.80000001,"in 279 of 705 country-cohorts, the average number of children ever born among parous women was below 2.1",A,,,
2.115,2.3421926,0.80000001,"in 279 of 705 country-cohorts, the average number of children ever born among parous women was below 2.1",A,,,
2.0840001,2.3207128,0.80000001,"in 279 of 705 country-cohorts, the average number of children ever born among parous women was below 2.1",A,,,
2.0450001,2.2951739,0.80000001,"in 279 of 705 country-cohorts, the average number of children ever born among parous women was below 2.1",A,,,
2.036,2.2748604,0.80000001,"in 279 of 705 country-cohorts, the average number of children ever born among parous women was below 2.1",A,,,
2.0190001,2.2659934,0.80000001,"in 279 of 705 country-cohorts, the average number of children ever born among parous women was below 2.1",A,,,
1.9960001,2.2553673,0.80000001,"in 279 of 705 country-cohorts, the average number of children ever born among parous women was below 2.1",A,,,
1.961,2.2133183,0.80000001,"in 279 of 705 country-cohorts, the average number of children ever born among parous women was below 2.1",A,,,
1.932,2.1830509,0.80000001,"in 279 of 705 country-cohorts, the average number of children ever born among parous women was below 2.1",A,,,
1.74,1.9463087,0.80000001,"in 279 of 705 country-cohorts, the average number of children ever born among parous women was below 2.1",A,,,
1.732,1.9395297,0.80000001,"in 279 of 705 country-cohorts, the average number of children ever born among parous women was below 2.1",A,,,
1.721,1.9623717,0.80000001,"in 279 of 705 country-cohorts, the average number of children ever born among parous women was below 2.1",A,,,
1.701,1.9462242,0.80000001,"in 279 of 705 country-cohorts, the average number of children ever born among parous women was below 2.1",A,,,
1.693,1.9640372,0.80000001,"in 279 of 705 country-cohorts, the average number of children ever born among parous women was below 2.1",A,,,
1.682,1.949015,0.80000001,"in 279 of 705 country-cohorts, the average number of children ever born among parous women was below 2.1",A,,,
1.6569999,1.9517078,0.80000001,"in 279 of 705 country-cohorts, the average number of children ever born among parous women was below 2.1",A,,,
1.686,1.9742389,0.80000001,"in 279 of 705 country-cohorts, the average number of children ever born among parous women was below 2.1",A,,,
2.0350001,2.3337157,0.80000001,"in 279 of 705 country-cohorts, the average number of children ever born among parous women was below 2.1",A,,,
2.0420001,2.3471265,0.80000001,"in 279 of 705 country-cohorts, the average number of children ever born among parous women was below 2.1",A,,,
2.053,2.3597701,0.80000001,"in 279 of 705 country-cohorts, the average number of children ever born among parous women was below 2.1",A,,,
2.0569999,2.3643677,0.80000001,"in 279 of 705 country-cohorts, the average number of children ever born among parous women was below 2.1",A,,,
2.0480001,2.3648961,0.80000001,"in 279 of 705 country-cohorts, the average number of children ever born among parous women was below 2.1",A,,,
2.0580001,2.3764434,0.80000001,"in 279 of 705 country-cohorts, the average number of children ever born among parous women was below 2.1",A,,,
2.03,2.3549883,0.80000001,"in 279 of 705 country-cohorts, the average number of children ever born among parous women was below 2.1",A,,,
2.036,2.3592122,0.80000001,"in 279 of 705 country-cohorts, the average number of children ever born among parous women was below 2.1",A,,,
2.0280001,2.3391004,0.80000001,"in 279 of 705 country-cohorts, the average number of children ever born among parous women was below 2.1",A,,,
2.0139999,2.3256352,0.80000001,"in 279 of 705 country-cohorts, the average number of children ever born among parous women was below 2.1",A,,,
2.0139999,2.3176064,0.80000001,"in 279 of 705 country-cohorts, the average number of children ever born among parous women was below 2.1",A,,,
2.0050001,2.3019519,0.80000001,"in 279 of 705 country-cohorts, the average number of children ever born among parous women was below 2.1",A,,,
1.997,2.2901375,0.80000001,"in 279 of 705 country-cohorts, the average number of children ever born among parous women was below 2.1",A,,,
1.997,2.277081,0.80000001,"in 279 of 705 country-cohorts, the average number of children ever born among parous women was below 2.1",A,,,
1.993,2.2725201,0.80000001,"in 279 of 705 country-cohorts, the average number of children ever born among parous women was below 2.1",A,,,
1.999,2.2715909,0.80000001,"in 279 of 705 country-cohorts, the average number of children ever born among parous women was below 2.1",A,,,
1.977,2.2517085,0.80000001,"in 279 of 705 country-cohorts, the average number of children ever born among parous women was below 2.1",A,,,
1.976,2.2582858,0.80000001,"in 279 of 705 country-cohorts, the average number of children ever born among parous women was below 2.1",A,,,
1.96,2.242563,0.80000001,"in 279 of 705 country-cohorts, the average number of children ever born among parous women was below 2.1",A,,,
1.965,2.2482839,0.80000001,"in 279 of 705 country-cohorts, the average number of children ever born among parous women was below 2.1",A,,,
1.955,2.2419724,0.80000001,"in 279 of 705 country-cohorts, the average number of children ever born among parous women was below 2.1",A,,,
1.9450001,2.2433679,0.80000001,"in 279 of 705 country-cohorts, the average number of children ever born among parous women was below 2.1",A,,,
1.947,2.2430875,0.80000001,"in 279 of 705 country-cohorts, the average number of children ever born among parous women was below 2.1",A,,,
1.937,2.2418981,0.80000001,"in 279 of 705 country-cohorts, the average number of children ever born among parous women was below 2.1",A,,,
1.9220001,2.2271147,0.80000001,"in 279 of 705 country-cohorts, the average number of children ever born among parous women was below 2.1",A,,,
2.175,2.3822563,0.80000001,"in 279 of 705 country-cohorts, the average number of children ever born among parous women was below 2.1",A,,,
2.1400001,2.349067,0.80000001,"in 279 of 705 country-cohorts, the average number of children ever born among parous women was below 2.1",A,,,
2.075,2.3081203,0.80000001,"in 279 of 705 country-cohorts, the average number of children ever born among parous women was below 2.1",A,,,
2.0150001,2.2742665,0.80000001,"in 279 of 705 country-cohorts, the average number of children ever born among parous women was below 2.1",A,,,
1.956,2.2354286,0.80000001,"in 279 of 705 country-cohorts, the average number of children ever born among parous women was below 2.1",A,,,
1.905,2.2023122,0.80000001,"in 279 of 705 country-cohorts, the average number of children ever born among parous women was below 2.1",A,,,
1.874,2.1614764,0.80000001,"in 279 of 705 country-cohorts, the average number of children ever born among parous women was below 2.1",A,,,
1.8200001,2.1162791,0.80000001,"in 279 of 705 country-cohorts, the average number of children ever born among parous women was below 2.1",A,,,
1.7640001,2.075294,0.80000001,"in 279 of 705 country-cohorts, the average number of children ever born among parous women was below 2.1",A,,,
1.724,2.0402367,0.80000001,"in 279 of 705 country-cohorts, the average number of children ever born among parous women was below 2.1",A,,,
1.6799999,2.0071685,0.80000001,"in 279 of 705 country-cohorts, the average number of children ever born among parous women was below 2.1",A,,,
1.649,1.9843562,0.80000001,"in 279 of 705 country-cohorts, the average number of children ever born among parous women was below 2.1",A,,,
1.617,1.9576272,0.80000001,"in 279 of 705 country-cohorts, the average number of children ever born among parous women was below 2.1",A,,,
1.59,1.9366626,0.80000001,"in 279 of 705 country-cohorts, the average number of children ever born among parous women was below 2.1",A,,,
1.541,1.9166666,0.80000001,"in 279 of 705 country-cohorts, the average number of children ever born among parous women was below 2.1",A,,,
1.5190001,1.8963795,0.80000001,"in 279 of 705 country-cohorts, the average number of children ever born among parous women was below 2.1",A,,,
1.4960001,1.884131,0.80000001,"in 279 of 705 country-cohorts, the average number of children ever born among parous women was below 2.1",A,,,
1.451,1.8698454,0.80000001,"in 279 of 705 country-cohorts, the average number of children ever born among parous women was below 2.1",A,,,
1.432,1.8549223,0.80000001,"in 279 of 705 country-cohorts, the average number of children ever born among parous women was below 2.1",A,,,
1.839,2.020879,0.80000001,"in 279 of 705 country-cohorts, the average number of children ever born among parous women was below 2.1",A,,,
1.831,1.992383,0.80000001,"in 279 of 705 country-cohorts, the average number of children ever born among parous women was below 2.1",A,,,
1.8559999,1.9661016,0.80000001,"in 279 of 705 country-cohorts, the average number of children ever born among parous women was below 2.1",A,,,
1.867,1.9247422,0.80000001,"in 279 of 705 country-cohorts, the average number of children ever born among parous women was below 2.1",A,,,
1.886,1.9186165,0.80000001,"in 279 of 705 country-cohorts, the average number of children ever born among parous women was below 2.1",A,,,
1.916,1.9451777,0.80000001,"in 279 of 705 country-cohorts, the average number of children ever born among parous women was below 2.1",A,,,
1.901,1.9457523,0.80000001,"in 279 of 705 country-cohorts, the average number of children ever born among parous women was below 2.1",A,,,
1.911,1.9640288,0.80000001,"in 279 of 705 country-cohorts, the average number of children ever born among parous women was below 2.1",A,,,
1.883,1.9573804,0.80000001,"in 279 of 705 country-cohorts, the average number of children ever born among parous women was below 2.1",A,,,
1.848,1.9432176,0.80000001,"in 279 of 705 country-cohorts, the average number of children ever born among parous women was below 2.1",A,,,
1.839,1.9647436,0.80000001,"in 279 of 705 country-cohorts, the average number of children ever born among parous women was below 2.1",A,,,
1.831,1.9688172,0.80000001,"in 279 of 705 country-cohorts, the average number of children ever born among parous women was below 2.1",A,,,
1.824,1.9676375,0.80000001,"in 279 of 705 country-cohorts, the average number of children ever born among parous women was below 2.1",A,,,
1.842,1.9554141,0.80000001,"in 279 of 705 country-cohorts, the average number of children ever born among parous women was below 2.1",A,,,
1.862,1.9315352,0.80000001,"in 279 of 705 country-cohorts, the average number of children ever born among parous women was below 2.1",A,,,
1.857,1.9183885,0.80000001,"in 279 of 705 country-cohorts, the average number of children ever born among parous women was below 2.1",A,,,
1.834,1.9044652,0.80000001,"in 279 of 705 country-cohorts, the average number of children ever born among parous women was below 2.1",A,,,
1.806,1.8871473,0.80000001,"in 279 of 705 country-cohorts, the average number of children ever born among parous women was below 2.1",A,,,
1.774,1.8693361,0.80000001,"in 279 of 705 country-cohorts, the average number of children ever born among parous women was below 2.1",A,,,
1.739,1.8441145,0.80000001,"in 279 of 705 country-cohorts, the average number of children ever born among parous women was below 2.1",A,,,
1.7,1.8201284,0.80000001,"in 279 of 705 country-cohorts, the average number of children ever born among parous women was below 2.1",A,,,
1.678,1.7965739,0.80000001,"in 279 of 705 country-cohorts, the average number of children ever born among parous women was below 2.1",A,,,
1.673,1.7684989,0.80000001,"in 279 of 705 country-cohorts, the average number of children ever born among parous women was below 2.1",A,,,
1.623,1.7489225,0.80000001,"in 279 of 705 country-cohorts, the average number of children ever born among parous women was below 2.1",A,,,
1.599,1.7267818,0.80000001,"in 279 of 705 country-cohorts, the average number of children ever born among parous women was below 2.1",A,,,
1.596,1.7087795,0.80000001,"in 279 of 705 country-cohorts, the average number of children ever born among parous women was below 2.1",A,,,
3.214,3.4227903,0.80000001,"in 279 of 705 country-cohorts, the average number of children ever born among parous women was below 2.1",A,,,
3.131,3.3558414,0.80000001,"in 279 of 705 country-cohorts, the average number of children ever born among parous women was below 2.1",A,,,
3.059,3.2751606,0.80000001,"in 279 of 705 country-cohorts, the average number of children ever born among parous women was below 2.1",A,,,
2.983,3.1937902,0.80000001,"in 279 of 705 country-cohorts, the average number of children ever born among parous women was below 2.1",A,,,
2.892,3.1096773,0.80000001,"in 279 of 705 country-cohorts, the average number of children ever born among parous women was below 2.1",A,,,
2.7950001,3.0216217,0.80000001,"in 279 of 705 country-cohorts, the average number of children ever born among parous women was below 2.1",A,,,
2.6800001,2.9098806,0.80000001,"in 279 of 705 country-cohorts, the average number of children ever born among parous women was below 2.1",A,,,
2.5610001,2.798907,0.80000001,"in 279 of 705 country-cohorts, the average number of children ever born among parous women was below 2.1",A,,,
2.464,2.7166483,0.80000001,"in 279 of 705 country-cohorts, the average number of children ever born among parous women was below 2.1",A,,,
2.365,2.6454139,0.80000001,"in 279 of 705 country-cohorts, the average number of children ever born among parous women was below 2.1",A,,,
2.2920001,2.5781777,0.80000001,"in 279 of 705 country-cohorts, the average number of children ever born among parous women was below 2.1",A,,,
2.2149999,2.4943693,0.80000001,"in 279 of 705 country-cohorts, the average number of children ever born among parous women was below 2.1",A,,,
2.1500001,2.4376416,0.80000001,"in 279 of 705 country-cohorts, the average number of children ever born among parous women was below 2.1",A,,,
2.1040001,2.4128439,0.80000001,"in 279 of 705 country-cohorts, the average number of children ever born among parous women was below 2.1",A,,,
2.0569999,2.3974359,0.80000001,"in 279 of 705 country-cohorts, the average number of children ever born among parous women was below 2.1",A,,,
2.0220001,2.3816254,0.80000001,"in 279 of 705 country-cohorts, the average number of children ever born among parous women was below 2.1",A,,,
1.998,2.3672986,0.80000001,"in 279 of 705 country-cohorts, the average number of children ever born among parous women was below 2.1",A,,,
1.982,2.3595238,0.80000001,"in 279 of 705 country-cohorts, the average number of children ever born among parous women was below 2.1",A,,,
1.972,2.3616767,0.80000001,"in 279 of 705 country-cohorts, the average number of children ever born among parous women was below 2.1",A,,,
1.974,2.3640718,0.80000001,"in 279 of 705 country-cohorts, the average number of children ever born among parous women was below 2.1",A,,,
1.9809999,2.3667862,0.80000001,"in 279 of 705 country-cohorts, the average number of children ever born among parous women was below 2.1",A,,,
1.985,2.3659117,0.80000001,"in 279 of 705 country-cohorts, the average number of children ever born among parous women was below 2.1",A,,,
1.987,2.3711216,0.80000001,"in 279 of 705 country-cohorts, the average number of children ever born among parous women was below 2.1",A,,,
1.9910001,2.375895,0.80000001,"in 279 of 705 country-cohorts, the average number of children ever born among parous women was below 2.1",A,,,
2.0120001,2.3810651,0.80000001,"in 279 of 705 country-cohorts, the average number of children ever born among parous women was below 2.1",A,,,
2.0239999,2.3867924,0.80000001,"in 279 of 705 country-cohorts, the average number of children ever born among parous women was below 2.1",A,,,
2.0239999,2.3867924,0.80000001,"in 279 of 705 country-cohorts, the average number of children ever born among parous women was below 2.1",A,,,
2.0339999,2.3901293,0.80000001,"in 279 of 705 country-cohorts, the average number of children ever born among parous women was below 2.1",A,,,
2.0510001,2.3932321,0.80000001,"in 279 of 705 country-cohorts, the average number of children ever born among parous women was below 2.1",A,,,
2.066,2.3995354,0.80000001,"in 279 of 705 country-cohorts, the average number of children ever born among parous women was below 2.1",A,,,
2.075,2.4127908,0.80000001,"in 279 of 705 country-cohorts, the average number of children ever born among parous women was below 2.1",A,,,
2.089,2.4234338,0.80000001,"in 279 of 705 country-cohorts, the average number of children ever born among parous women was below 2.1",A,,,
2.109,2.4297235,0.80000001,"in 279 of 705 country-cohorts, the average number of children ever born among parous women was below 2.1",A,,,
2.1110001,2.429229,0.80000001,"in 279 of 705 country-cohorts, the average number of children ever born among parous women was below 2.1",A,,,
2.1140001,2.4243119,0.80000001,"in 279 of 705 country-cohorts, the average number of children ever born among parous women was below 2.1",A,,,
2.1370001,2.4256527,0.80000001,"in 279 of 705 country-cohorts, the average number of children ever born among parous women was below 2.1",A,,,
2.1600001,2.4324324,0.80000001,"in 279 of 705 country-cohorts, the average number of children ever born among parous women was below 2.1",A,,,
2.1830001,2.4473095,0.80000001,"in 279 of 705 country-cohorts, the average number of children ever born among parous women was below 2.1",A,,,
2.2030001,2.4559643,0.80000001,"in 279 of 705 country-cohorts, the average number of children ever born among parous women was below 2.1",A,,,
2.2160001,2.4622223,0.80000001,"in 279 of 705 country-cohorts, the average number of children ever born among parous women was below 2.1",A,,,
2.221,2.473274,0.80000001,"in 279 of 705 country-cohorts, the average number of children ever born among parous women was below 2.1",A,,,
2.2279999,2.483835,0.80000001,"in 279 of 705 country-cohorts, the average number of children ever born among parous women was below 2.1",A,,,
2.2309999,2.4899554,0.80000001,"in 279 of 705 country-cohorts, the average number of children ever born among parous women was below 2.1",A,,,
2.2060001,2.4926553,0.80000001,"in 279 of 705 country-cohorts, the average number of children ever born among parous women was below 2.1",A,,,
2.1760001,2.4868572,0.80000001,"in 279 of 705 country-cohorts, the average number of children ever born among parous women was below 2.1",A,,,
2.6642337,2.7651515,0.99000001,"in 50 of 707 districts, the average number of children ever born among parous women was below 2.1",B,,,
2.4731183,2.5555556,0.99000001,"in 50 of 707 districts, the average number of children ever born among parous women was below 2.1",B,,,
2.0819671,2.2086957,0.99000001,"in 50 of 707 districts, the average number of children ever born among parous women was below 2.1",B,,,
2.6147542,2.7739131,0.99000001,"in 50 of 707 districts, the average number of children ever born among parous women was below 2.1",B,,,
2.7804878,2.8264463,0.99000001,"in 50 of 707 districts, the average number of children ever born among parous women was below 2.1",B,,,
2.8053098,2.8303571,0.99000001,"in 50 of 707 districts, the average number of children ever born among parous women was below 2.1",B,,,
2.210084,2.2672415,0.99000001,"in 50 of 707 districts, the average number of children ever born among parous women was below 2.1",B,,,
2.704,2.7933884,0.99000001,"in 50 of 707 districts, the average number of children ever born among parous women was below 2.1",B,,,
2.5891473,2.8547008,0.99000001,"in 50 of 707 districts, the average number of children ever born among parous women was below 2.1",B,,,
1.9897959,2.1910112,0.99000001,"in 50 of 707 districts, the average number of children ever born among parous women was below 2.1",B,,,
2.5934958,2.75,0.99000001,"in 50 of 707 districts, the average number of children ever born among parous women was below 2.1",B,,,
2.2796609,2.4017856,0.99000001,"in 50 of 707 districts, the average number of children ever born among parous women was below 2.1",B,,,
2.3909092,2.3909092,0.99000001,"in 50 of 707 districts, the average number of children ever born among parous women was below 2.1",B,,,
2.3149607,2.3709676,0.99000001,"in 50 of 707 districts, the average number of children ever born among parous women was below 2.1",B,,,
2.4866667,2.5033557,0.99000001,"in 50 of 707 districts, the average number of children ever born among parous women was below 2.1",B,,,
2.6500001,2.6767676,0.99000001,"in 50 of 707 districts, the average number of children ever born among parous women was below 2.1",B,,,
2.945946,3.0277777,0.99000001,"in 50 of 707 districts, the average number of children ever born among parous women was below 2.1",B,,,
2.4274194,2.5083334,0.99000001,"in 50 of 707 districts, the average number of children ever born among parous women was below 2.1",B,,,
2.734375,2.8,0.99000001,"in 50 of 707 districts, the average number of children ever born among parous women was below 2.1",B,,,
2.7547169,2.7809525,0.99000001,"in 50 of 707 districts, the average number of children ever born among parous women was below 2.1",B,,,
1.9509804,2.1170213,0.99000001,"in 50 of 707 districts, the average number of children ever born among parous women was below 2.1",B,,,
2.3284671,2.3805971,0.99000001,"in 50 of 707 districts, the average number of children ever born among parous women was below 2.1",B,,,
2.5799999,2.5799999,0.99000001,"in 50 of 707 districts, the average number of children ever born among parous women was below 2.1",B,,,
2.1929824,2.2321429,0.99000001,"in 50 of 707 districts, the average number of children ever born among parous women was below 2.1",B,,,
2.2988505,2.4691358,0.99000001,"in 50 of 707 districts, the average number of children ever born among parous women was below 2.1",B,,,
2.1960785,2.3829787,0.99000001,"in 50 of 707 districts, the average number of children ever born among parous women was below 2.1",B,,,
2.2321429,2.3584905,0.99000001,"in 50 of 707 districts, the average number of children ever born among parous women was below 2.1",B,,,
2.1217391,2.159292,0.99000001,"in 50 of 707 districts, the average number of children ever born among parous women was below 2.1",B,,,
2.3565218,2.3565218,0.99000001,"in 50 of 707 districts, the average number of children ever born among parous women was below 2.1",B,,,
2.3275862,2.3893805,0.99000001,"in 50 of 707 districts, the average number of children ever born among parous women was below 2.1",B,,,
2.3421052,2.3839285,0.99000001,"in 50 of 707 districts, the average number of children ever born among parous women was below 2.1",B,,,
2.7698412,2.8145161,0.99000001,"in 50 of 707 districts, the average number of children ever born among parous women was below 2.1",B,,,
2.1123595,2.1123595,0.99000001,"in 50 of 707 districts, the average number of children ever born among parous women was below 2.1",B,,,
2.3207548,2.4848485,0.99000001,"in 50 of 707 districts, the average number of children ever born among parous women was below 2.1",B,,,
2.3050847,2.4504504,0.99000001,"in 50 of 707 districts, the average number of children ever born among parous women was below 2.1",B,,,
2.3644068,2.4690266,0.99000001,"in 50 of 707 districts, the average number of children ever born among parous women was below 2.1",B,,,
2.0751879,2.1904762,0.99000001,"in 50 of 707 districts, the average number of children ever born among parous women was below 2.1",B,,,
2.0666666,2.1796875,0.99000001,"in 50 of 707 districts, the average number of children ever born among parous women was below 2.1",B,,,
2.2627118,2.3628318,0.99000001,"in 50 of 707 districts, the average number of children ever born among parous women was below 2.1",B,,,
2.4824562,2.5267856,0.99000001,"in 50 of 707 districts, the average number of children ever born among parous women was below 2.1",B,,,
2.3142858,2.3649635,0.99000001,"in 50 of 707 districts, the average number of children ever born among parous women was below 2.1",B,,,
2.4400001,2.4796748,0.99000001,"in 50 of 707 districts, the average number of children ever born among parous women was below 2.1",B,,,
2.3909092,2.4579439,0.99000001,"in 50 of 707 districts, the average number of children ever born among parous women was below 2.1",B,,,
2.2884614,2.3333333,0.99000001,"in 50 of 707 districts, the average number of children ever born among parous women was below 2.1",B,,,
2.4857142,2.4857142,0.99000001,"in 50 of 707 districts, the average number of children ever born among parous women was below 2.1",B,,,
2.3363636,2.4245284,0.99000001,"in 50 of 707 districts, the average number of children ever born among parous women was below 2.1",B,,,
2.3939395,2.4496124,0.99000001,"in 50 of 707 districts, the average number of children ever born among parous women was below 2.1",B,,,
2.7087379,2.7623763,0.99000001,"in 50 of 707 districts, the average number of children ever born among parous women was below 2.1",B,,,
2.2089553,2.2769232,0.99000001,"in 50 of 707 districts, the average number of children ever born among parous women was below 2.1",B,,,
2.0679612,2.1958764,0.99000001,"in 50 of 707 districts, the average number of children ever born among parous women was below 2.1",B,,,
2.3228347,2.3790324,0.99000001,"in 50 of 707 districts, the average number of children ever born among parous women was below 2.1",B,,,
2.319149,2.3357143,0.99000001,"in 50 of 707 districts, the average number of children ever born among parous women was below 2.1",B,,,
2.3658535,2.4556961,0.99000001,"in 50 of 707 districts, the average number of children ever born among parous women was below 2.1",B,,,
2.8636363,2.9439251,0.99000001,"in 50 of 707 districts, the average number of children ever born among parous women was below 2.1",B,,,
2.7352941,2.7352941,0.99000001,"in 50 of 707 districts, the average number of children ever born among parous women was below 2.1",B,,,
2.7304349,2.880734,0.99000001,"in 50 of 707 districts, the average number of children ever born among parous women was below 2.1",B,,,
2.8333333,2.8936169,0.99000001,"in 50 of 707 districts, the average number of children ever born among parous women was below 2.1",B,,,
2.7943926,2.7943926,0.99000001,"in 50 of 707 districts, the average number of children ever born among parous women was below 2.1",B,,,
2.5544555,2.6060605,0.99000001,"in 50 of 707 districts, the average number of children ever born among parous women was below 2.1",B,,,
2.5999999,2.622807,0.99000001,"in 50 of 707 districts, the average number of children ever born among parous women was below 2.1",B,,,
2.6396396,2.7904761,0.99000001,"in 50 of 707 districts, the average number of children ever born among parous women was below 2.1",B,,,
2.5673077,2.5673077,0.99000001,"in 50 of 707 districts, the average number of children ever born among parous women was below 2.1",B,,,
3.1463416,3.1463416,0.99000001,"in 50 of 707 districts, the average number of children ever born among parous women was below 2.1",B,,,
2.7264152,2.7788463,0.99000001,"in 50 of 707 districts, the average number of children ever born among parous women was below 2.1",B,,,
3.2086957,3.2946429,0.99000001,"in 50 of 707 districts, the average number of children ever born among parous women was below 2.1",B,,,
3.409091,3.4883721,0.99000001,"in 50 of 707 districts, the average number of children ever born among parous women was below 2.1",B,,,
2.4069767,2.4352942,0.99000001,"in 50 of 707 districts, the average number of children ever born among parous women was below 2.1",B,,,
2.2252252,2.352381,0.99000001,"in 50 of 707 districts, the average number of children ever born among parous women was below 2.1",B,,,
2.3666666,2.4067798,0.99000001,"in 50 of 707 districts, the average number of children ever born among parous women was below 2.1",B,,,
2.4042554,2.4301076,0.99000001,"in 50 of 707 districts, the average number of children ever born among parous women was below 2.1",B,,,
2.7788463,2.8333333,0.99000001,"in 50 of 707 districts, the average number of children ever born among parous women was below 2.1",B,,,
2.6899226,2.7322834,0.99000001,"in 50 of 707 districts, the average number of children ever born among parous women was below 2.1",B,,,
2.6043956,2.6333334,0.99000001,"in 50 of 707 districts, the average number of children ever born among parous women was below 2.1",B,,,
2.6752136,2.7217391,0.99000001,"in 50 of 707 districts, the average number of children ever born among parous women was below 2.1",B,,,
2.8545454,2.880734,0.99000001,"in 50 of 707 districts, the average number of children ever born among parous women was below 2.1",B,,,
2.5894737,2.7032967,0.99000001,"in 50 of 707 districts, the average number of children ever born among parous women was below 2.1",B,,,
2.594203,2.6716418,0.99000001,"in 50 of 707 districts, the average number of children ever born among parous women was below 2.1",B,,,
2.8928571,2.8928571,0.99000001,"in 50 of 707 districts, the average number of children ever born among parous women was below 2.1",B,,,
2.7129629,2.7383177,0.99000001,"in 50 of 707 districts, the average number of children ever born among parous women was below 2.1",B,,,
2.5982144,2.6216216,0.99000001,"in 50 of 707 districts, the average number of children ever born among parous women was below 2.1",B,,,
2.7,2.7247705,0.99000001,"in 50 of 707 districts, the average number of children ever born among parous women was below 2.1",B,,,
2.4710743,2.4710743,0.99000001,"in 50 of 707 districts, the average number of children ever born among parous women was below 2.1",B,,,
2.5204082,2.5999999,0.99000001,"in 50 of 707 districts, the average number of children ever born among parous women was below 2.1",B,,,
4.284091,4.4352942,0.99000001,"in 50 of 707 districts, the average number of children ever born among parous women was below 2.1",B,,,
2.7052631,2.7340426,0.99000001,"in 50 of 707 districts, the average number of children ever born among parous women was below 2.1",B,,,
3.3425925,3.3738317,0.99000001,"in 50 of 707 districts, the average number of children ever born among parous women was below 2.1",B,,,
2.5255475,2.562963,0.99000001,"in 50 of 707 districts, the average number of children ever born among parous women was below 2.1",B,,,
2.8387096,2.9579833,0.99000001,"in 50 of 707 districts, the average number of children ever born among parous women was below 2.1",B,,,
3.1785715,3.2720587,0.99000001,"in 50 of 707 districts, the average number of children ever born among parous women was below 2.1",B,,,
3.1751826,3.1985295,0.99000001,"in 50 of 707 districts, the average number of children ever born among parous women was below 2.1",B,,,
2.8333333,2.8333333,0.99000001,"in 50 of 707 districts, the average number of children ever born among parous women was below 2.1",B,,,
3.1869159,3.2476192,0.99000001,"in 50 of 707 districts, the average number of children ever born among parous women was below 2.1",B,,,
3.6600001,3.6969697,0.99000001,"in 50 of 707 districts, the average number of children ever born among parous women was below 2.1",B,,,
4,4.0952382,0.99000001,"in 50 of 707 districts, the average number of children ever born among parous women was below 2.1",B,,,
3.6666667,3.6666667,0.99000001,"in 50 of 707 districts, the average number of children ever born among parous women was below 2.1",B,,,
3.4047618,3.4047618,0.99000001,"in 50 of 707 districts, the average number of children ever born among parous women was below 2.1",B,,,
3.326087,3.375,0.99000001,"in 50 of 707 districts, the average number of children ever born among parous women was below 2.1",B,,,
2.7769785,2.8382354,0.99000001,"in 50 of 707 districts, the average number of children ever born among parous women was below 2.1",B,,,
2.9487178,2.974138,0.99000001,"in 50 of 707 districts, the average number of children ever born among parous women was below 2.1",B,,,
3.0884955,3.1160715,0.99000001,"in 50 of 707 districts, the average number of children ever born among parous women was below 2.1",B,,,
3.1679389,3.1923077,0.99000001,"in 50 of 707 districts, the average number of children ever born among parous women was below 2.1",B,,,
3.3719008,3.4000001,0.99000001,"in 50 of 707 districts, the average number of children ever born among parous women was below 2.1",B,,,
3.28,3.28,0.99000001,"in 50 of 707 districts, the average number of children ever born among parous women was below 2.1",B,,,
3.28125,3.3157895,0.99000001,"in 50 of 707 districts, the average number of children ever born among parous women was below 2.1",B,,,
3.5641026,3.5641026,0.99000001,"in 50 of 707 districts, the average number of children ever born among parous women was below 2.1",B,,,
3.0377359,3.1262136,0.99000001,"in 50 of 707 districts, the average number of children ever born among parous women was below 2.1",B,,,
2.8804348,3.0113637,0.99000001,"in 50 of 707 districts, the average number of children ever born among parous women was below 2.1",B,,,
2.9051723,2.982301,0.99000001,"in 50 of 707 districts, the average number of children ever born among parous women was below 2.1",B,,,
3.0612245,3.0927835,0.99000001,"in 50 of 707 districts, the average number of children ever born among parous women was below 2.1",B,,,
3.0930233,3.1417322,0.99000001,"in 50 of 707 districts, the average number of children ever born among parous women was below 2.1",B,,,
2.9456522,2.9456522,0.99000001,"in 50 of 707 districts, the average number of children ever born among parous women was below 2.1",B,,,
2.8707483,2.9929078,0.99000001,"in 50 of 707 districts, the average number of children ever born among parous women was below 2.1",B,,,
3.1818182,3.2407408,0.99000001,"in 50 of 707 districts, the average number of children ever born among parous women was below 2.1",B,,,
2.6694915,2.7631578,0.99000001,"in 50 of 707 districts, the average number of children ever born among parous women was below 2.1",B,,,
2.4789915,2.6106195,0.99000001,"in 50 of 707 districts, the average number of children ever born among parous women was below 2.1",B,,,
2.78,2.8659794,0.99000001,"in 50 of 707 districts, the average number of children ever born among parous women was below 2.1",B,,,
2.6893203,2.77,0.99000001,"in 50 of 707 districts, the average number of children ever born among parous women was below 2.1",B,,,
2.8625953,2.9527559,0.99000001,"in 50 of 707 districts, the average number of children ever born among parous women was below 2.1",B,,,
3.2764227,3.3583333,0.99000001,"in 50 of 707 districts, the average number of children ever born among parous women was below 2.1",B,,,
3.4636364,3.4636364,0.99000001,"in 50 of 707 districts, the average number of children ever born among parous women was below 2.1",B,,,
3.512605,3.6347826,0.99000001,"in 50 of 707 districts, the average number of children ever born among parous women was below 2.1",B,,,
4.1538463,4.3448277,0.99000001,"in 50 of 707 districts, the average number of children ever born among parous women was below 2.1",B,,,
3.9256198,4.0598292,0.99000001,"in 50 of 707 districts, the average number of children ever born among parous women was below 2.1",B,,,
3.2909091,3.4150944,0.99000001,"in 50 of 707 districts, the average number of children ever born among parous women was below 2.1",B,,,
3.724138,3.724138,0.99000001,"in 50 of 707 districts, the average number of children ever born among parous women was below 2.1",B,,,
3.4054055,3.4520547,0.99000001,"in 50 of 707 districts, the average number of children ever born among parous women was below 2.1",B,,,
3.3457944,3.509804,0.99000001,"in 50 of 707 districts, the average number of children ever born among parous women was below 2.1",B,,,
3.5604396,3.724138,0.99000001,"in 50 of 707 districts, the average number of children ever born among parous women was below 2.1",B,,,
3.4174757,3.4509804,0.99000001,"in 50 of 707 districts, the average number of children ever born among parous women was below 2.1",B,,,
3.6199999,3.6565657,0.99000001,"in 50 of 707 districts, the average number of children ever born among parous women was below 2.1",B,,,
3.5,3.5421686,0.99000001,"in 50 of 707 districts, the average number of children ever born among parous women was below 2.1",B,,,
3.7373738,3.8144331,0.99000001,"in 50 of 707 districts, the average number of children ever born among parous women was below 2.1",B,,,
3.8504672,3.8867924,0.99000001,"in 50 of 707 districts, the average number of children ever born among parous women was below 2.1",B,,,
4.0294118,4.151515,0.99000001,"in 50 of 707 districts, the average number of children ever born among parous women was below 2.1",B,,,
3.4680851,3.6629214,0.99000001,"in 50 of 707 districts, the average number of children ever born among parous women was below 2.1",B,,,
4.1551723,4.2654867,0.99000001,"in 50 of 707 districts, the average number of children ever born among parous women was below 2.1",B,,,
3.9821429,3.9821429,0.99000001,"in 50 of 707 districts, the average number of children ever born among parous women was below 2.1",B,,,
3.9636364,4.0370369,0.99000001,"in 50 of 707 districts, the average number of children ever born among parous women was below 2.1",B,,,
4.1862745,4.27,0.99000001,"in 50 of 707 districts, the average number of children ever born among parous women was below 2.1",B,,,
3.1954024,3.3493977,0.99000001,"in 50 of 707 districts, the average number of children ever born among parous women was below 2.1",B,,,
2.8521738,2.9818182,0.99000001,"in 50 of 707 districts, the average number of children ever born among parous women was below 2.1",B,,,
3.7608695,3.8021977,0.99000001,"in 50 of 707 districts, the average number of children ever born among parous women was below 2.1",B,,,
4.1456308,4.2277226,0.99000001,"in 50 of 707 districts, the average number of children ever born among parous women was below 2.1",B,,,
3.4722223,3.504673,0.99000001,"in 50 of 707 districts, the average number of children ever born among parous women was below 2.1",B,,,
3.6315789,3.6964285,0.99000001,"in 50 of 707 districts, the average number of children ever born among parous women was below 2.1",B,,,
3.2844036,3.4095237,0.99000001,"in 50 of 707 districts, the average number of children ever born among parous women was below 2.1",B,,,
2.78125,2.902174,0.99000001,"in 50 of 707 districts, the average number of children ever born among parous women was below 2.1",B,,,
3.195122,3.2479339,0.99000001,"in 50 of 707 districts, the average number of children ever born among parous women was below 2.1",B,,,
2.7428572,2.8444445,0.99000001,"in 50 of 707 districts, the average number of children ever born among parous women was below 2.1",B,,,
3.537415,3.6111112,0.99000001,"in 50 of 707 districts, the average number of children ever born among parous women was below 2.1",B,,,
3.3661971,3.3661971,0.99000001,"in 50 of 707 districts, the average number of children ever born among parous women was below 2.1",B,,,
3.6972477,3.7314816,0.99000001,"in 50 of 707 districts, the average number of children ever born among parous women was below 2.1",B,,,
3.6111112,3.7603307,0.99000001,"in 50 of 707 districts, the average number of children ever born among parous women was below 2.1",B,,,
3.5,3.6272728,0.99000001,"in 50 of 707 districts, the average number of children ever born among parous women was below 2.1",B,,,
3.5172415,3.5172415,0.99000001,"in 50 of 707 districts, the average number of children ever born among parous women was below 2.1",B,,,
3.4957266,3.6194689,0.99000001,"in 50 of 707 districts, the average number of children ever born among parous women was below 2.1",B,,,
4.6972475,4.7407408,0.99000001,"in 50 of 707 districts, the average number of children ever born among parous women was below 2.1",B,,,
3.974359,4.1150441,0.99000001,"in 50 of 707 districts, the average number of children ever born among parous women was below 2.1",B,,,
3.6966293,3.7386363,0.99000001,"in 50 of 707 districts, the average number of children ever born among parous women was below 2.1",B,,,
3.2150538,3.3595505,0.99000001,"in 50 of 707 districts, the average number of children ever born among parous women was below 2.1",B,,,
3.6507936,3.7096775,0.99000001,"in 50 of 707 districts, the average number of children ever born among parous women was below 2.1",B,,,
4,4.0677967,0.99000001,"in 50 of 707 districts, the average number of children ever born among parous women was below 2.1",B,,,
3.6930692,3.7676768,0.99000001,"in 50 of 707 districts, the average number of children ever born among parous women was below 2.1",B,,,
3.8172042,3.901099,0.99000001,"in 50 of 707 districts, the average number of children ever born among parous women was below 2.1",B,,,
3.7857144,3.8645833,0.99000001,"in 50 of 707 districts, the average number of children ever born among parous women was below 2.1",B,,,
3.9489796,3.9896908,0.99000001,"in 50 of 707 districts, the average number of children ever born among parous women was below 2.1",B,,,
3.2524271,3.3168316,0.99000001,"in 50 of 707 districts, the average number of children ever born among parous women was below 2.1",B,,,
3.3225806,3.3225806,0.99000001,"in 50 of 707 districts, the average number of children ever born among parous women was below 2.1",B,,,
3.2844036,3.3148148,0.99000001,"in 50 of 707 districts, the average number of children ever born among parous women was below 2.1",B,,,
3.3928571,3.4545455,0.99000001,"in 50 of 707 districts, the average number of children ever born among parous women was below 2.1",B,,,
3.3445377,3.3445377,0.99000001,"in 50 of 707 districts, the average number of children ever born among parous women was below 2.1",B,,,
2.9736843,2.9736843,0.99000001,"in 50 of 707 districts, the average number of children ever born among parous women was below 2.1",B,,,
3.3103449,3.3684211,0.99000001,"in 50 of 707 districts, the average number of children ever born among parous women was below 2.1",B,,,
3.5491803,3.6386554,0.99000001,"in 50 of 707 districts, the average number of children ever born among parous women was below 2.1",B,,,
3.2148149,3.2878788,0.99000001,"in 50 of 707 districts, the average number of children ever born among parous women was below 2.1",B,,,
3.1276596,3.1726618,0.99000001,"in 50 of 707 districts, the average number of children ever born among parous women was below 2.1",B,,,
3.4307692,3.4573643,0.99000001,"in 50 of 707 districts, the average number of children ever born among parous women was below 2.1",B,,,
3.2809918,3.4224138,0.99000001,"in 50 of 707 districts, the average number of children ever born among parous women was below 2.1",B,,,
3.0992367,3.171875,0.99000001,"in 50 of 707 districts, the average number of children ever born among parous women was below 2.1",B,,,
3.5037036,3.5833333,0.99000001,"in 50 of 707 districts, the average number of children ever born among parous women was below 2.1",B,,,
3.2985075,3.3740458,0.99000001,"in 50 of 707 districts, the average number of children ever born among parous women was below 2.1",B,,,
3.4308944,3.4308944,0.99000001,"in 50 of 707 districts, the average number of children ever born among parous women was below 2.1",B,,,
4.1290321,4.173913,0.99000001,"in 50 of 707 districts, the average number of children ever born among parous women was below 2.1",B,,,
4.2795701,4.47191,0.99000001,"in 50 of 707 districts, the average number of children ever born among parous women was below 2.1",B,,,
3.9277108,4.1265821,0.99000001,"in 50 of 707 districts, the average number of children ever born among parous women was below 2.1",B,,,
3.8390806,3.8837209,0.99000001,"in 50 of 707 districts, the average number of children ever born among parous women was below 2.1",B,,,
3.7972972,3.7972972,0.99000001,"in 50 of 707 districts, the average number of children ever born among parous women was below 2.1",B,,,
4.3333335,4.3333335,0.99000001,"in 50 of 707 districts, the average number of children ever born among parous women was below 2.1",B,,,
4.0689654,4.1403508,0.99000001,"in 50 of 707 districts, the average number of children ever born among parous women was below 2.1",B,,,
3.375,3.4137931,0.99000001,"in 50 of 707 districts, the average number of children ever born among parous women was below 2.1",B,,,
4.2631578,4.3200002,0.99000001,"in 50 of 707 districts, the average number of children ever born among parous women was below 2.1",B,,,
4.2592592,4.4230771,0.99000001,"in 50 of 707 districts, the average number of children ever born among parous women was below 2.1",B,,,
3.9041095,4.130435,0.99000001,"in 50 of 707 districts, the average number of children ever born among parous women was below 2.1",B,,,
4.0338984,4.0338984,0.99000001,"in 50 of 707 districts, the average number of children ever born among parous women was below 2.1",B,,,
4.0862069,4.0862069,0.99000001,"in 50 of 707 districts, the average number of children ever born among parous women was below 2.1",B,,,
4.0649352,4.0649352,0.99000001,"in 50 of 707 districts, the average number of children ever born among parous women was below 2.1",B,,,
3.9620254,4.0649352,0.99000001,"in 50 of 707 districts, the average number of children ever born among parous women was below 2.1",B,,,
3.675926,3.7452831,0.99000001,"in 50 of 707 districts, the average number of children ever born among parous women was below 2.1",B,,,
3.76,3.8762887,0.99000001,"in 50 of 707 districts, the average number of children ever born among parous women was below 2.1",B,,,
3.6881721,3.6881721,0.99000001,"in 50 of 707 districts, the average number of children ever born among parous women was below 2.1",B,,,
3.75,3.8414633,0.99000001,"in 50 of 707 districts, the average number of children ever born among parous women was below 2.1",B,,,
3.8876405,3.8876405,0.99000001,"in 50 of 707 districts, the average number of children ever born among parous women was below 2.1",B,,,
3.8989899,3.9387755,0.99000001,"in 50 of 707 districts, the average number of children ever born among parous women was below 2.1",B,,,
3.9222221,3.9222221,0.99000001,"in 50 of 707 districts, the average number of children ever born among parous women was below 2.1",B,,,
4.1358023,4.2405062,0.99000001,"in 50 of 707 districts, the average number of children ever born among parous women was below 2.1",B,,,
3.7530863,4,0.99000001,"in 50 of 707 districts, the average number of children ever born among parous women was below 2.1",B,,,
3.6153846,3.6555555,0.99000001,"in 50 of 707 districts, the average number of children ever born among parous women was below 2.1",B,,,
3.5769231,3.6710527,0.99000001,"in 50 of 707 districts, the average number of children ever born among parous women was below 2.1",B,,,
3.8510637,3.9347825,0.99000001,"in 50 of 707 districts, the average number of children ever born among parous women was below 2.1",B,,,
4.108911,4.108911,0.99000001,"in 50 of 707 districts, the average number of children ever born among parous women was below 2.1",B,,,
3.9549549,3.9549549,0.99000001,"in 50 of 707 districts, the average number of children ever born among parous women was below 2.1",B,,,
3,3.0370371,0.99000001,"in 50 of 707 districts, the average number of children ever born among parous women was below 2.1",B,,,
3.7821782,3.8199999,0.99000001,"in 50 of 707 districts, the average number of children ever born among parous women was below 2.1",B,,,
3.909091,3.9449542,0.99000001,"in 50 of 707 districts, the average number of children ever born among parous women was below 2.1",B,,,
3.7520661,3.7520661,0.99000001,"in 50 of 707 districts, the average number of children ever born among parous women was below 2.1",B,,,
3.8640776,3.9019608,0.99000001,"in 50 of 707 districts, the average number of children ever born among parous women was below 2.1",B,,,
3.8737864,3.9117646,0.99000001,"in 50 of 707 districts, the average number of children ever born among parous women was below 2.1",B,,,
3.9512196,4.0500002,0.99000001,"in 50 of 707 districts, the average number of children ever born among parous women was below 2.1",B,,,
4,4,0.99000001,"in 50 of 707 districts, the average number of children ever born among parous women was below 2.1",B,,,
3.7058823,3.75,0.99000001,"in 50 of 707 districts, the average number of children ever born among parous women was below 2.1",B,,,
3.9381444,3.9381444,0.99000001,"in 50 of 707 districts, the average number of children ever born among parous women was below 2.1",B,,,
3.8118813,3.8499999,0.99000001,"in 50 of 707 districts, the average number of children ever born among parous women was below 2.1",B,,,
2.0470588,2.2894738,0.99000001,"in 50 of 707 districts, the average number of children ever born among parous women was below 2.1",B,,,
1.8333334,2.0508475,0.99000001,"in 50 of 707 districts, the average number of children ever born among parous women was below 2.1",B,,,
1.7,1.9367088,0.99000001,"in 50 of 707 districts, the average number of children ever born among parous women was below 2.1",B,,,
1.8117647,2.0263157,0.99000001,"in 50 of 707 districts, the average number of children ever born among parous women was below 2.1",B,,,
2.3464568,2.4628098,0.99000001,"in 50 of 707 districts, the average number of children ever born among parous women was below 2.1",B,,,
2.1764705,2.3125,0.99000001,"in 50 of 707 districts, the average number of children ever born among parous women was below 2.1",B,,,
3.4375,3.4684684,0.99000001,"in 50 of 707 districts, the average number of children ever born among parous women was below 2.1",B,,,
2.637255,2.8020833,0.99000001,"in 50 of 707 districts, the average number of children ever born among parous women was below 2.1",B,,,
3.3454545,3.3454545,0.99000001,"in 50 of 707 districts, the average number of children ever born among parous women was below 2.1",B,,,
2.3859649,2.6930692,0.99000001,"in 50 of 707 districts, the average number of children ever born among parous women was below 2.1",B,,,
2.8244274,2.9365079,0.99000001,"in 50 of 707 districts, the average number of children ever born among parous women was below 2.1",B,,,
2.6343284,2.7364342,0.99000001,"in 50 of 707 districts, the average number of children ever born among parous women was below 2.1",B,,,
2.3106797,2.7045455,0.99000001,"in 50 of 707 districts, the average number of children ever born among parous women was below 2.1",B,,,
2.5970149,2.7619047,0.99000001,"in 50 of 707 districts, the average number of children ever born among parous women was below 2.1",B,,,
2.6125,2.7866666,0.99000001,"in 50 of 707 districts, the average number of children ever born among parous women was below 2.1",B,,,
2.8101265,3.2647059,0.99000001,"in 50 of 707 districts, the average number of children ever born among parous women was below 2.1",B,,,
2.2705882,2.474359,0.99000001,"in 50 of 707 districts, the average number of children ever born among parous women was below 2.1",B,,,
3.2235293,3.6533334,0.99000001,"in 50 of 707 districts, the average number of children ever born among parous women was below 2.1",B,,,
2.5588236,3.1071429,0.99000001,"in 50 of 707 districts, the average number of children ever born among parous women was below 2.1",B,,,
2.2314816,2.5913978,0.99000001,"in 50 of 707 districts, the average number of children ever born among parous women was below 2.1",B,,,
2.7857144,3,0.99000001,"in 50 of 707 districts, the average number of children ever born among parous women was below 2.1",B,,,
3.6304348,3.9761906,0.99000001,"in 50 of 707 districts, the average number of children ever born among parous women was below 2.1",B,,,
3.4675324,3.7083333,0.99000001,"in 50 of 707 districts, the average number of children ever born among parous women was below 2.1",B,,,
3.1826923,3.4479167,0.99000001,"in 50 of 707 districts, the average number of children ever born among parous women was below 2.1",B,,,
2.4366198,2.703125,0.99000001,"in 50 of 707 districts, the average number of children ever born among parous women was below 2.1",B,,,
3.1923077,3.5698924,0.99000001,"in 50 of 707 districts, the average number of children ever born among parous women was below 2.1",B,,,
3.2337663,3.557143,0.99000001,"in 50 of 707 districts, the average number of children ever born among parous women was below 2.1",B,,,
3.0515463,3.2888889,0.99000001,"in 50 of 707 districts, the average number of children ever born among parous women was below 2.1",B,,,
2.8118813,3.0869565,0.99000001,"in 50 of 707 districts, the average number of children ever born among parous women was below 2.1",B,,,
2.1970804,2.4876032,0.99000001,"in 50 of 707 districts, the average number of children ever born among parous women was below 2.1",B,,,
2.6967213,2.9375,0.99000001,"in 50 of 707 districts, the average number of children ever born among parous women was below 2.1",B,,,
2.0629921,2.2782609,0.99000001,"in 50 of 707 districts, the average number of children ever born among parous women was below 2.1",B,,,
1.9669422,2.2884614,0.99000001,"in 50 of 707 districts, the average number of children ever born among parous women was below 2.1",B,,,
3.4931507,3.984375,0.99000001,"in 50 of 707 districts, the average number of children ever born among parous women was below 2.1",B,,,
3.060241,3.2987013,0.99000001,"in 50 of 707 districts, the average number of children ever born among parous women was below 2.1",B,,,
2.9456522,3.2261906,0.99000001,"in 50 of 707 districts, the average number of children ever born among parous women was below 2.1",B,,,
2.628866,2.9310346,0.99000001,"in 50 of 707 districts, the average number of children ever born among parous women was below 2.1",B,,,
2.3235295,2.7558138,0.99000001,"in 50 of 707 districts, the average number of children ever born among parous women was below 2.1",B,,,
2.3942308,2.8953488,0.99000001,"in 50 of 707 districts, the average number of children ever born among parous women was below 2.1",B,,,
2.408,2.7614679,0.99000001,"in 50 of 707 districts, the average number of children ever born among parous women was below 2.1",B,,,
2.1881187,2.5999999,0.99000001,"in 50 of 707 districts, the average number of children ever born among parous women was below 2.1",B,,,
2.9256198,3.0782609,0.99000001,"in 50 of 707 districts, the average number of children ever born among parous women was below 2.1",B,,,
2.5555556,3,0.99000001,"in 50 of 707 districts, the average number of children ever born among parous women was below 2.1",B,,,
2.3982301,2.5092592,0.99000001,"in 50 of 707 districts, the average number of children ever born among parous women was below 2.1",B,,,
2.5433071,2.6260164,0.99000001,"in 50 of 707 districts, the average number of children ever born among parous women was below 2.1",B,,,
4.1388888,4.3398056,0.99000001,"in 50 of 707 districts, the average number of children ever born among parous women was below 2.1",B,,,
2.8425198,3.2818182,0.99000001,"in 50 of 707 districts, the average number of children ever born among parous women was below 2.1",B,,,
2.481132,2.5288463,0.99000001,"in 50 of 707 districts, the average number of children ever born among parous women was below 2.1",B,,,
2.7457628,2.8421052,0.99000001,"in 50 of 707 districts, the average number of children ever born among parous women was below 2.1",B,,,
3.0428572,3.1791046,0.99000001,"in 50 of 707 districts, the average number of children ever born among parous women was below 2.1",B,,,
2.8256881,2.9056604,0.99000001,"in 50 of 707 districts, the average number of children ever born among parous women was below 2.1",B,,,
2.4315789,2.625,0.99000001,"in 50 of 707 districts, the average number of children ever born among parous women was below 2.1",B,,,
2.5,2.5409837,0.99000001,"in 50 of 707 districts, the average number of children ever born among parous women was below 2.1",B,,,
2.217742,2.3504274,0.99000001,"in 50 of 707 districts, the average number of children ever born among parous women was below 2.1",B,,,
2.2244897,2.4772727,0.99000001,"in 50 of 707 districts, the average number of children ever born among parous women was below 2.1",B,,,
2.3135593,2.3947368,0.99000001,"in 50 of 707 districts, the average number of children ever born among parous women was below 2.1",B,,,
2.3801653,2.5043478,0.99000001,"in 50 of 707 districts, the average number of children ever born among parous women was below 2.1",B,,,
2.9791667,3.1428571,0.99000001,"in 50 of 707 districts, the average number of children ever born among parous women was below 2.1",B,,,
3.0091743,3.3469388,0.99000001,"in 50 of 707 districts, the average number of children ever born among parous women was below 2.1",B,,,
3.0918367,3.2234042,0.99000001,"in 50 of 707 districts, the average number of children ever born among parous women was below 2.1",B,,,
2.3168316,2.4631579,0.99000001,"in 50 of 707 districts, the average number of children ever born among parous women was below 2.1",B,,,
2.3913043,2.5,0.99000001,"in 50 of 707 districts, the average number of children ever born among parous women was below 2.1",B,,,
2.195122,2.3376622,0.99000001,"in 50 of 707 districts, the average number of children ever born among parous women was below 2.1",B,,,
1.6875,1.9058824,0.99000001,"in 50 of 707 districts, the average number of children ever born among parous women was below 2.1",B,,,
2.1809523,2.2673268,0.99000001,"in 50 of 707 districts, the average number of children ever born among parous women was below 2.1",B,,,
2.141593,2.3269231,0.99000001,"in 50 of 707 districts, the average number of children ever born among parous women was below 2.1",B,,,
2.5068493,2.7727273,0.99000001,"in 50 of 707 districts, the average number of children ever born among parous women was below 2.1",B,,,
2.4333334,2.6071429,0.99000001,"in 50 of 707 districts, the average number of children ever born among parous women was below 2.1",B,,,
2.0485437,2.2210526,0.99000001,"in 50 of 707 districts, the average number of children ever born among parous women was below 2.1",B,,,
2.4205608,2.5643563,0.99000001,"in 50 of 707 districts, the average number of children ever born among parous women was below 2.1",B,,,
2.3925233,2.4854369,0.99000001,"in 50 of 707 districts, the average number of children ever born among parous women was below 2.1",B,,,
3.0958905,3.1388888,0.99000001,"in 50 of 707 districts, the average number of children ever born among parous women was below 2.1",B,,,
2.231405,2.25,0.99000001,"in 50 of 707 districts, the average number of children ever born among parous women was below 2.1",B,,,
2.8297873,2.8913043,0.99000001,"in 50 of 707 districts, the average number of children ever born among parous women was below 2.1",B,,,
2.6464646,2.7578948,0.99000001,"in 50 of 707 districts, the average number of children ever born among parous women was below 2.1",B,,,
2.3563218,2.4404762,0.99000001,"in 50 of 707 districts, the average number of children ever born among parous women was below 2.1",B,,,
2.0701754,2.1454546,0.99000001,"in 50 of 707 districts, the average number of children ever born among parous women was below 2.1",B,,,
1.9904761,2.1111112,0.99000001,"in 50 of 707 districts, the average number of children ever born among parous women was below 2.1",B,,,
1.726415,1.967742,0.99000001,"in 50 of 707 districts, the average number of children ever born among parous women was below 2.1",B,,,
2.4017093,2.4224138,0.99000001,"in 50 of 707 districts, the average number of children ever born among parous women was below 2.1",B,,,
2.7096775,2.8,0.99000001,"in 50 of 707 districts, the average number of children ever born among parous women was below 2.1",B,,,
1.9074074,2,0.99000001,"in 50 of 707 districts, the average number of children ever born among parous women was below 2.1",B,,,
1.7444445,1.8690476,0.99000001,"in 50 of 707 districts, the average number of children ever born among parous women was below 2.1",B,,,
2.3299999,2.5053763,0.99000001,"in 50 of 707 districts, the average number of children ever born among parous women was below 2.1",B,,,
2.2429907,2.3300972,0.99000001,"in 50 of 707 districts, the average number of children ever born among parous women was below 2.1",B,,,
2,2.0612245,0.99000001,"in 50 of 707 districts, the average number of children ever born among parous women was below 2.1",B,,,
3.6320755,3.737864,0.99000001,"in 50 of 707 districts, the average number of children ever born among parous women was below 2.1",B,,,
3.7734375,3.8031497,0.99000001,"in 50 of 707 districts, the average number of children ever born among parous women was below 2.1",B,,,
3.4461539,3.4461539,0.99000001,"in 50 of 707 districts, the average number of children ever born among parous women was below 2.1",B,,,
3.4051723,3.4051723,0.99000001,"in 50 of 707 districts, the average number of children ever born among parous women was below 2.1",B,,,
3.3207548,3.3207548,0.99000001,"in 50 of 707 districts, the average number of children ever born among parous women was below 2.1",B,,,
3.4536083,3.5638299,0.99000001,"in 50 of 707 districts, the average number of children ever born among parous women was below 2.1",B,,,
3.7037036,3.8961039,0.99000001,"in 50 of 707 districts, the average number of children ever born among parous women was below 2.1",B,,,
3.4757283,3.6530612,0.99000001,"in 50 of 707 districts, the average number of children ever born among parous women was below 2.1",B,,,
2.9516129,3.05,0.99000001,"in 50 of 707 districts, the average number of children ever born among parous women was below 2.1",B,,,
2.7181818,2.7943926,0.99000001,"in 50 of 707 districts, the average number of children ever born among parous women was below 2.1",B,,,
3.2980769,3.5,0.99000001,"in 50 of 707 districts, the average number of children ever born among parous women was below 2.1",B,,,
2.5233645,2.5714285,0.99000001,"in 50 of 707 districts, the average number of children ever born among parous women was below 2.1",B,,,
3.609756,3.7,0.99000001,"in 50 of 707 districts, the average number of children ever born among parous women was below 2.1",B,,,
3.7735848,3.7735848,0.99000001,"in 50 of 707 districts, the average number of children ever born among parous women was below 2.1",B,,,
3.25,3.3255813,0.99000001,"in 50 of 707 districts, the average number of children ever born among parous women was below 2.1",B,,,
3.55,3.5949366,0.99000001,"in 50 of 707 districts, the average number of children ever born among parous women was below 2.1",B,,,
2.9411764,2.9702971,0.99000001,"in 50 of 707 districts, the average number of children ever born among parous women was below 2.1",B,,,
2.6634614,2.77,0.99000001,"in 50 of 707 districts, the average number of children ever born among parous women was below 2.1",B,,,
2.7130435,3.0291262,0.99000001,"in 50 of 707 districts, the average number of children ever born among parous women was below 2.1",B,,,
2.8518519,3.049505,0.99000001,"in 50 of 707 districts, the average number of children ever born among parous women was below 2.1",B,,,
3.1964285,3.2545455,0.99000001,"in 50 of 707 districts, the average number of children ever born among parous women was below 2.1",B,,,
3.0152671,3.1102362,0.99000001,"in 50 of 707 districts, the average number of children ever born among parous women was below 2.1",B,,,
3.2886598,3.7093024,0.99000001,"in 50 of 707 districts, the average number of children ever born among parous women was below 2.1",B,,,
2.4903846,2.7553191,0.99000001,"in 50 of 707 districts, the average number of children ever born among parous women was below 2.1",B,,,
2.1730769,2.4565217,0.99000001,"in 50 of 707 districts, the average number of children ever born among parous women was below 2.1",B,,,
2.1649485,2.2826087,0.99000001,"in 50 of 707 districts, the average number of children ever born among parous women was below 2.1",B,,,
1.9705882,2.3372092,0.99000001,"in 50 of 707 districts, the average number of children ever born among parous women was below 2.1",B,,,
2.3867924,2.6082475,0.99000001,"in 50 of 707 districts, the average number of children ever born among parous women was below 2.1",B,,,
2.3505154,2.590909,0.99000001,"in 50 of 707 districts, the average number of children ever born among parous women was below 2.1",B,,,
2.8139534,2.9876542,0.99000001,"in 50 of 707 districts, the average number of children ever born among parous women was below 2.1",B,,,
2.5,2.75,0.99000001,"in 50 of 707 districts, the average number of children ever born among parous women was below 2.1",B,,,
2.2830188,2.3269231,0.99000001,"in 50 of 707 districts, the average number of children ever born among parous women was below 2.1",B,,,
2.6565657,2.7113402,0.99000001,"in 50 of 707 districts, the average number of children ever born among parous women was below 2.1",B,,,
2.4019608,2.45,0.99000001,"in 50 of 707 districts, the average number of children ever born among parous women was below 2.1",B,,,
2.0083334,2.0775862,0.99000001,"in 50 of 707 districts, the average number of children ever born among parous women was below 2.1",B,,,
2,2.05,0.99000001,"in 50 of 707 districts, the average number of children ever born among parous women was below 2.1",B,,,
2.4343433,2.5104167,0.99000001,"in 50 of 707 districts, the average number of children ever born among parous women was below 2.1",B,,,
2.3653846,2.5102041,0.99000001,"in 50 of 707 districts, the average number of children ever born among parous women was below 2.1",B,,,
2.3272727,2.4380953,0.99000001,"in 50 of 707 districts, the average number of children ever born among parous women was below 2.1",B,,,
2.3217392,2.3839285,0.99000001,"in 50 of 707 districts, the average number of children ever born among parous women was below 2.1",B,,,
2.0210526,2.1573033,0.99000001,"in 50 of 707 districts, the average number of children ever born among parous women was below 2.1",B,,,
1.9818182,2.0761905,0.99000001,"in 50 of 707 districts, the average number of children ever born among parous women was below 2.1",B,,,
2.3823528,2.6129031,0.99000001,"in 50 of 707 districts, the average number of children ever born among parous women was below 2.1",B,,,
2.9175258,3.2528737,0.99000001,"in 50 of 707 districts, the average number of children ever born among parous women was below 2.1",B,,,
2.8521738,3.1844661,0.99000001,"in 50 of 707 districts, the average number of children ever born among parous women was below 2.1",B,,,
2.5,2.9012346,0.99000001,"in 50 of 707 districts, the average number of children ever born among parous women was below 2.1",B,,,
2.534091,2.6547618,0.99000001,"in 50 of 707 districts, the average number of children ever born among parous women was below 2.1",B,,,
2.5263157,2.7906976,0.99000001,"in 50 of 707 districts, the average number of children ever born among parous women was below 2.1",B,,,
2.7717392,2.9651163,0.99000001,"in 50 of 707 districts, the average number of children ever born among parous women was below 2.1",B,,,
2.6274509,2.8210526,0.99000001,"in 50 of 707 districts, the average number of children ever born among parous women was below 2.1",B,,,
3,3.2692308,0.99000001,"in 50 of 707 districts, the average number of children ever born among parous women was below 2.1",B,,,
3.6206896,3.7058823,0.99000001,"in 50 of 707 districts, the average number of children ever born among parous women was below 2.1",B,,,
3.1145833,3.517647,0.99000001,"in 50 of 707 districts, the average number of children ever born among parous women was below 2.1",B,,,
3.1809523,3.4081633,0.99000001,"in 50 of 707 districts, the average number of children ever born among parous women was below 2.1",B,,,
2.9523809,3.0243902,0.99000001,"in 50 of 707 districts, the average number of children ever born among parous women was below 2.1",B,,,
3.0108695,3.183908,0.99000001,"in 50 of 707 districts, the average number of children ever born among parous women was below 2.1",B,,,
2.4862385,2.6057692,0.99000001,"in 50 of 707 districts, the average number of children ever born among parous women was below 2.1",B,,,
2.8095238,2.8921568,0.99000001,"in 50 of 707 districts, the average number of children ever born among parous women was below 2.1",B,,,
2.9277108,3.0374999,0.99000001,"in 50 of 707 districts, the average number of children ever born among parous women was below 2.1",B,,,
3.1454546,3.233645,0.99000001,"in 50 of 707 districts, the average number of children ever born among parous women was below 2.1",B,,,
2.6410255,2.8348625,0.99000001,"in 50 of 707 districts, the average number of children ever born among parous women was below 2.1",B,,,
2.4173913,2.5045044,0.99000001,"in 50 of 707 districts, the average number of children ever born among parous women was below 2.1",B,,,
2.4955752,2.5871561,0.99000001,"in 50 of 707 districts, the average number of children ever born among parous women was below 2.1",B,,,
2.4867256,2.6761904,0.99000001,"in 50 of 707 districts, the average number of children ever born among parous women was below 2.1",B,,,
3.0084033,3.1403508,0.99000001,"in 50 of 707 districts, the average number of children ever born among parous women was below 2.1",B,,,
3.2209303,3.5063291,0.99000001,"in 50 of 707 districts, the average number of children ever born among parous women was below 2.1",B,,,
3.3084111,3.3714285,0.99000001,"in 50 of 707 districts, the average number of children ever born among parous women was below 2.1",B,,,
3.6896551,3.7543859,0.99000001,"in 50 of 707 districts, the average number of children ever born among parous women was below 2.1",B,,,
3.2929294,3.3608248,0.99000001,"in 50 of 707 districts, the average number of children ever born among parous women was below 2.1",B,,,
3,3.0967741,0.99000001,"in 50 of 707 districts, the average number of children ever born among parous women was below 2.1",B,,,
2.9897959,3.0206184,0.99000001,"in 50 of 707 districts, the average number of children ever born among parous women was below 2.1",B,,,
3.471698,3.471698,0.99000001,"in 50 of 707 districts, the average number of children ever born among parous women was below 2.1",B,,,
2.7352941,2.7761195,0.99000001,"in 50 of 707 districts, the average number of children ever born among parous women was below 2.1",B,,,
3.2298851,3.3058825,0.99000001,"in 50 of 707 districts, the average number of children ever born among parous women was below 2.1",B,,,
3.4583333,3.6086957,0.99000001,"in 50 of 707 districts, the average number of children ever born among parous women was below 2.1",B,,,
3.1826923,3.2772276,0.99000001,"in 50 of 707 districts, the average number of children ever born among parous women was below 2.1",B,,,
3.4000001,3.5416667,0.99000001,"in 50 of 707 districts, the average number of children ever born among parous women was below 2.1",B,,,
3.3050847,3.3050847,0.99000001,"in 50 of 707 districts, the average number of children ever born among parous women was below 2.1",B,,,
3.6451614,3.6451614,0.99000001,"in 50 of 707 districts, the average number of children ever born among parous women was below 2.1",B,,,
3.1754386,3.321101,0.99000001,"in 50 of 707 districts, the average number of children ever born among parous women was below 2.1",B,,,
2.5833333,2.6571429,0.99000001,"in 50 of 707 districts, the average number of children ever born among parous women was below 2.1",B,,,
2.4954128,2.6153846,0.99000001,"in 50 of 707 districts, the average number of children ever born among parous women was below 2.1",B,,,
2.905983,2.905983,0.99000001,"in 50 of 707 districts, the average number of children ever born among parous women was below 2.1",B,,,
2.7909091,2.9238095,0.99000001,"in 50 of 707 districts, the average number of children ever born among parous women was below 2.1",B,,,
2.7,2.7272727,0.99000001,"in 50 of 707 districts, the average number of children ever born among parous women was below 2.1",B,,,
2.7948718,2.8684211,0.99000001,"in 50 of 707 districts, the average number of children ever born among parous women was below 2.1",B,,,
2.4214876,2.4830508,0.99000001,"in 50 of 707 districts, the average number of children ever born among parous women was below 2.1",B,,,
2.8449612,2.8897638,0.99000001,"in 50 of 707 districts, the average number of children ever born among parous women was below 2.1",B,,,
3.296,3.4049587,0.99000001,"in 50 of 707 districts, the average number of children ever born among parous women was below 2.1",B,,,
2.835294,2.8690476,0.99000001,"in 50 of 707 districts, the average number of children ever born among parous women was below 2.1",B,,,
3.4835165,3.6436782,0.99000001,"in 50 of 707 districts, the average number of children ever born among parous women was below 2.1",B,,,
2.5294118,2.6060605,0.99000001,"in 50 of 707 districts, the average number of children ever born among parous women was below 2.1",B,,,
3.2755103,3.34375,0.99000001,"in 50 of 707 districts, the average number of children ever born among parous women was below 2.1",B,,,
3.6862745,3.6862745,0.99000001,"in 50 of 707 districts, the average number of children ever born among parous women was below 2.1",B,,,
2.7227724,2.7777777,0.99000001,"in 50 of 707 districts, the average number of children ever born among parous women was below 2.1",B,,,
3.1727273,3.1727273,0.99000001,"in 50 of 707 districts, the average number of children ever born among parous women was below 2.1",B,,,
2.9111111,3.0114942,0.99000001,"in 50 of 707 districts, the average number of children ever born among parous women was below 2.1",B,,,
3.0144928,3.1044776,0.99000001,"in 50 of 707 districts, the average number of children ever born among parous women was below 2.1",B,,,
2.5217392,2.7619047,0.99000001,"in 50 of 707 districts, the average number of children ever born among parous women was below 2.1",B,,,
2.7982457,2.8738739,0.99000001,"in 50 of 707 districts, the average number of children ever born among parous women was below 2.1",B,,,
3.4347825,3.5505619,0.99000001,"in 50 of 707 districts, the average number of children ever born among parous women was below 2.1",B,,,
2.7596898,2.894309,0.99000001,"in 50 of 707 districts, the average number of children ever born among parous women was below 2.1",B,,,
2.4949496,2.6847825,0.99000001,"in 50 of 707 districts, the average number of children ever born among parous women was below 2.1",B,,,
2.6774194,2.7977529,0.99000001,"in 50 of 707 districts, the average number of children ever born among parous women was below 2.1",B,,,
2.4479167,2.5824175,0.99000001,"in 50 of 707 districts, the average number of children ever born among parous women was below 2.1",B,,,
3.6333334,3.715909,0.99000001,"in 50 of 707 districts, the average number of children ever born among parous women was below 2.1",B,,,
3.2688172,3.2688172,0.99000001,"in 50 of 707 districts, the average number of children ever born among parous women was below 2.1",B,,,
3.0609756,3.2179487,0.99000001,"in 50 of 707 districts, the average number of children ever born among parous women was below 2.1",B,,,
2.7575758,2.8736842,0.99000001,"in 50 of 707 districts, the average number of children ever born among parous women was below 2.1",B,,,
3.6218488,3.6837606,0.99000001,"in 50 of 707 districts, the average number of children ever born among parous women was below 2.1",B,,,
3.5211267,3.6231885,0.99000001,"in 50 of 707 districts, the average number of children ever born among parous women was below 2.1",B,,,
3.8727272,3.9444444,0.99000001,"in 50 of 707 districts, the average number of children ever born among parous women was below 2.1",B,,,
3.8557692,3.893204,0.99000001,"in 50 of 707 districts, the average number of children ever born among parous women was below 2.1",B,,,
3.0701754,3.1818182,0.99000001,"in 50 of 707 districts, the average number of children ever born among parous women was below 2.1",B,,,
2.9816513,3.0660377,0.99000001,"in 50 of 707 districts, the average number of children ever born among parous women was below 2.1",B,,,
2.8090909,3.121212,0.99000001,"in 50 of 707 districts, the average number of children ever born among parous women was below 2.1",B,,,
3.295238,3.3921568,0.99000001,"in 50 of 707 districts, the average number of children ever born among parous women was below 2.1",B,,,
2.8,2.8865979,0.99000001,"in 50 of 707 districts, the average number of children ever born among parous women was below 2.1",B,,,
2.7474747,2.7755103,0.99000001,"in 50 of 707 districts, the average number of children ever born among parous women was below 2.1",B,,,
2.4000001,2.5,0.99000001,"in 50 of 707 districts, the average number of children ever born among parous women was below 2.1",B,,,
2.2222223,2.4742267,0.99000001,"in 50 of 707 districts, the average number of children ever born among parous women was below 2.1",B,,,
2.6391752,2.694737,0.99000001,"in 50 of 707 districts, the average number of children ever born among parous women was below 2.1",B,,,
2.4938271,2.5897436,0.99000001,"in 50 of 707 districts, the average number of children ever born among parous women was below 2.1",B,,,
3.6201551,3.6484375,0.99000001,"in 50 of 707 districts, the average number of children ever born among parous women was below 2.1",B,,,
2.6465516,2.7410715,0.99000001,"in 50 of 707 districts, the average number of children ever born among parous women was below 2.1",B,,,
2.5816326,2.7802198,0.99000001,"in 50 of 707 districts, the average number of children ever born among parous women was below 2.1",B,,,
2.9729729,3.1428571,0.99000001,"in 50 of 707 districts, the average number of children ever born among parous women was below 2.1",B,,,
2,2.2105262,0.99000001,"in 50 of 707 districts, the average number of children ever born among parous women was below 2.1",B,,,
2.136842,2.3333333,0.99000001,"in 50 of 707 districts, the average number of children ever born among parous women was below 2.1",B,,,
2.3690476,2.5189874,0.99000001,"in 50 of 707 districts, the average number of children ever born among parous women was below 2.1",B,,,
2.1683168,2.3804348,0.99000001,"in 50 of 707 districts, the average number of children ever born among parous women was below 2.1",B,,,
2.6666667,2.8915663,0.99000001,"in 50 of 707 districts, the average number of children ever born among parous women was below 2.1",B,,,
2.3764706,2.4337349,0.99000001,"in 50 of 707 districts, the average number of children ever born among parous women was below 2.1",B,,,
2.4489796,2.5531914,0.99000001,"in 50 of 707 districts, the average number of children ever born among parous women was below 2.1",B,,,
2.6517856,2.75,0.99000001,"in 50 of 707 districts, the average number of children ever born among parous women was below 2.1",B,,,
2.7126436,2.7126436,0.99000001,"in 50 of 707 districts, the average number of children ever born among parous women was below 2.1",B,,,
2.326087,2.4883721,0.99000001,"in 50 of 707 districts, the average number of children ever born among parous women was below 2.1",B,,,
2.4537816,2.5172415,0.99000001,"in 50 of 707 districts, the average number of children ever born among parous women was below 2.1",B,,,
2.4414415,2.4862385,0.99000001,"in 50 of 707 districts, the average number of children ever born among parous women was below 2.1",B,,,
2.6601942,2.6601942,0.99000001,"in 50 of 707 districts, the average number of children ever born among parous women was below 2.1",B,,,
2.1481481,2.2970297,0.99000001,"in 50 of 707 districts, the average number of children ever born among parous women was below 2.1",B,,,
2.0370371,2.0952382,0.99000001,"in 50 of 707 districts, the average number of children ever born among parous women was below 2.1",B,,,
2.0162601,2.1565218,0.99000001,"in 50 of 707 districts, the average number of children ever born among parous women was below 2.1",B,,,
2.1981981,2.2803738,0.99000001,"in 50 of 707 districts, the average number of children ever born among parous women was below 2.1",B,,,
2.1458333,2.2391305,0.99000001,"in 50 of 707 districts, the average number of children ever born among parous women was below 2.1",B,,,
2.2307692,2.3068182,0.99000001,"in 50 of 707 districts, the average number of children ever born among parous women was below 2.1",B,,,
2.1020408,2.2391305,0.99000001,"in 50 of 707 districts, the average number of children ever born among parous women was below 2.1",B,,,
2.25,2.4000001,0.99000001,"in 50 of 707 districts, the average number of children ever born among parous women was below 2.1",B,,,
2.5851064,2.7303371,0.99000001,"in 50 of 707 districts, the average number of children ever born among parous women was below 2.1",B,,,
2.5974026,2.7027028,0.99000001,"in 50 of 707 districts, the average number of children ever born among parous women was below 2.1",B,,,
2.9642856,3.074074,0.99000001,"in 50 of 707 districts, the average number of children ever born among parous women was below 2.1",B,,,
2.7415731,2.8045976,0.99000001,"in 50 of 707 districts, the average number of children ever born among parous women was below 2.1",B,,,
2.5232558,2.6463416,0.99000001,"in 50 of 707 districts, the average number of children ever born among parous women was below 2.1",B,,,
2.5999999,2.7130435,0.99000001,"in 50 of 707 districts, the average number of children ever born among parous women was below 2.1",B,,,
1.9411764,2.0625,0.99000001,"in 50 of 707 districts, the average number of children ever born among parous women was below 2.1",B,,,
1.8181819,1.9444444,0.99000001,"in 50 of 707 districts, the average number of children ever born among parous women was below 2.1",B,,,
2.3660715,2.5,0.99000001,"in 50 of 707 districts, the average number of children ever born among parous women was below 2.1",B,,,
2.0666666,2.1274509,0.99000001,"in 50 of 707 districts, the average number of children ever born among parous women was below 2.1",B,,,
2.2846153,2.3759999,0.99000001,"in 50 of 707 districts, the average number of children ever born among parous women was below 2.1",B,,,
2.609756,2.675,0.99000001,"in 50 of 707 districts, the average number of children ever born among parous women was below 2.1",B,,,
2.8988764,2.8988764,0.99000001,"in 50 of 707 districts, the average number of children ever born among parous women was below 2.1",B,,,
2.5882354,2.6190476,0.99000001,"in 50 of 707 districts, the average number of children ever born among parous women was below 2.1",B,,,
2.8199999,2.8484848,0.99000001,"in 50 of 707 districts, the average number of children ever born among parous women was below 2.1",B,,,
2.4000001,2.4210527,0.99000001,"in 50 of 707 districts, the average number of children ever born among parous women was below 2.1",B,,,
2.1441441,2.3333333,0.99000001,"in 50 of 707 districts, the average number of children ever born among parous women was below 2.1",B,,,
1.7472527,2.0921052,0.99000001,"in 50 of 707 districts, the average number of children ever born among parous women was below 2.1",B,,,
2.1304348,2.1491227,0.99000001,"in 50 of 707 districts, the average number of children ever born among parous women was below 2.1",B,,,
1.9196428,2.0873787,0.99000001,"in 50 of 707 districts, the average number of children ever born among parous women was below 2.1",B,,,
2.060606,2.1473684,0.99000001,"in 50 of 707 districts, the average number of children ever born among parous women was below 2.1",B,,,
2.1764705,2.2289157,0.99000001,"in 50 of 707 districts, the average number of children ever born among parous women was below 2.1",B,,,
1.9633027,2.0776699,0.99000001,"in 50 of 707 districts, the average number of children ever born among parous women was below 2.1",B,,,
2.125,2.1494253,0.99000001,"in 50 of 707 districts, the average number of children ever born among parous women was below 2.1",B,,,
2.1612904,2.2584269,0.99000001,"in 50 of 707 districts, the average number of children ever born among parous women was below 2.1",B,,,
2.0476191,2.1500001,0.99000001,"in 50 of 707 districts, the average number of children ever born among parous women was below 2.1",B,,,
2.0625,2.1758242,0.99000001,"in 50 of 707 districts, the average number of children ever born among parous women was below 2.1",B,,,
2.2297297,2.3239436,0.99000001,"in 50 of 707 districts, the average number of children ever born among parous women was below 2.1",B,,,
2.0892856,2.1467891,0.99000001,"in 50 of 707 districts, the average number of children ever born among parous women was below 2.1",B,,,
2.2577319,2.3297873,0.99000001,"in 50 of 707 districts, the average number of children ever born among parous women was below 2.1",B,,,
2.4042554,2.511111,0.99000001,"in 50 of 707 districts, the average number of children ever born among parous women was below 2.1",B,,,
2.1130435,2.3142858,0.99000001,"in 50 of 707 districts, the average number of children ever born among parous women was below 2.1",B,,,
2.1199999,2.2553191,0.99000001,"in 50 of 707 districts, the average number of children ever born among parous women was below 2.1",B,,,
2.6153846,2.6930692,0.99000001,"in 50 of 707 districts, the average number of children ever born among parous women was below 2.1",B,,,
2.7272727,2.8800001,0.99000001,"in 50 of 707 districts, the average number of children ever born among parous women was below 2.1",B,,,
2.75,2.9791667,0.99000001,"in 50 of 707 districts, the average number of children ever born among parous women was below 2.1",B,,,
2.909091,3.0476191,0.99000001,"in 50 of 707 districts, the average number of children ever born among parous women was below 2.1",B,,,
2.6705883,2.9480519,0.99000001,"in 50 of 707 districts, the average number of children ever born among parous women was below 2.1",B,,,
2.4112151,2.5544555,0.99000001,"in 50 of 707 districts, the average number of children ever born among parous women was below 2.1",B,,,
2.59375,2.7213116,0.99000001,"in 50 of 707 districts, the average number of children ever born among parous women was below 2.1",B,,,
2.1440678,2.4095237,0.99000001,"in 50 of 707 districts, the average number of children ever born among parous women was below 2.1",B,,,
2.0642202,2.2959185,0.99000001,"in 50 of 707 districts, the average number of children ever born among parous women was below 2.1",B,,,
2.3361344,2.5272727,0.99000001,"in 50 of 707 districts, the average number of children ever born among parous women was below 2.1",B,,,
2.4298246,2.7979798,0.99000001,"in 50 of 707 districts, the average number of children ever born among parous women was below 2.1",B,,,
2.1165049,2.3956044,0.99000001,"in 50 of 707 districts, the average number of children ever born among parous women was below 2.1",B,,,
2.1397851,2.2873564,0.99000001,"in 50 of 707 districts, the average number of children ever born among parous women was below 2.1",B,,,
2.0173912,2.1481481,0.99000001,"in 50 of 707 districts, the average number of children ever born among parous women was below 2.1",B,,,
1.8071429,1.9022557,0.99000001,"in 50 of 707 districts, the average number of children ever born among parous women was below 2.1",B,,,
1.9122807,2.0185184,0.99000001,"in 50 of 707 districts, the average number of children ever born among parous women was below 2.1",B,,,
2.0089285,2.0833333,0.99000001,"in 50 of 707 districts, the average number of children ever born among parous women was below 2.1",B,,,
1.7466667,1.8714286,0.99000001,"in 50 of 707 districts, the average number of children ever born among parous women was below 2.1",B,,,
1.915493,2.0298507,0.99000001,"in 50 of 707 districts, the average number of children ever born among parous women was below 2.1",B,,,
1.9752066,2.0782609,0.99000001,"in 50 of 707 districts, the average number of children ever born among parous women was below 2.1",B,,,
2.0265486,2.2233009,0.99000001,"in 50 of 707 districts, the average number of children ever born among parous women was below 2.1",B,,,
2.0761905,2.137255,0.99000001,"in 50 of 707 districts, the average number of children ever born among parous women was below 2.1",B,,,
2.1485147,2.2842104,0.99000001,"in 50 of 707 districts, the average number of children ever born among parous women was below 2.1",B,,,
2,2.1935484,0.99000001,"in 50 of 707 districts, the average number of children ever born among parous women was below 2.1",B,,,
2.7610619,3,0.99000001,"in 50 of 707 districts, the average number of children ever born among parous women was below 2.1",B,,,
3.1463416,3.3076923,0.99000001,"in 50 of 707 districts, the average number of children ever born among parous women was below 2.1",B,,,
2.2391305,2.340909,0.99000001,"in 50 of 707 districts, the average number of children ever born among parous women was below 2.1",B,,,
2.1666667,2.2750001,0.99000001,"in 50 of 707 districts, the average number of children ever born among parous women was below 2.1",B,,,
2.0117648,2.0853658,0.99000001,"in 50 of 707 districts, the average number of children ever born among parous women was below 2.1",B,,,
2.097826,2.2441862,0.99000001,"in 50 of 707 districts, the average number of children ever born among parous women was below 2.1",B,,,
1.503937,1.8018868,0.99000001,"in 50 of 707 districts, the average number of children ever born among parous women was below 2.1",B,,,
1.6557378,1.9803921,0.99000001,"in 50 of 707 districts, the average number of children ever born among parous women was below 2.1",B,,,
2.0802469,2.3241379,0.99000001,"in 50 of 707 districts, the average number of children ever born among parous women was below 2.1",B,,,
2.1714287,2.375,0.99000001,"in 50 of 707 districts, the average number of children ever born among parous women was below 2.1",B,,,
2.0387597,2.1916666,0.99000001,"in 50 of 707 districts, the average number of children ever born among parous women was below 2.1",B,,,
2.2735043,2.3963964,0.99000001,"in 50 of 707 districts, the average number of children ever born among parous women was below 2.1",B,,,
2.3177569,2.3846154,0.99000001,"in 50 of 707 districts, the average number of children ever born among parous women was below 2.1",B,,,
2.6956522,2.7555556,0.99000001,"in 50 of 707 districts, the average number of children ever born among parous women was below 2.1",B,,,
2.106796,2.3333333,0.99000001,"in 50 of 707 districts, the average number of children ever born among parous women was below 2.1",B,,,
1.9111111,2.0235295,0.99000001,"in 50 of 707 districts, the average number of children ever born among parous women was below 2.1",B,,,
1.9285715,1.9894737,0.99000001,"in 50 of 707 districts, the average number of children ever born among parous women was below 2.1",B,,,
2.139535,2.139535,0.99000001,"in 50 of 707 districts, the average number of children ever born among parous women was below 2.1",B,,,
1.8857143,1.9603961,0.99000001,"in 50 of 707 districts, the average number of children ever born among parous women was below 2.1",B,,,
1.8108108,1.8356165,0.99000001,"in 50 of 707 districts, the average number of children ever born among parous women was below 2.1",B,,,
1.6896552,1.8148148,0.99000001,"in 50 of 707 districts, the average number of children ever born among parous women was below 2.1",B,,,
1.8913044,1.9120879,0.99000001,"in 50 of 707 districts, the average number of children ever born among parous women was below 2.1",B,,,
1.8,1.862069,0.99000001,"in 50 of 707 districts, the average number of children ever born among parous women was below 2.1",B,,,
2.060606,2.1473684,0.99000001,"in 50 of 707 districts, the average number of children ever born among parous women was below 2.1",B,,,
1.8051949,1.9305556,0.99000001,"in 50 of 707 districts, the average number of children ever born among parous women was below 2.1",B,,,
2.0888889,2.1609194,0.99000001,"in 50 of 707 districts, the average number of children ever born among parous women was below 2.1",B,,,
2.3838384,2.5106382,0.99000001,"in 50 of 707 districts, the average number of children ever born among parous women was below 2.1",B,,,
2.3725491,2.4948454,0.99000001,"in 50 of 707 districts, the average number of children ever born among parous women was below 2.1",B,,,
2.528302,2.6019418,0.99000001,"in 50 of 707 districts, the average number of children ever born among parous women was below 2.1",B,,,
2.1935484,2.3181818,0.99000001,"in 50 of 707 districts, the average number of children ever born among parous women was below 2.1",B,,,
1.9318181,2.0481927,0.99000001,"in 50 of 707 districts, the average number of children ever born among parous women was below 2.1",B,,,
1.8020834,1.9222223,0.99000001,"in 50 of 707 districts, the average number of children ever born among parous women was below 2.1",B,,,
2.140187,2.140187,0.99000001,"in 50 of 707 districts, the average number of children ever born among parous women was below 2.1",B,,,
2.1025641,2.2568808,0.99000001,"in 50 of 707 districts, the average number of children ever born among parous women was below 2.1",B,,,
1.9387755,2.0652175,0.99000001,"in 50 of 707 districts, the average number of children ever born among parous women was below 2.1",B,,,
2.1224489,2.2127659,0.99000001,"in 50 of 707 districts, the average number of children ever born among parous women was below 2.1",B,,,
2.3766234,2.3766234,0.99000001,"in 50 of 707 districts, the average number of children ever born among parous women was below 2.1",B,,,
2.1923077,2.3424656,0.99000001,"in 50 of 707 districts, the average number of children ever born among parous women was below 2.1",B,,,
2.121212,2.1428571,0.99000001,"in 50 of 707 districts, the average number of children ever born among parous women was below 2.1",B,,,
2.0860214,2.2823529,0.99000001,"in 50 of 707 districts, the average number of children ever born among parous women was below 2.1",B,,,
2.1862745,2.23,0.99000001,"in 50 of 707 districts, the average number of children ever born among parous women was below 2.1",B,,,
2.09901,2.2083333,0.99000001,"in 50 of 707 districts, the average number of children ever born among parous women was below 2.1",B,,,
2.3428571,2.4848485,0.99000001,"in 50 of 707 districts, the average number of children ever born among parous women was below 2.1",B,,,
2.0471699,2.1274509,0.99000001,"in 50 of 707 districts, the average number of children ever born among parous women was below 2.1",B,,,
1.96,2.0762713,0.99000001,"in 50 of 707 districts, the average number of children ever born among parous women was below 2.1",B,,,
2.26,2.3541667,0.99000001,"in 50 of 707 districts, the average number of children ever born among parous women was below 2.1",B,,,
2,2.1290324,0.99000001,"in 50 of 707 districts, the average number of children ever born among parous women was below 2.1",B,,,
2.1463416,2.2184875,0.99000001,"in 50 of 707 districts, the average number of children ever born among parous women was below 2.1",B,,,
2.2982457,2.3818183,0.99000001,"in 50 of 707 districts, the average number of children ever born among parous women was below 2.1",B,,,
2.0560749,2.1782179,0.99000001,"in 50 of 707 districts, the average number of children ever born among parous women was below 2.1",B,,,
1.8160919,1.9036144,0.99000001,"in 50 of 707 districts, the average number of children ever born among parous women was below 2.1",B,,,
2.4958677,2.6725664,0.99000001,"in 50 of 707 districts, the average number of children ever born among parous women was below 2.1",B,,,
2.2095239,2.2745099,0.99000001,"in 50 of 707 districts, the average number of children ever born among parous women was below 2.1",B,,,
1.7945205,1.9264706,0.99000001,"in 50 of 707 districts, the average number of children ever born among parous women was below 2.1",B,,,
2,2.0454545,0.99000001,"in 50 of 707 districts, the average number of children ever born among parous women was below 2.1",B,,,
2.1711712,2.1909091,0.99000001,"in 50 of 707 districts, the average number of children ever born among parous women was below 2.1",B,,,
1.9615384,2.060606,0.99000001,"in 50 of 707 districts, the average number of children ever born among parous women was below 2.1",B,,,
1.8976378,1.9917356,0.99000001,"in 50 of 707 districts, the average number of children ever born among parous women was below 2.1",B,,,
2.0086207,2.0619469,0.99000001,"in 50 of 707 districts, the average number of children ever born among parous women was below 2.1",B,,,
1.920354,2.465909,0.99000001,"in 50 of 707 districts, the average number of children ever born among parous women was below 2.1",B,,,
1.9894737,2.032258,0.99000001,"in 50 of 707 districts, the average number of children ever born among parous women was below 2.1",B,,,
1.8173077,1.89,0.99000001,"in 50 of 707 districts, the average number of children ever born among parous women was below 2.1",B,,,
2.3333333,2.5294118,0.99000001,"in 50 of 707 districts, the average number of children ever born among parous women was below 2.1",B,,,
2.6716418,2.796875,0.99000001,"in 50 of 707 districts, the average number of children ever born among parous women was below 2.1",B,,,
3.1754386,3.2321429,0.99000001,"in 50 of 707 districts, the average number of children ever born among parous women was below 2.1",B,,,
3.1626017,3.1885245,0.99000001,"in 50 of 707 districts, the average number of children ever born among parous women was below 2.1",B,,,
3.3333333,3.364486,0.99000001,"in 50 of 707 districts, the average number of children ever born among parous women was below 2.1",B,,,
3.2540984,3.3644068,0.99000001,"in 50 of 707 districts, the average number of children ever born among parous women was below 2.1",B,,,
2.8916667,3.0707965,0.99000001,"in 50 of 707 districts, the average number of children ever born among parous women was below 2.1",B,,,
2.6724138,2.7927928,0.99000001,"in 50 of 707 districts, the average number of children ever born among parous women was below 2.1",B,,,
2.6565657,2.7395833,0.99000001,"in 50 of 707 districts, the average number of children ever born among parous women was below 2.1",B,,,
2.5688074,2.8282828,0.99000001,"in 50 of 707 districts, the average number of children ever born among parous women was below 2.1",B,,,
2.3879311,2.6634614,0.99000001,"in 50 of 707 districts, the average number of children ever born among parous women was below 2.1",B,,,
3.0784314,3.1717172,0.99000001,"in 50 of 707 districts, the average number of children ever born among parous women was below 2.1",B,,,
2.7804878,2.8499999,0.99000001,"in 50 of 707 districts, the average number of children ever born among parous women was below 2.1",B,,,
2.057143,2.2040815,0.99000001,"in 50 of 707 districts, the average number of children ever born among parous women was below 2.1",B,,,
2.6605504,2.9000001,0.99000001,"in 50 of 707 districts, the average number of children ever born among parous women was below 2.1",B,,,
2.5811965,2.6491227,0.99000001,"in 50 of 707 districts, the average number of children ever born among parous women was below 2.1",B,,,
2.875,2.9541285,0.99000001,"in 50 of 707 districts, the average number of children ever born among parous women was below 2.1",B,,,
2.078125,2.1983471,0.99000001,"in 50 of 707 districts, the average number of children ever born among parous women was below 2.1",B,,,
2.7249999,2.8189654,0.99000001,"in 50 of 707 districts, the average number of children ever born among parous women was below 2.1",B,,,
3.46789,3.5,0.99000001,"in 50 of 707 districts, the average number of children ever born among parous women was below 2.1",B,,,
2.8956521,3.0833333,0.99000001,"in 50 of 707 districts, the average number of children ever born among parous women was below 2.1",B,,,
2.3362069,2.4636364,0.99000001,"in 50 of 707 districts, the average number of children ever born among parous women was below 2.1",B,,,
2.9767442,3.1219511,0.99000001,"in 50 of 707 districts, the average number of children ever born among parous women was below 2.1",B,,,
3.1794872,3.2207792,0.99000001,"in 50 of 707 districts, the average number of children ever born among parous women was below 2.1",B,,,
2.7254901,3.054945,0.99000001,"in 50 of 707 districts, the average number of children ever born among parous women was below 2.1",B,,,
3.0693069,3.1313131,0.99000001,"in 50 of 707 districts, the average number of children ever born among parous women was below 2.1",B,,,
2.9101124,3.120482,0.99000001,"in 50 of 707 districts, the average number of children ever born among parous women was below 2.1",B,,,
2.5405405,2.8484848,0.99000001,"in 50 of 707 districts, the average number of children ever born among parous women was below 2.1",B,,,
2.2428572,2.4153845,0.99000001,"in 50 of 707 districts, the average number of children ever born among parous women was below 2.1",B,,,
2.5277777,2.6764705,0.99000001,"in 50 of 707 districts, the average number of children ever born among parous women was below 2.1",B,,,
3.0707965,3.2735848,0.99000001,"in 50 of 707 districts, the average number of children ever born among parous women was below 2.1",B,,,
3.6068375,3.6695652,0.99000001,"in 50 of 707 districts, the average number of children ever born among parous women was below 2.1",B,,,
2.7985611,2.9029851,0.99000001,"in 50 of 707 districts, the average number of children ever born among parous women was below 2.1",B,,,
2.9837399,3.1913044,0.99000001,"in 50 of 707 districts, the average number of children ever born among parous women was below 2.1",B,,,
3.010989,3.1494253,0.99000001,"in 50 of 707 districts, the average number of children ever born among parous women was below 2.1",B,,,
3.0761905,3.23,0.99000001,"in 50 of 707 districts, the average number of children ever born among parous women was below 2.1",B,,,
2.48,2.6105263,0.99000001,"in 50 of 707 districts, the average number of children ever born among parous women was below 2.1",B,,,
2.5441177,2.6615384,0.99000001,"in 50 of 707 districts, the average number of children ever born among parous women was below 2.1",B,,,
2.5858586,2.6666667,0.99000001,"in 50 of 707 districts, the average number of children ever born among parous women was below 2.1",B,,,
2.988764,3.0227273,0.99000001,"in 50 of 707 districts, the average number of children ever born among parous women was below 2.1",B,,,
3.0088496,3.090909,0.99000001,"in 50 of 707 districts, the average number of children ever born among parous women was below 2.1",B,,,
2.425926,2.4485981,0.99000001,"in 50 of 707 districts, the average number of children ever born among parous women was below 2.1",B,,,
2.6439395,2.7480314,0.99000001,"in 50 of 707 districts, the average number of children ever born among parous women was below 2.1",B,,,
2.4661016,2.5752213,0.99000001,"in 50 of 707 districts, the average number of children ever born among parous women was below 2.1",B,,,
2.515873,2.6198347,0.99000001,"in 50 of 707 districts, the average number of children ever born among parous women was below 2.1",B,,,
2.0645161,2.1333334,0.99000001,"in 50 of 707 districts, the average number of children ever born among parous women was below 2.1",B,,,
2.5948277,2.6875,0.99000001,"in 50 of 707 districts, the average number of children ever born among parous women was below 2.1",B,,,
2.3333333,2.4778762,0.99000001,"in 50 of 707 districts, the average number of children ever born among parous women was below 2.1",B,,,
2.9051723,3.0089285,0.99000001,"in 50 of 707 districts, the average number of children ever born among parous women was below 2.1",B,,,
2.7916667,2.8817205,0.99000001,"in 50 of 707 districts, the average number of children ever born among parous women was below 2.1",B,,,
3.0444446,3.0444446,0.99000001,"in 50 of 707 districts, the average number of children ever born among parous women was below 2.1",B,,,
2.8907564,3.0175438,0.99000001,"in 50 of 707 districts, the average number of children ever born among parous women was below 2.1",B,,,
2.7750001,2.9210527,0.99000001,"in 50 of 707 districts, the average number of children ever born among parous women was below 2.1",B,,,
2.559633,2.7623763,0.99000001,"in 50 of 707 districts, the average number of children ever born among parous women was below 2.1",B,,,
2.3148148,2.3809524,0.99000001,"in 50 of 707 districts, the average number of children ever born among parous women was below 2.1",B,,,
2.2580645,2.4137931,0.99000001,"in 50 of 707 districts, the average number of children ever born among parous women was below 2.1",B,,,
2.5090909,2.6796117,0.99000001,"in 50 of 707 districts, the average number of children ever born among parous women was below 2.1",B,,,
2.8727272,2.981132,0.99000001,"in 50 of 707 districts, the average number of children ever born among parous women was below 2.1",B,,,
2.1694915,2.3925233,0.99000001,"in 50 of 707 districts, the average number of children ever born among parous women was below 2.1",B,,,
2.8053098,2.9626169,0.99000001,"in 50 of 707 districts, the average number of children ever born among parous women was below 2.1",B,,,
2.2803738,2.368932,0.99000001,"in 50 of 707 districts, the average number of children ever born among parous women was below 2.1",B,,,
2.7478261,2.925926,0.99000001,"in 50 of 707 districts, the average number of children ever born among parous women was below 2.1",B,,,
2.6761904,2.867347,0.99000001,"in 50 of 707 districts, the average number of children ever born among parous women was below 2.1",B,,,
2.1826923,2.2475247,0.99000001,"in 50 of 707 districts, the average number of children ever born among parous women was below 2.1",B,,,
2.8620689,2.8620689,0.99000001,"in 50 of 707 districts, the average number of children ever born among parous women was below 2.1",B,,,
2.5339806,2.5841584,0.99000001,"in 50 of 707 districts, the average number of children ever born among parous women was below 2.1",B,,,
2.9342105,2.9342105,0.99000001,"in 50 of 707 districts, the average number of children ever born among parous women was below 2.1",B,,,
3.1682243,3.2285714,0.99000001,"in 50 of 707 districts, the average number of children ever born among parous women was below 2.1",B,,,
2.1037736,2.2525253,0.99000001,"in 50 of 707 districts, the average number of children ever born among parous women was below 2.1",B,,,
2.1460674,2.3580246,0.99000001,"in 50 of 707 districts, the average number of children ever born among parous women was below 2.1",B,,,
2.9407895,3.0202703,0.99000001,"in 50 of 707 districts, the average number of children ever born among parous women was below 2.1",B,,,
5.2671757,5.609756,0.99000001,"in 50 of 707 districts, the average number of children ever born among parous women was below 2.1",B,,,
2.5646257,2.6363637,0.99000001,"in 50 of 707 districts, the average number of children ever born among parous women was below 2.1",B,,,
2.5309734,2.7238095,0.99000001,"in 50 of 707 districts, the average number of children ever born among parous women was below 2.1",B,,,
5.0241938,5.2796612,0.99000001,"in 50 of 707 districts, the average number of children ever born among parous women was below 2.1",B,,,
2.5289855,2.5661764,0.99000001,"in 50 of 707 districts, the average number of children ever born among parous women was below 2.1",B,,,
4.6722689,4.9642859,0.99000001,"in 50 of 707 districts, the average number of children ever born among parous women was below 2.1",B,,,
5.632,5.7704916,0.99000001,"in 50 of 707 districts, the average number of children ever born among parous women was below 2.1",B,,,
2.6666667,2.7118645,0.99000001,"in 50 of 707 districts, the average number of children ever born among parous women was below 2.1",B,,,
2.4786325,2.5217392,0.99000001,"in 50 of 707 districts, the average number of children ever born among parous women was below 2.1",B,,,
2.2807016,2.3423424,0.99000001,"in 50 of 707 districts, the average number of children ever born among parous women was below 2.1",B,,,
2.2521739,2.2719297,0.99000001,"in 50 of 707 districts, the average number of children ever born among parous women was below 2.1",B,,,
2.6597939,2.7157896,0.99000001,"in 50 of 707 districts, the average number of children ever born among parous women was below 2.1",B,,,
2.0096154,2.1546392,0.99000001,"in 50 of 707 districts, the average number of children ever born among parous women was below 2.1",B,,,
2.3399999,2.3399999,0.99000001,"in 50 of 707 districts, the average number of children ever born among parous women was below 2.1",B,,,
2.2450981,2.3608248,0.99000001,"in 50 of 707 districts, the average number of children ever born among parous women was below 2.1",B,,,
2.2688172,2.3707864,0.99000001,"in 50 of 707 districts, the average number of children ever born among parous women was below 2.1",B,,,
2.0777779,2.1494253,0.99000001,"in 50 of 707 districts, the average number of children ever born among parous women was below 2.1",B,,,
2.5,2.6146789,0.99000001,"in 50 of 707 districts, the average number of children ever born among parous women was below 2.1",B,,,
2.1836734,2.3010752,0.99000001,"in 50 of 707 districts, the average number of children ever born among parous women was below 2.1",B,,,
1.956044,2.0459771,0.99000001,"in 50 of 707 districts, the average number of children ever born among parous women was below 2.1",B,,,
2.0901639,2.125,0.99000001,"in 50 of 707 districts, the average number of children ever born among parous women was below 2.1",B,,,
2.2173913,2.4000001,0.99000001,"in 50 of 707 districts, the average number of children ever born among parous women was below 2.1",B,,,
2.1588786,2.3099999,0.99000001,"in 50 of 707 districts, the average number of children ever born among parous women was below 2.1",B,,,
2.4468086,2.6136363,0.99000001,"in 50 of 707 districts, the average number of children ever born among parous women was below 2.1",B,,,
2.0217392,2.2142856,0.99000001,"in 50 of 707 districts, the average number of children ever born among parous women was below 2.1",B,,,
2.5,2.5543478,0.99000001,"in 50 of 707 districts, the average number of children ever born among parous women was below 2.1",B,,,
2.2111111,2.2873564,0.99000001,"in 50 of 707 districts, the average number of children ever born among parous women was below 2.1",B,,,
2.443038,2.5394738,0.99000001,"in 50 of 707 districts, the average number of children ever born among parous women was below 2.1",B,,,
2.1827958,2.2307692,0.99000001,"in 50 of 707 districts, the average number of children ever born among parous women was below 2.1",B,,,
2.1651375,2.3137255,0.99000001,"in 50 of 707 districts, the average number of children ever born among parous women was below 2.1",B,,,
2.2352941,2.4782608,0.99000001,"in 50 of 707 districts, the average number of children ever born among parous women was below 2.1",B,,,
1.9803921,2.1720431,0.99000001,"in 50 of 707 districts, the average number of children ever born among parous women was below 2.1",B,,,
2.3168316,2.3877552,0.99000001,"in 50 of 707 districts, the average number of children ever born among parous women was below 2.1",B,,,
2.4745762,2.5614035,0.99000001,"in 50 of 707 districts, the average number of children ever born among parous women was below 2.1",B,,,
2.6600001,2.7422681,0.99000001,"in 50 of 707 districts, the average number of children ever born among parous women was below 2.1",B,,,
2.2027028,2.2328768,0.99000001,"in 50 of 707 districts, the average number of children ever born among parous women was below 2.1",B,,,
2.1313131,2.1752577,0.99000001,"in 50 of 707 districts, the average number of children ever born among parous women was below 2.1",B,,,
2.5979381,2.680851,0.99000001,"in 50 of 707 districts, the average number of children ever born among parous women was below 2.1",B,,,
2.5151515,2.6210527,0.99000001,"in 50 of 707 districts, the average number of children ever born among parous women was below 2.1",B,,,
2.072165,2.1612904,0.99000001,"in 50 of 707 districts, the average number of children ever born among parous women was below 2.1",B,,,
2.1588786,2.2427185,0.99000001,"in 50 of 707 districts, the average number of children ever born among parous women was below 2.1",B,,,
2.5051546,2.5851064,0.99000001,"in 50 of 707 districts, the average number of children ever born among parous women was below 2.1",B,,,
2.0285714,2.1734693,0.99000001,"in 50 of 707 districts, the average number of children ever born among parous women was below 2.1",B,,,
1.8252428,1.8989899,0.99000001,"in 50 of 707 districts, the average number of children ever born among parous women was below 2.1",B,,,
2.4631579,2.5999999,0.99000001,"in 50 of 707 districts, the average number of children ever born among parous women was below 2.1",B,,,
2.2446809,2.2446809,0.99000001,"in 50 of 707 districts, the average number of children ever born among parous women was below 2.1",B,,,
2.0714285,2.09009,0.99000001,"in 50 of 707 districts, the average number of children ever born among parous women was below 2.1",B,,,
2.5242717,2.6262627,0.99000001,"in 50 of 707 districts, the average number of children ever born among parous women was below 2.1",B,,,
1.8557693,1.8921568,0.99000001,"in 50 of 707 districts, the average number of children ever born among parous women was below 2.1",B,,,
3.9035087,4.0454545,0.99000001,"in 50 of 707 districts, the average number of children ever born among parous women was below 2.1",B,,,
4.2906976,4.3411765,0.99000001,"in 50 of 707 districts, the average number of children ever born among parous women was below 2.1",B,,,
3.0897436,3.1298702,0.99000001,"in 50 of 707 districts, the average number of children ever born among parous women was below 2.1",B,,,
3.1721311,3.2249999,0.99000001,"in 50 of 707 districts, the average number of children ever born among parous women was below 2.1",B,,,
3.5327868,3.6525424,0.99000001,"in 50 of 707 districts, the average number of children ever born among parous women was below 2.1",B,,,
3.328125,3.4634147,0.99000001,"in 50 of 707 districts, the average number of children ever born among parous women was below 2.1",B,,,
3.6396396,3.7407408,0.99000001,"in 50 of 707 districts, the average number of children ever born among parous women was below 2.1",B,,,
4.119266,4.4019608,0.99000001,"in 50 of 707 districts, the average number of children ever born among parous women was below 2.1",B,,,
3.4622641,3.6336634,0.99000001,"in 50 of 707 districts, the average number of children ever born among parous women was below 2.1",B,,,
3.5892856,3.6880734,0.99000001,"in 50 of 707 districts, the average number of children ever born among parous women was below 2.1",B,,,
2.1636364,2.2037036,0.99000001,"in 50 of 707 districts, the average number of children ever born among parous women was below 2.1",B,,,
2.0999999,2.1388888,0.99000001,"in 50 of 707 districts, the average number of children ever born among parous women was below 2.1",B,,,