ccf,cebparous,r2,inplotlabel,panel,CCF,CEBParous,Panel
,,.80000001,"in 279 of 705 country-cohorts, the average number of children ever born among parous women was below 2.1",A,,,
2.4360001,,.80000001,"in 279 of 705 country-cohorts, the average number of children ever born among parous women was below 2.1",A,,,
2.4100001,,.80000001,"in 279 of 705 country-cohorts, the average number of children ever born among parous women was below 2.1",A,,,
2.339,,.80000001,"in 279 of 705 country-cohorts, the average number of children ever born among parous women was below 2.1",A,,,
2.2019999,,.80000001,"in 279 of 705 country-cohorts, the average number of children ever born among parous women was below 2.1",A,,,
2.132,,.80000001,"in 279 of 705 country-cohorts, the average number of children ever born among parous women was below 2.1",A,,,
2.0650001,,.80000001,"in 279 of 705 country-cohorts, the average number of children ever born among parous women was below 2.1",A,,,
2.0369999,,.80000001,"in 279 of 705 country-cohorts, the average number of children ever born among parous women was below 2.1",A,,,
1.983,,.80000001,"in 279 of 705 country-cohorts, the average number of children ever born among parous women was below 2.1",A,,,
1.9529999,,.80000001,"in 279 of 705 country-cohorts, the average number of children ever born among parous women was below 2.1",A,,,
1.938,,.80000001,"in 279 of 705 country-cohorts, the average number of children ever born among parous women was below 2.1",A,,,
1.9859999,,.80000001,"in 279 of 705 country-cohorts, the average number of children ever born among parous women was below 2.1",A,,,
1.931,,.80000001,"in 279 of 705 country-cohorts, the average number of children ever born among parous women was below 2.1",A,,,
1.916,,.80000001,"in 279 of 705 country-cohorts, the average number of children ever born among parous women was below 2.1",A,,,
1.908,,.80000001,"in 279 of 705 country-cohorts, the average number of children ever born among parous women was below 2.1",A,,,
1.863,,.80000001,"in 279 of 705 country-cohorts, the average number of children ever born among parous women was below 2.1",A,,,
1.835,,.80000001,"in 279 of 705 country-cohorts, the average number of children ever born among parous women was below 2.1",A,,,
1.812,,.80000001,"in 279 of 705 country-cohorts, the average number of children ever born among parous women was below 2.1",A,,,
1.817,,.80000001,"in 279 of 705 country-cohorts, the average number of children ever born among parous women was below 2.1",A,,,
1.784,,.80000001,"in 279 of 705 country-cohorts, the average number of children ever born among parous women was below 2.1",A,,,
1.768,,.80000001,"in 279 of 705 country-cohorts, the average number of children ever born among parous women was below 2.1",A,,,
1.7460001,,.80000001,"in 279 of 705 country-cohorts, the average number of children ever born among parous women was below 2.1",A,,,
1.73,,.80000001,"in 279 of 705 country-cohorts, the average number of children ever born among parous women was below 2.1",A,,,
1.7130001,,.80000001,"in 279 of 705 country-cohorts, the average number of children ever born among parous women was below 2.1",A,,,
1.714,,.80000001,"in 279 of 705 country-cohorts, the average number of children ever born among parous women was below 2.1",A,,,
1.698,,.80000001,"in 279 of 705 country-cohorts, the average number of children ever born among parous women was below 2.1",A,,,
1.676,,.80000001,"in 279 of 705 country-cohorts, the average number of children ever born among parous women was below 2.1",A,,,
1.675,,.80000001,"in 279 of 705 country-cohorts, the average number of children ever born among parous women was below 2.1",A,,,
1.6670001,,.80000001,"in 279 of 705 country-cohorts, the average number of children ever born among parous women was below 2.1",A,,,
1.652,,.80000001,"in 279 of 705 country-cohorts, the average number of children ever born among parous women was below 2.1",A,,,
1.6569999,,.80000001,"in 279 of 705 country-cohorts, the average number of children ever born among parous women was below 2.1",A,,,
1.64,,.80000001,"in 279 of 705 country-cohorts, the average number of children ever born among parous women was below 2.1",A,,,
1.626,,.80000001,"in 279 of 705 country-cohorts, the average number of children ever born among parous women was below 2.1",A,,,
1.61,,.80000001,"in 279 of 705 country-cohorts, the average number of children ever born among parous women was below 2.1",A,,,
1.615,2.0365701,.80000001,"in 279 of 705 country-cohorts, the average number of children ever born among parous women was below 2.1",A,,,
1.624,2.0427673,.80000001,"in 279 of 705 country-cohorts, the average number of children ever born among parous women was below 2.1",A,,,
1.6339999,2.0501883,.80000001,"in 279 of 705 country-cohorts, the average number of children ever born among parous women was below 2.1",A,,,
1.651,2.0689223,.80000001,"in 279 of 705 country-cohorts, the average number of children ever born among parous women was below 2.1",A,,,
1.661,2.0710723,.80000001,"in 279 of 705 country-cohorts, the average number of children ever born among parous women was below 2.1",A,,,
1.661,2.0684931,.80000001,"in 279 of 705 country-cohorts, the average number of children ever born among parous women was below 2.1",A,,,
1.652,2.0598505,.80000001,"in 279 of 705 country-cohorts, the average number of children ever born among parous women was below 2.1",A,,,
1.642,2.0576441,.80000001,"in 279 of 705 country-cohorts, the average number of children ever born among parous women was below 2.1",A,,,
1.635,2.0696204,.80000001,"in 279 of 705 country-cohorts, the average number of children ever born among parous women was below 2.1",A,,,
1.6390001,2.0616353,.80000001,"in 279 of 705 country-cohorts, the average number of children ever born among parous women was below 2.1",A,,,
1.624,2.0505052,.80000001,"in 279 of 705 country-cohorts, the average number of children ever born among parous women was below 2.1",A,,,
2.2739999,,.80000001,"in 279 of 705 country-cohorts, the average number of children ever born among parous women was below 2.1",A,,,
2.2349999,,.80000001,"in 279 of 705 country-cohorts, the average number of children ever born among parous women was below 2.1",A,,,
2.22,,.80000001,"in 279 of 705 country-cohorts, the average number of children ever born among parous women was below 2.1",A,,,
2.1860001,,.80000001,"in 279 of 705 country-cohorts, the average number of children ever born among parous women was below 2.1",A,,,
2.1489999,,.80000001,"in 279 of 705 country-cohorts, the average number of children ever born among parous women was below 2.1",A,,,
2.1830001,,.80000001,"in 279 of 705 country-cohorts, the average number of children ever born among parous women was below 2.1",A,,,
2.141,,.80000001,"in 279 of 705 country-cohorts, the average number of children ever born among parous women was below 2.1",A,,,
2.0880001,,.80000001,"in 279 of 705 country-cohorts, the average number of children ever born among parous women was below 2.1",A,,,
2.0339999,,.80000001,"in 279 of 705 country-cohorts, the average number of children ever born among parous women was below 2.1",A,,,
1.989,,.80000001,"in 279 of 705 country-cohorts, the average number of children ever born among parous women was below 2.1",A,,,
1.942,,.80000001,"in 279 of 705 country-cohorts, the average number of children ever born among parous women was below 2.1",A,,,
1.899,,.80000001,"in 279 of 705 country-cohorts, the average number of children ever born among parous women was below 2.1",A,,,
1.88,,.80000001,"in 279 of 705 country-cohorts, the average number of children ever born among parous women was below 2.1",A,,,
1.87,,.80000001,"in 279 of 705 country-cohorts, the average number of children ever born among parous women was below 2.1",A,,,
1.849,,.80000001,"in 279 of 705 country-cohorts, the average number of children ever born among parous women was below 2.1",A,,,
1.867,,.80000001,"in 279 of 705 country-cohorts, the average number of children ever born among parous women was below 2.1",A,,,
1.834,,.80000001,"in 279 of 705 country-cohorts, the average number of children ever born among parous women was below 2.1",A,,,
1.844,,.80000001,"in 279 of 705 country-cohorts, the average number of children ever born among parous women was below 2.1",A,,,
1.834,,.80000001,"in 279 of 705 country-cohorts, the average number of children ever born among parous women was below 2.1",A,,,
1.836,,.80000001,"in 279 of 705 country-cohorts, the average number of children ever born among parous women was below 2.1",A,,,
1.835,,.80000001,"in 279 of 705 country-cohorts, the average number of children ever born among parous women was below 2.1",A,,,
1.855,,.80000001,"in 279 of 705 country-cohorts, the average number of children ever born among parous women was below 2.1",A,,,
1.837,,.80000001,"in 279 of 705 country-cohorts, the average number of children ever born among parous women was below 2.1",A,,,
1.848,,.80000001,"in 279 of 705 country-cohorts, the average number of children ever born among parous women was below 2.1",A,,,
1.849,,.80000001,"in 279 of 705 country-cohorts, the average number of children ever born among parous women was below 2.1",A,,,
1.872,,.80000001,"in 279 of 705 country-cohorts, the average number of children ever born among parous women was below 2.1",A,,,
1.847,,.80000001,"in 279 of 705 country-cohorts, the average number of children ever born among parous women was below 2.1",A,,,
1.851,,.80000001,"in 279 of 705 country-cohorts, the average number of children ever born among parous women was below 2.1",A,,,
1.8279999,,.80000001,"in 279 of 705 country-cohorts, the average number of children ever born among parous women was below 2.1",A,,,
1.825,,.80000001,"in 279 of 705 country-cohorts, the average number of children ever born among parous women was below 2.1",A,,,
1.821,,.80000001,"in 279 of 705 country-cohorts, the average number of children ever born among parous women was below 2.1",A,,,
1.8150001,,.80000001,"in 279 of 705 country-cohorts, the average number of children ever born among parous women was below 2.1",A,,,
1.823,,.80000001,"in 279 of 705 country-cohorts, the average number of children ever born among parous women was below 2.1",A,,,
1.824,,.80000001,"in 279 of 705 country-cohorts, the average number of children ever born among parous women was below 2.1",A,,,
1.827,,.80000001,"in 279 of 705 country-cohorts, the average number of children ever born among parous women was below 2.1",A,,,
1.824,,.80000001,"in 279 of 705 country-cohorts, the average number of children ever born among parous women was below 2.1",A,,,
1.822,,.80000001,"in 279 of 705 country-cohorts, the average number of children ever born among parous women was below 2.1",A,,,
1.84,,.80000001,"in 279 of 705 country-cohorts, the average number of children ever born among parous women was below 2.1",A,,,
1.847,,.80000001,"in 279 of 705 country-cohorts, the average number of children ever born among parous women was below 2.1",A,,,
1.872,,.80000001,"in 279 of 705 country-cohorts, the average number of children ever born among parous women was below 2.1",A,,,
1.869,,.80000001,"in 279 of 705 country-cohorts, the average number of children ever born among parous women was below 2.1",A,,,
1.883,,.80000001,"in 279 of 705 country-cohorts, the average number of children ever born among parous women was below 2.1",A,,,
1.885,,.80000001,"in 279 of 705 country-cohorts, the average number of children ever born among parous women was below 2.1",A,,,
1.888,,.80000001,"in 279 of 705 country-cohorts, the average number of children ever born among parous women was below 2.1",A,,,
,,.80000001,"in 279 of 705 country-cohorts, the average number of children ever born among parous women was below 2.1",A,,,
2.0320001,2.2135077,.80000001,"in 279 of 705 country-cohorts, the average number of children ever born among parous women was below 2.1",A,,,
2.036,2.2154515,.80000001,"in 279 of 705 country-cohorts, the average number of children ever born among parous women was below 2.1",A,,,
2.039,2.2138979,.80000001,"in 279 of 705 country-cohorts, the average number of children ever born among parous women was below 2.1",A,,,
2.0380001,2.2056277,.80000001,"in 279 of 705 country-cohorts, the average number of children ever born among parous women was below 2.1",A,,,
2.052,2.1970022,.80000001,"in 279 of 705 country-cohorts, the average number of children ever born among parous women was below 2.1",A,,,
2.085,2.1878278,.80000001,"in 279 of 705 country-cohorts, the average number of children ever born among parous women was below 2.1",A,,,
2.0940001,2.1744549,.80000001,"in 279 of 705 country-cohorts, the average number of children ever born among parous women was below 2.1",A,,,
2.0910001,2.1668394,.80000001,"in 279 of 705 country-cohorts, the average number of children ever born among parous women was below 2.1",A,,,
2.0780001,2.1668406,.80000001,"in 279 of 705 country-cohorts, the average number of children ever born among parous women was below 2.1",A,,,
2.0769999,2.1478801,.80000001,"in 279 of 705 country-cohorts, the average number of children ever born among parous women was below 2.1",A,,,
2.072,2.1338825,.80000001,"in 279 of 705 country-cohorts, the average number of children ever born among parous women was below 2.1",A,,,
2.053,2.1407716,.80000001,"in 279 of 705 country-cohorts, the average number of children ever born among parous women was below 2.1",A,,,
2.0510001,2.1386862,.80000001,"in 279 of 705 country-cohorts, the average number of children ever born among parous women was below 2.1",A,,,
2.0650001,2.1223021,.80000001,"in 279 of 705 country-cohorts, the average number of children ever born among parous women was below 2.1",A,,,
2.076,2.109756,.80000001,"in 279 of 705 country-cohorts, the average number of children ever born among parous women was below 2.1",A,,,
2.066,2.1168032,.80000001,"in 279 of 705 country-cohorts, the average number of children ever born among parous women was below 2.1",A,,,
2.043,2.1237006,.80000001,"in 279 of 705 country-cohorts, the average number of children ever born among parous women was below 2.1",A,,,
2.0420001,2.1138716,.80000001,"in 279 of 705 country-cohorts, the average number of children ever born among parous women was below 2.1",A,,,
2.0350001,2.0979381,.80000001,"in 279 of 705 country-cohorts, the average number of children ever born among parous women was below 2.1",A,,,
2.039,2.0912821,.80000001,"in 279 of 705 country-cohorts, the average number of children ever born among parous women was below 2.1",A,,,
2.0309999,2.0916581,.80000001,"in 279 of 705 country-cohorts, the average number of children ever born among parous women was below 2.1",A,,,
2.0320001,2.0862422,.80000001,"in 279 of 705 country-cohorts, the average number of children ever born among parous women was below 2.1",A,,,
2.036,2.0775511,.80000001,"in 279 of 705 country-cohorts, the average number of children ever born among parous women was below 2.1",A,,,
2.0190001,2.0623085,.80000001,"in 279 of 705 country-cohorts, the average number of children ever born among parous women was below 2.1",A,,,
1.99,2.0431211,.80000001,"in 279 of 705 country-cohorts, the average number of children ever born among parous women was below 2.1",A,,,
1.95,2.0249221,.80000001,"in 279 of 705 country-cohorts, the average number of children ever born among parous women was below 2.1",A,,,
1.909,2.0158396,.80000001,"in 279 of 705 country-cohorts, the average number of children ever born among parous women was below 2.1",A,,,
1.8839999,2.0063899,.80000001,"in 279 of 705 country-cohorts, the average number of children ever born among parous women was below 2.1",A,,,
1.868,1.9914712,.80000001,"in 279 of 705 country-cohorts, the average number of children ever born among parous women was below 2.1",A,,,
1.857,1.9650793,.80000001,"in 279 of 705 country-cohorts, the average number of children ever born among parous women was below 2.1",A,,,
1.8329999,1.9396825,.80000001,"in 279 of 705 country-cohorts, the average number of children ever born among parous women was below 2.1",A,,,
1.809,1.8922594,.80000001,"in 279 of 705 country-cohorts, the average number of children ever born among parous women was below 2.1",A,,,
1.7920001,1.8493292,.80000001,"in 279 of 705 country-cohorts, the average number of children ever born among parous women was below 2.1",A,,,
1.757,1.8207254,.80000001,"in 279 of 705 country-cohorts, the average number of children ever born among parous women was below 2.1",A,,,
1.705,1.8061441,.80000001,"in 279 of 705 country-cohorts, the average number of children ever born among parous women was below 2.1",A,,,
1.682,1.7855626,.80000001,"in 279 of 705 country-cohorts, the average number of children ever born among parous women was below 2.1",A,,,
1.663,1.771033,.80000001,"in 279 of 705 country-cohorts, the average number of children ever born among parous women was below 2.1",A,,,
1.663,1.7653928,.80000001,"in 279 of 705 country-cohorts, the average number of children ever born among parous women was below 2.1",A,,,
1.659,1.7536998,.80000001,"in 279 of 705 country-cohorts, the average number of children ever born among parous women was below 2.1",A,,,
1.642,1.7375661,.80000001,"in 279 of 705 country-cohorts, the average number of children ever born among parous women was below 2.1",A,,,
1.64,1.7372881,.80000001,"in 279 of 705 country-cohorts, the average number of children ever born among parous women was below 2.1",A,,,
1.65,1.7515924,.80000001,"in 279 of 705 country-cohorts, the average number of children ever born among parous women was below 2.1",A,,,
1.6569999,1.762766,.80000001,"in 279 of 705 country-cohorts, the average number of children ever born among parous women was below 2.1",A,,,
,,.80000001,"in 279 of 705 country-cohorts, the average number of children ever born among parous women was below 2.1",A,,,
,,.80000001,"in 279 of 705 country-cohorts, the average number of children ever born among parous women was below 2.1",A,,,
,,.80000001,"in 279 of 705 country-cohorts, the average number of children ever born among parous women was below 2.1",A,,,
,,.80000001,"in 279 of 705 country-cohorts, the average number of children ever born among parous women was below 2.1",A,,,
,,.80000001,"in 279 of 705 country-cohorts, the average number of children ever born among parous women was below 2.1",A,,,
,,.80000001,"in 279 of 705 country-cohorts, the average number of children ever born among parous women was below 2.1",A,,,
,,.80000001,"in 279 of 705 country-cohorts, the average number of children ever born among parous women was below 2.1",A,,,
,,.80000001,"in 279 of 705 country-cohorts, the average number of children ever born among parous women was below 2.1",A,,,
,,.80000001,"in 279 of 705 country-cohorts, the average number of children ever born among parous women was below 2.1",A,,,
,,.80000001,"in 279 of 705 country-cohorts, the average number of children ever born among parous women was below 2.1",A,,,
,,.80000001,"in 279 of 705 country-cohorts, the average number of children ever born among parous women was below 2.1",A,,,
,,.80000001,"in 279 of 705 country-cohorts, the average number of children ever born among parous women was below 2.1",A,,,
,,.80000001,"in 279 of 705 country-cohorts, the average number of children ever born among parous women was below 2.1",A,,,
,,.80000001,"in 279 of 705 country-cohorts, the average number of children ever born among parous women was below 2.1",A,,,
,,.80000001,"in 279 of 705 country-cohorts, the average number of children ever born among parous women was below 2.1",A,,,
,,.80000001,"in 279 of 705 country-cohorts, the average number of children ever born among parous women was below 2.1",A,,,
1.9680001,2.0869565,.80000001,"in 279 of 705 country-cohorts, the average number of children ever born among parous women was below 2.1",A,,,
1.938,2.0705128,.80000001,"in 279 of 705 country-cohorts, the average number of children ever born among parous women was below 2.1",A,,,
1.964,2.0587003,.80000001,"in 279 of 705 country-cohorts, the average number of children ever born among parous women was below 2.1",A,,,
1.928,2.0467091,.80000001,"in 279 of 705 country-cohorts, the average number of children ever born among parous women was below 2.1",A,,,
1.886,2.0323277,.80000001,"in 279 of 705 country-cohorts, the average number of children ever born among parous women was below 2.1",A,,,
1.915,2.0307529,.80000001,"in 279 of 705 country-cohorts, the average number of children ever born among parous women was below 2.1",A,,,
1.931,2.0283613,.80000001,"in 279 of 705 country-cohorts, the average number of children ever born among parous women was below 2.1",A,,,
1.926,2.0252366,.80000001,"in 279 of 705 country-cohorts, the average number of children ever born among parous women was below 2.1",A,,,
1.924,2.0146596,.80000001,"in 279 of 705 country-cohorts, the average number of children ever born among parous women was below 2.1",A,,,
1.921,1.9804124,.80000001,"in 279 of 705 country-cohorts, the average number of children ever born among parous women was below 2.1",A,,,
1.891,1.9595855,.80000001,"in 279 of 705 country-cohorts, the average number of children ever born among parous women was below 2.1",A,,,
1.873,1.9429461,.80000001,"in 279 of 705 country-cohorts, the average number of children ever born among parous women was below 2.1",A,,,
1.857,1.9283489,.80000001,"in 279 of 705 country-cohorts, the average number of children ever born among parous women was below 2.1",A,,,
1.8150001,1.8985356,.80000001,"in 279 of 705 country-cohorts, the average number of children ever born among parous women was below 2.1",A,,,
1.7359999,1.8686759,.80000001,"in 279 of 705 country-cohorts, the average number of children ever born among parous women was below 2.1",A,,,
1.684,1.8505495,.80000001,"in 279 of 705 country-cohorts, the average number of children ever born among parous women was below 2.1",A,,,
1.689,1.8479213,.80000001,"in 279 of 705 country-cohorts, the average number of children ever born among parous women was below 2.1",A,,,
1.7,1.8438178,.80000001,"in 279 of 705 country-cohorts, the average number of children ever born among parous women was below 2.1",A,,,
1.7130001,1.8031579,.80000001,"in 279 of 705 country-cohorts, the average number of children ever born among parous women was below 2.1",A,,,
1.709,1.7820647,.80000001,"in 279 of 705 country-cohorts, the average number of children ever born among parous women was below 2.1",A,,,
1.694,1.7645833,.80000001,"in 279 of 705 country-cohorts, the average number of children ever born among parous women was below 2.1",A,,,
1.665,1.7544785,.80000001,"in 279 of 705 country-cohorts, the average number of children ever born among parous women was below 2.1",A,,,
1.618,1.7625272,.80000001,"in 279 of 705 country-cohorts, the average number of children ever born among parous women was below 2.1",A,,,
1.585,1.7611111,.80000001,"in 279 of 705 country-cohorts, the average number of children ever born among parous women was below 2.1",A,,,
1.575,1.7736486,.80000001,"in 279 of 705 country-cohorts, the average number of children ever born among parous women was below 2.1",A,,,
1.574,1.7988571,.80000001,"in 279 of 705 country-cohorts, the average number of children ever born among parous women was below 2.1",A,,,
,,.80000001,"in 279 of 705 country-cohorts, the average number of children ever born among parous women was below 2.1",A,,,
,,.80000001,"in 279 of 705 country-cohorts, the average number of children ever born among parous women was below 2.1",A,,,
,,.80000001,"in 279 of 705 country-cohorts, the average number of children ever born among parous women was below 2.1",A,,,
,,.80000001,"in 279 of 705 country-cohorts, the average number of children ever born among parous women was below 2.1",A,,,
,,.80000001,"in 279 of 705 country-cohorts, the average number of children ever born among parous women was below 2.1",A,,,
3.0769999,3.2699256,.80000001,"in 279 of 705 country-cohorts, the average number of children ever born among parous women was below 2.1",A,,,
2.987,3.1912394,.80000001,"in 279 of 705 country-cohorts, the average number of children ever born among parous women was below 2.1",A,,,
2.908,3.1035218,.80000001,"in 279 of 705 country-cohorts, the average number of children ever born among parous women was below 2.1",A,,,
2.8329999,3.0138297,.80000001,"in 279 of 705 country-cohorts, the average number of children ever born among parous women was below 2.1",A,,,
2.76,2.9113925,.80000001,"in 279 of 705 country-cohorts, the average number of children ever born among parous women was below 2.1",A,,,
2.664,2.7983193,.80000001,"in 279 of 705 country-cohorts, the average number of children ever born among parous women was below 2.1",A,,,
2.546,2.6743698,.80000001,"in 279 of 705 country-cohorts, the average number of children ever born among parous women was below 2.1",A,,,
2.451,2.5584552,.80000001,"in 279 of 705 country-cohorts, the average number of children ever born among parous women was below 2.1",A,,,
2.3429999,2.4741287,.80000001,"in 279 of 705 country-cohorts, the average number of children ever born among parous women was below 2.1",A,,,
2.198,2.4153845,.80000001,"in 279 of 705 country-cohorts, the average number of children ever born among parous women was below 2.1",A,,,
2.1140001,2.359375,.80000001,"in 279 of 705 country-cohorts, the average number of children ever born among parous women was below 2.1",A,,,
2.1329999,2.2960172,.80000001,"in 279 of 705 country-cohorts, the average number of children ever born among parous women was below 2.1",A,,,
2.1070001,2.2631578,.80000001,"in 279 of 705 country-cohorts, the average number of children ever born among parous women was below 2.1",A,,,
2.0250001,2.2525027,.80000001,"in 279 of 705 country-cohorts, the average number of children ever born among parous women was below 2.1",A,,,
1.9680001,2.2440138,.80000001,"in 279 of 705 country-cohorts, the average number of children ever born among parous women was below 2.1",A,,,
1.927,2.2380953,.80000001,"in 279 of 705 country-cohorts, the average number of children ever born among parous women was below 2.1",A,,,
1.897,2.2396693,.80000001,"in 279 of 705 country-cohorts, the average number of children ever born among parous women was below 2.1",A,,,
1.882,2.2431467,.80000001,"in 279 of 705 country-cohorts, the average number of children ever born among parous women was below 2.1",A,,,
1.873,2.2350836,.80000001,"in 279 of 705 country-cohorts, the average number of children ever born among parous women was below 2.1",A,,,
1.863,2.2205007,.80000001,"in 279 of 705 country-cohorts, the average number of children ever born among parous women was below 2.1",A,,,
1.852,2.2153111,.80000001,"in 279 of 705 country-cohorts, the average number of children ever born among parous women was below 2.1",A,,,
1.844,2.2136855,.80000001,"in 279 of 705 country-cohorts, the average number of children ever born among parous women was below 2.1",A,,,
1.846,2.21875,.80000001,"in 279 of 705 country-cohorts, the average number of children ever born among parous women was below 2.1",A,,,
1.846,2.2267792,.80000001,"in 279 of 705 country-cohorts, the average number of children ever born among parous women was below 2.1",A,,,
1.845,2.2309554,.80000001,"in 279 of 705 country-cohorts, the average number of children ever born among parous women was below 2.1",A,,,
1.8329999,2.2299271,.80000001,"in 279 of 705 country-cohorts, the average number of children ever born among parous women was below 2.1",A,,,
1.8099999,2.2235873,.80000001,"in 279 of 705 country-cohorts, the average number of children ever born among parous women was below 2.1",A,,,
1.804,2.2162163,.80000001,"in 279 of 705 country-cohorts, the average number of children ever born among parous women was below 2.1",A,,,
1.798,2.206135,.80000001,"in 279 of 705 country-cohorts, the average number of children ever born among parous women was below 2.1",A,,,
1.779,2.2017326,.80000001,"in 279 of 705 country-cohorts, the average number of children ever born among parous women was below 2.1",A,,,
1.767,2.2004981,.80000001,"in 279 of 705 country-cohorts, the average number of children ever born among parous women was below 2.1",A,,,
1.772,2.1985111,.80000001,"in 279 of 705 country-cohorts, the average number of children ever born among parous women was below 2.1",A,,,
1.7819999,2.2027194,.80000001,"in 279 of 705 country-cohorts, the average number of children ever born among parous women was below 2.1",A,,,
1.786,2.2022195,.80000001,"in 279 of 705 country-cohorts, the average number of children ever born among parous women was below 2.1",A,,,
1.788,2.1992619,.80000001,"in 279 of 705 country-cohorts, the average number of children ever born among parous women was below 2.1",A,,,
1.784,2.1943419,.80000001,"in 279 of 705 country-cohorts, the average number of children ever born among parous women was below 2.1",A,,,
1.795,2.199755,.80000001,"in 279 of 705 country-cohorts, the average number of children ever born among parous women was below 2.1",A,,,
1.808,2.2075703,.80000001,"in 279 of 705 country-cohorts, the average number of children ever born among parous women was below 2.1",A,,,
1.811,2.2112331,.80000001,"in 279 of 705 country-cohorts, the average number of children ever born among parous women was below 2.1",A,,,
1.8279999,2.2157576,.80000001,"in 279 of 705 country-cohorts, the average number of children ever born among parous women was below 2.1",A,,,
1.8200001,2.2195122,.80000001,"in 279 of 705 country-cohorts, the average number of children ever born among parous women was below 2.1",A,,,
1.812,2.2260442,.80000001,"in 279 of 705 country-cohorts, the average number of children ever born among parous women was below 2.1",A,,,
1.813,2.2327585,.80000001,"in 279 of 705 country-cohorts, the average number of children ever born among parous women was below 2.1",A,,,
1.801,2.2344913,.80000001,"in 279 of 705 country-cohorts, the average number of children ever born among parous women was below 2.1",A,,,
1.788,2.2377973,.80000001,"in 279 of 705 country-cohorts, the average number of children ever born among parous women was below 2.1",A,,,
2.1730001,,.80000001,"in 279 of 705 country-cohorts, the average number of children ever born among parous women was below 2.1",A,,,
2.1860001,,.80000001,"in 279 of 705 country-cohorts, the average number of children ever born among parous women was below 2.1",A,,,
2.1670001,,.80000001,"in 279 of 705 country-cohorts, the average number of children ever born among parous women was below 2.1",A,,,
2.1559999,,.80000001,"in 279 of 705 country-cohorts, the average number of children ever born among parous women was below 2.1",A,,,
2.1229999,,.80000001,"in 279 of 705 country-cohorts, the average number of children ever born among parous women was below 2.1",A,,,
2.0799999,,.80000001,"in 279 of 705 country-cohorts, the average number of children ever born among parous women was below 2.1",A,,,
2.033,,.80000001,"in 279 of 705 country-cohorts, the average number of children ever born among parous women was below 2.1",A,,,
1.969,,.80000001,"in 279 of 705 country-cohorts, the average number of children ever born among parous women was below 2.1",A,,,
1.923,,.80000001,"in 279 of 705 country-cohorts, the average number of children ever born among parous women was below 2.1",A,,,
1.885,,.80000001,"in 279 of 705 country-cohorts, the average number of children ever born among parous women was below 2.1",A,,,
1.855,,.80000001,"in 279 of 705 country-cohorts, the average number of children ever born among parous women was below 2.1",A,,,
1.852,,.80000001,"in 279 of 705 country-cohorts, the average number of children ever born among parous women was below 2.1",A,,,
1.823,,.80000001,"in 279 of 705 country-cohorts, the average number of children ever born among parous women was below 2.1",A,,,
1.813,,.80000001,"in 279 of 705 country-cohorts, the average number of children ever born among parous women was below 2.1",A,,,
1.808,,.80000001,"in 279 of 705 country-cohorts, the average number of children ever born among parous women was below 2.1",A,,,
1.796,,.80000001,"in 279 of 705 country-cohorts, the average number of children ever born among parous women was below 2.1",A,,,
1.77,,.80000001,"in 279 of 705 country-cohorts, the average number of children ever born among parous women was below 2.1",A,,,
1.757,,.80000001,"in 279 of 705 country-cohorts, the average number of children ever born among parous women was below 2.1",A,,,
1.758,,.80000001,"in 279 of 705 country-cohorts, the average number of children ever born among parous women was below 2.1",A,,,
1.7539999,,.80000001,"in 279 of 705 country-cohorts, the average number of children ever born among parous women was below 2.1",A,,,
1.751,,.80000001,"in 279 of 705 country-cohorts, the average number of children ever born among parous women was below 2.1",A,,,
1.756,,.80000001,"in 279 of 705 country-cohorts, the average number of children ever born among parous women was below 2.1",A,,,
1.742,,.80000001,"in 279 of 705 country-cohorts, the average number of children ever born among parous women was below 2.1",A,,,
1.751,,.80000001,"in 279 of 705 country-cohorts, the average number of children ever born among parous women was below 2.1",A,,,
1.774,,.80000001,"in 279 of 705 country-cohorts, the average number of children ever born among parous women was below 2.1",A,,,
1.78,,.80000001,"in 279 of 705 country-cohorts, the average number of children ever born among parous women was below 2.1",A,,,
1.767,,.80000001,"in 279 of 705 country-cohorts, the average number of children ever born among parous women was below 2.1",A,,,
1.7460001,,.80000001,"in 279 of 705 country-cohorts, the average number of children ever born among parous women was below 2.1",A,,,
1.721,,.80000001,"in 279 of 705 country-cohorts, the average number of children ever born among parous women was below 2.1",A,,,
1.6950001,,.80000001,"in 279 of 705 country-cohorts, the average number of children ever born among parous women was below 2.1",A,,,
1.6720001,,.80000001,"in 279 of 705 country-cohorts, the average number of children ever born among parous women was below 2.1",A,,,
1.669,,.80000001,"in 279 of 705 country-cohorts, the average number of children ever born among parous women was below 2.1",A,,,
1.658,,.80000001,"in 279 of 705 country-cohorts, the average number of children ever born among parous women was below 2.1",A,,,
1.652,,.80000001,"in 279 of 705 country-cohorts, the average number of children ever born among parous women was below 2.1",A,,,
1.6569999,,.80000001,"in 279 of 705 country-cohorts, the average number of children ever born among parous women was below 2.1",A,,,
1.646,,.80000001,"in 279 of 705 country-cohorts, the average number of children ever born among parous women was below 2.1",A,,,
1.638,,.80000001,"in 279 of 705 country-cohorts, the average number of children ever born among parous women was below 2.1",A,,,
1.65,,.80000001,"in 279 of 705 country-cohorts, the average number of children ever born among parous women was below 2.1",A,,,
1.65,,.80000001,"in 279 of 705 country-cohorts, the average number of children ever born among parous women was below 2.1",A,,,
1.653,,.80000001,"in 279 of 705 country-cohorts, the average number of children ever born among parous women was below 2.1",A,,,
1.66,,.80000001,"in 279 of 705 country-cohorts, the average number of children ever born among parous women was below 2.1",A,,,
1.652,,.80000001,"in 279 of 705 country-cohorts, the average number of children ever born among parous women was below 2.1",A,,,
1.6440001,,.80000001,"in 279 of 705 country-cohorts, the average number of children ever born among parous women was below 2.1",A,,,
1.649,,.80000001,"in 279 of 705 country-cohorts, the average number of children ever born among parous women was below 2.1",A,,,
1.638,,.80000001,"in 279 of 705 country-cohorts, the average number of children ever born among parous women was below 2.1",A,,,
,,.80000001,"in 279 of 705 country-cohorts, the average number of children ever born among parous women was below 2.1",A,,,
,,.80000001,"in 279 of 705 country-cohorts, the average number of children ever born among parous women was below 2.1",A,,,
,,.80000001,"in 279 of 705 country-cohorts, the average number of children ever born among parous women was below 2.1",A,,,
,,.80000001,"in 279 of 705 country-cohorts, the average number of children ever born among parous women was below 2.1",A,,,
,,.80000001,"in 279 of 705 country-cohorts, the average number of children ever born among parous women was below 2.1",A,,,
,,.80000001,"in 279 of 705 country-cohorts, the average number of children ever born among parous women was below 2.1",A,,,
,,.80000001,"in 279 of 705 country-cohorts, the average number of children ever born among parous women was below 2.1",A,,,
,,.80000001,"in 279 of 705 country-cohorts, the average number of children ever born among parous women was below 2.1",A,,,
,,.80000001,"in 279 of 705 country-cohorts, the average number of children ever born among parous women was below 2.1",A,,,
,,.80000001,"in 279 of 705 country-cohorts, the average number of children ever born among parous women was below 2.1",A,,,
,,.80000001,"in 279 of 705 country-cohorts, the average number of children ever born among parous women was below 2.1",A,,,
,,.80000001,"in 279 of 705 country-cohorts, the average number of children ever born among parous women was below 2.1",A,,,
,,.80000001,"in 279 of 705 country-cohorts, the average number of children ever born among parous women was below 2.1",A,,,
,,.80000001,"in 279 of 705 country-cohorts, the average number of children ever born among parous women was below 2.1",A,,,
,,.80000001,"in 279 of 705 country-cohorts, the average number of children ever born among parous women was below 2.1",A,,,
,,.80000001,"in 279 of 705 country-cohorts, the average number of children ever born among parous women was below 2.1",A,,,
,,.80000001,"in 279 of 705 country-cohorts, the average number of children ever born among parous women was below 2.1",A,,,
,,.80000001,"in 279 of 705 country-cohorts, the average number of children ever born among parous women was below 2.1",A,,,
,,.80000001,"in 279 of 705 country-cohorts, the average number of children ever born among parous women was below 2.1",A,,,
,,.80000001,"in 279 of 705 country-cohorts, the average number of children ever born among parous women was below 2.1",A,,,
,,.80000001,"in 279 of 705 country-cohorts, the average number of children ever born among parous women was below 2.1",A,,,
,,.80000001,"in 279 of 705 country-cohorts, the average number of children ever born among parous women was below 2.1",A,,,
,,.80000001,"in 279 of 705 country-cohorts, the average number of children ever born among parous women was below 2.1",A,,,
,,.80000001,"in 279 of 705 country-cohorts, the average number of children ever born among parous women was below 2.1",A,,,
,,.80000001,"in 279 of 705 country-cohorts, the average number of children ever born among parous women was below 2.1",A,,,
,,.80000001,"in 279 of 705 country-cohorts, the average number of children ever born among parous women was below 2.1",A,,,
,,.80000001,"in 279 of 705 country-cohorts, the average number of children ever born among parous women was below 2.1",A,,,
,,.80000001,"in 279 of 705 country-cohorts, the average number of children ever born among parous women was below 2.1",A,,,
,,.80000001,"in 279 of 705 country-cohorts, the average number of children ever born among parous women was below 2.1",A,,,
,,.80000001,"in 279 of 705 country-cohorts, the average number of children ever born among parous women was below 2.1",A,,,
,,.80000001,"in 279 of 705 country-cohorts, the average number of children ever born among parous women was below 2.1",A,,,
,,.80000001,"in 279 of 705 country-cohorts, the average number of children ever born among parous women was below 2.1",A,,,
,,.80000001,"in 279 of 705 country-cohorts, the average number of children ever born among parous women was below 2.1",A,,,
,,.80000001,"in 279 of 705 country-cohorts, the average number of children ever born among parous women was below 2.1",A,,,
,,.80000001,"in 279 of 705 country-cohorts, the average number of children ever born among parous women was below 2.1",A,,,
,,.80000001,"in 279 of 705 country-cohorts, the average number of children ever born among parous women was below 2.1",A,,,
,,.80000001,"in 279 of 705 country-cohorts, the average number of children ever born among parous women was below 2.1",A,,,
,,.80000001,"in 279 of 705 country-cohorts, the average number of children ever born among parous women was below 2.1",A,,,
,,.80000001,"in 279 of 705 country-cohorts, the average number of children ever born among parous women was below 2.1",A,,,
,,.80000001,"in 279 of 705 country-cohorts, the average number of children ever born among parous women was below 2.1",A,,,
,,.80000001,"in 279 of 705 country-cohorts, the average number of children ever born among parous women was below 2.1",A,,,
,,.80000001,"in 279 of 705 country-cohorts, the average number of children ever born among parous women was below 2.1",A,,,
,,.80000001,"in 279 of 705 country-cohorts, the average number of children ever born among parous women was below 2.1",A,,,
,,.80000001,"in 279 of 705 country-cohorts, the average number of children ever born among parous women was below 2.1",A,,,
,,.80000001,"in 279 of 705 country-cohorts, the average number of children ever born among parous women was below 2.1",A,,,
2.1129999,2.2818575,.80000001,"in 279 of 705 country-cohorts, the average number of children ever born among parous women was below 2.1",A,,,
2.092,2.2689805,.80000001,"in 279 of 705 country-cohorts, the average number of children ever born among parous women was below 2.1",A,,,
2.105,2.2658772,.80000001,"in 279 of 705 country-cohorts, the average number of children ever born among parous women was below 2.1",A,,,
2.0910001,2.2605405,.80000001,"in 279 of 705 country-cohorts, the average number of children ever born among parous women was below 2.1",A,,,
2.0899999,2.2594595,.80000001,"in 279 of 705 country-cohorts, the average number of children ever born among parous women was below 2.1",A,,,
2.102,2.2385516,.80000001,"in 279 of 705 country-cohorts, the average number of children ever born among parous women was below 2.1",A,,,
2.0639999,2.224138,.80000001,"in 279 of 705 country-cohorts, the average number of children ever born among parous women was below 2.1",A,,,
2.04,2.2125814,.80000001,"in 279 of 705 country-cohorts, the average number of children ever born among parous women was below 2.1",A,,,
2.066,2.2072649,.80000001,"in 279 of 705 country-cohorts, the average number of children ever born among parous women was below 2.1",A,,,
2.046,2.2,.80000001,"in 279 of 705 country-cohorts, the average number of children ever born among parous women was below 2.1",A,,,
2.0220001,2.2050164,.80000001,"in 279 of 705 country-cohorts, the average number of children ever born among parous women was below 2.1",A,,,
2.0650001,2.2109208,.80000001,"in 279 of 705 country-cohorts, the average number of children ever born among parous women was below 2.1",A,,,
2.086,2.2215123,.80000001,"in 279 of 705 country-cohorts, the average number of children ever born among parous women was below 2.1",A,,,
2.0869999,2.2392704,.80000001,"in 279 of 705 country-cohorts, the average number of children ever born among parous women was below 2.1",A,,,
2.098,2.2486603,.80000001,"in 279 of 705 country-cohorts, the average number of children ever born among parous women was below 2.1",A,,,
2.108,2.2425532,.80000001,"in 279 of 705 country-cohorts, the average number of children ever born among parous women was below 2.1",A,,,
2.1070001,2.2438765,.80000001,"in 279 of 705 country-cohorts, the average number of children ever born among parous women was below 2.1",A,,,
2.0999999,2.2364218,.80000001,"in 279 of 705 country-cohorts, the average number of children ever born among parous women was below 2.1",A,,,
2.086,2.226254,.80000001,"in 279 of 705 country-cohorts, the average number of children ever born among parous women was below 2.1",A,,,
2.0799999,2.2127659,.80000001,"in 279 of 705 country-cohorts, the average number of children ever born among parous women was below 2.1",A,,,
2.076,2.2061636,.80000001,"in 279 of 705 country-cohorts, the average number of children ever born among parous women was below 2.1",A,,,
2.0769999,2.2025452,.80000001,"in 279 of 705 country-cohorts, the average number of children ever born among parous women was below 2.1",A,,,
2.069,2.1987247,.80000001,"in 279 of 705 country-cohorts, the average number of children ever born among parous women was below 2.1",A,,,
2.0510001,2.1959314,.80000001,"in 279 of 705 country-cohorts, the average number of children ever born among parous women was below 2.1",A,,,
2.04,2.1818182,.80000001,"in 279 of 705 country-cohorts, the average number of children ever born among parous women was below 2.1",A,,,
2.033,2.1673775,.80000001,"in 279 of 705 country-cohorts, the average number of children ever born among parous women was below 2.1",A,,,
2.023,2.159018,.80000001,"in 279 of 705 country-cohorts, the average number of children ever born among parous women was below 2.1",A,,,
2,2.1344717,.80000001,"in 279 of 705 country-cohorts, the average number of children ever born among parous women was below 2.1",A,,,
1.977,2.1099253,.80000001,"in 279 of 705 country-cohorts, the average number of children ever born among parous women was below 2.1",A,,,
1.967,2.1014957,.80000001,"in 279 of 705 country-cohorts, the average number of children ever born among parous women was below 2.1",A,,,
1.955,2.0886753,.80000001,"in 279 of 705 country-cohorts, the average number of children ever born among parous women was below 2.1",A,,,
1.931,2.076344,.80000001,"in 279 of 705 country-cohorts, the average number of children ever born among parous women was below 2.1",A,,,
1.913,2.0748372,.80000001,"in 279 of 705 country-cohorts, the average number of children ever born among parous women was below 2.1",A,,,
1.9,2.0652175,.80000001,"in 279 of 705 country-cohorts, the average number of children ever born among parous women was below 2.1",A,,,
1.905,2.0528016,.80000001,"in 279 of 705 country-cohorts, the average number of children ever born among parous women was below 2.1",A,,,
1.881,2.0357144,.80000001,"in 279 of 705 country-cohorts, the average number of children ever born among parous women was below 2.1",A,,,
1.874,2.0391731,.80000001,"in 279 of 705 country-cohorts, the average number of children ever born among parous women was below 2.1",A,,,
1.837,2.0343301,.80000001,"in 279 of 705 country-cohorts, the average number of children ever born among parous women was below 2.1",A,,,
1.821,2.018847,.80000001,"in 279 of 705 country-cohorts, the average number of children ever born among parous women was below 2.1",A,,,
1.819,2.0143964,.80000001,"in 279 of 705 country-cohorts, the average number of children ever born among parous women was below 2.1",A,,,
1.772,2.0067949,.80000001,"in 279 of 705 country-cohorts, the average number of children ever born among parous women was below 2.1",A,,,
1.76,1.9954648,.80000001,"in 279 of 705 country-cohorts, the average number of children ever born among parous women was below 2.1",A,,,
1.737,1.9965518,.80000001,"in 279 of 705 country-cohorts, the average number of children ever born among parous women was below 2.1",A,,,
,,.80000001,"in 279 of 705 country-cohorts, the average number of children ever born among parous women was below 2.1",A,,,
,,.80000001,"in 279 of 705 country-cohorts, the average number of children ever born among parous women was below 2.1",A,,,
,,.80000001,"in 279 of 705 country-cohorts, the average number of children ever born among parous women was below 2.1",A,,,
,,.80000001,"in 279 of 705 country-cohorts, the average number of children ever born among parous women was below 2.1",A,,,
,,.80000001,"in 279 of 705 country-cohorts, the average number of children ever born among parous women was below 2.1",A,,,
,,.80000001,"in 279 of 705 country-cohorts, the average number of children ever born among parous women was below 2.1",A,,,
,,.80000001,"in 279 of 705 country-cohorts, the average number of children ever born among parous women was below 2.1",A,,,
,,.80000001,"in 279 of 705 country-cohorts, the average number of children ever born among parous women was below 2.1",A,,,
1.902,,.80000001,"in 279 of 705 country-cohorts, the average number of children ever born among parous women was below 2.1",A,,,
1.85,,.80000001,"in 279 of 705 country-cohorts, the average number of children ever born among parous women was below 2.1",A,,,
1.809,,.80000001,"in 279 of 705 country-cohorts, the average number of children ever born among parous women was below 2.1",A,,,
1.777,,.80000001,"in 279 of 705 country-cohorts, the average number of children ever born among parous women was below 2.1",A,,,
1.774,,.80000001,"in 279 of 705 country-cohorts, the average number of children ever born among parous women was below 2.1",A,,,
1.778,,.80000001,"in 279 of 705 country-cohorts, the average number of children ever born among parous women was below 2.1",A,,,
1.75,,.80000001,"in 279 of 705 country-cohorts, the average number of children ever born among parous women was below 2.1",A,,,
1.728,,.80000001,"in 279 of 705 country-cohorts, the average number of children ever born among parous women was below 2.1",A,,,
1.714,,.80000001,"in 279 of 705 country-cohorts, the average number of children ever born among parous women was below 2.1",A,,,
1.7,,.80000001,"in 279 of 705 country-cohorts, the average number of children ever born among parous women was below 2.1",A,,,
1.658,,.80000001,"in 279 of 705 country-cohorts, the average number of children ever born among parous women was below 2.1",A,,,
1.647,,.80000001,"in 279 of 705 country-cohorts, the average number of children ever born among parous women was below 2.1",A,,,
1.63,,.80000001,"in 279 of 705 country-cohorts, the average number of children ever born among parous women was below 2.1",A,,,
1.607,,.80000001,"in 279 of 705 country-cohorts, the average number of children ever born among parous women was below 2.1",A,,,
1.623,,.80000001,"in 279 of 705 country-cohorts, the average number of children ever born among parous women was below 2.1",A,,,
1.6210001,,.80000001,"in 279 of 705 country-cohorts, the average number of children ever born among parous women was below 2.1",A,,,
1.605,,.80000001,"in 279 of 705 country-cohorts, the average number of children ever born among parous women was below 2.1",A,,,
1.608,,.80000001,"in 279 of 705 country-cohorts, the average number of children ever born among parous women was below 2.1",A,,,
1.6059999,,.80000001,"in 279 of 705 country-cohorts, the average number of children ever born among parous women was below 2.1",A,,,
1.609,,.80000001,"in 279 of 705 country-cohorts, the average number of children ever born among parous women was below 2.1",A,,,
1.587,,.80000001,"in 279 of 705 country-cohorts, the average number of children ever born among parous women was below 2.1",A,,,
1.574,,.80000001,"in 279 of 705 country-cohorts, the average number of children ever born among parous women was below 2.1",A,,,
1.554,,.80000001,"in 279 of 705 country-cohorts, the average number of children ever born among parous women was below 2.1",A,,,
1.539,,.80000001,"in 279 of 705 country-cohorts, the average number of children ever born among parous women was below 2.1",A,,,
1.53,,.80000001,"in 279 of 705 country-cohorts, the average number of children ever born among parous women was below 2.1",A,,,
1.51,,.80000001,"in 279 of 705 country-cohorts, the average number of children ever born among parous women was below 2.1",A,,,
1.489,,.80000001,"in 279 of 705 country-cohorts, the average number of children ever born among parous women was below 2.1",A,,,
1.488,,.80000001,"in 279 of 705 country-cohorts, the average number of children ever born among parous women was below 2.1",A,,,
1.5,,.80000001,"in 279 of 705 country-cohorts, the average number of children ever born among parous women was below 2.1",A,,,
1.525,,.80000001,"in 279 of 705 country-cohorts, the average number of children ever born among parous women was below 2.1",A,,,
1.531,,.80000001,"in 279 of 705 country-cohorts, the average number of children ever born among parous women was below 2.1",A,,,
1.554,,.80000001,"in 279 of 705 country-cohorts, the average number of children ever born among parous women was below 2.1",A,,,
1.584,,.80000001,"in 279 of 705 country-cohorts, the average number of children ever born among parous women was below 2.1",A,,,
,,.80000001,"in 279 of 705 country-cohorts, the average number of children ever born among parous women was below 2.1",A,,,
,,.80000001,"in 279 of 705 country-cohorts, the average number of children ever born among parous women was below 2.1",A,,,
,,.80000001,"in 279 of 705 country-cohorts, the average number of children ever born among parous women was below 2.1",A,,,
,,.80000001,"in 279 of 705 country-cohorts, the average number of children ever born among parous women was below 2.1",A,,,
,,.80000001,"in 279 of 705 country-cohorts, the average number of children ever born among parous women was below 2.1",A,,,
,,.80000001,"in 279 of 705 country-cohorts, the average number of children ever born among parous women was below 2.1",A,,,
2.378,,.80000001,"in 279 of 705 country-cohorts, the average number of children ever born among parous women was below 2.1",A,,,
2.349,,.80000001,"in 279 of 705 country-cohorts, the average number of children ever born among parous women was below 2.1",A,,,
2.325,,.80000001,"in 279 of 705 country-cohorts, the average number of children ever born among parous women was below 2.1",A,,,
2.2980001,,.80000001,"in 279 of 705 country-cohorts, the average number of children ever born among parous women was below 2.1",A,,,
2.2650001,,.80000001,"in 279 of 705 country-cohorts, the average number of children ever born among parous women was below 2.1",A,,,
2.243,,.80000001,"in 279 of 705 country-cohorts, the average number of children ever born among parous women was below 2.1",A,,,
2.2090001,,.80000001,"in 279 of 705 country-cohorts, the average number of children ever born among parous women was below 2.1",A,,,
2.1670001,,.80000001,"in 279 of 705 country-cohorts, the average number of children ever born among parous women was below 2.1",A,,,
2.1359999,,.80000001,"in 279 of 705 country-cohorts, the average number of children ever born among parous women was below 2.1",A,,,
2.102,,.80000001,"in 279 of 705 country-cohorts, the average number of children ever born among parous women was below 2.1",A,,,
2.0599999,,.80000001,"in 279 of 705 country-cohorts, the average number of children ever born among parous women was below 2.1",A,,,
2.03,,.80000001,"in 279 of 705 country-cohorts, the average number of children ever born among parous women was below 2.1",A,,,
2.0020001,,.80000001,"in 279 of 705 country-cohorts, the average number of children ever born among parous women was below 2.1",A,,,
1.974,,.80000001,"in 279 of 705 country-cohorts, the average number of children ever born among parous women was below 2.1",A,,,
1.934,,.80000001,"in 279 of 705 country-cohorts, the average number of children ever born among parous women was below 2.1",A,,,
1.904,,.80000001,"in 279 of 705 country-cohorts, the average number of children ever born among parous women was below 2.1",A,,,
1.895,,.80000001,"in 279 of 705 country-cohorts, the average number of children ever born among parous women was below 2.1",A,,,
1.859,,.80000001,"in 279 of 705 country-cohorts, the average number of children ever born among parous women was below 2.1",A,,,
1.853,2.1274397,.80000001,"in 279 of 705 country-cohorts, the average number of children ever born among parous women was below 2.1",A,,,
1.851,2.1324885,.80000001,"in 279 of 705 country-cohorts, the average number of children ever born among parous women was below 2.1",A,,,
1.8380001,2.1446908,.80000001,"in 279 of 705 country-cohorts, the average number of children ever born among parous women was below 2.1",A,,,
1.848,2.1488373,.80000001,"in 279 of 705 country-cohorts, the average number of children ever born among parous women was below 2.1",A,,,
1.8609999,2.1689978,.80000001,"in 279 of 705 country-cohorts, the average number of children ever born among parous women was below 2.1",A,,,
1.864,2.1775701,.80000001,"in 279 of 705 country-cohorts, the average number of children ever born among parous women was below 2.1",A,,,
1.877,2.200469,.80000001,"in 279 of 705 country-cohorts, the average number of children ever born among parous women was below 2.1",A,,,
1.9,2.2196262,.80000001,"in 279 of 705 country-cohorts, the average number of children ever born among parous women was below 2.1",A,,,
1.908,2.2315791,.80000001,"in 279 of 705 country-cohorts, the average number of children ever born among parous women was below 2.1",A,,,
1.916,2.2435598,.80000001,"in 279 of 705 country-cohorts, the average number of children ever born among parous women was below 2.1",A,,,
1.923,2.2517564,.80000001,"in 279 of 705 country-cohorts, the average number of children ever born among parous women was below 2.1",A,,,
1.933,2.2502911,.80000001,"in 279 of 705 country-cohorts, the average number of children ever born among parous women was below 2.1",A,,,
1.9349999,2.2473867,.80000001,"in 279 of 705 country-cohorts, the average number of children ever born among parous women was below 2.1",A,,,
1.931,2.2505827,.80000001,"in 279 of 705 country-cohorts, the average number of children ever born among parous women was below 2.1",A,,,
1.943,2.2619324,.80000001,"in 279 of 705 country-cohorts, the average number of children ever born among parous women was below 2.1",A,,,
1.969,2.2736721,.80000001,"in 279 of 705 country-cohorts, the average number of children ever born among parous women was below 2.1",A,,,
1.982,2.2807825,.80000001,"in 279 of 705 country-cohorts, the average number of children ever born among parous women was below 2.1",A,,,
1.971,2.2733564,.80000001,"in 279 of 705 country-cohorts, the average number of children ever born among parous women was below 2.1",A,,,
1.952,2.2645011,.80000001,"in 279 of 705 country-cohorts, the average number of children ever born among parous women was below 2.1",A,,,
1.9579999,2.2583621,.80000001,"in 279 of 705 country-cohorts, the average number of children ever born among parous women was below 2.1",A,,,
1.962,2.2577674,.80000001,"in 279 of 705 country-cohorts, the average number of children ever born among parous women was below 2.1",A,,,
1.9579999,2.2531645,.80000001,"in 279 of 705 country-cohorts, the average number of children ever born among parous women was below 2.1",A,,,
1.9579999,2.2531645,.80000001,"in 279 of 705 country-cohorts, the average number of children ever born among parous women was below 2.1",A,,,
1.961,2.2462771,.80000001,"in 279 of 705 country-cohorts, the average number of children ever born among parous women was below 2.1",A,,,
1.949,2.2299771,.80000001,"in 279 of 705 country-cohorts, the average number of children ever born among parous women was below 2.1",A,,,
1.9299999,2.2183907,.80000001,"in 279 of 705 country-cohorts, the average number of children ever born among parous women was below 2.1",A,,,
1.915,2.2087657,.80000001,"in 279 of 705 country-cohorts, the average number of children ever born among parous women was below 2.1",A,,,
2.6789999,,.80000001,"in 279 of 705 country-cohorts, the average number of children ever born among parous women was below 2.1",A,,,
2.6689999,,.80000001,"in 279 of 705 country-cohorts, the average number of children ever born among parous women was below 2.1",A,,,
2.6619999,,.80000001,"in 279 of 705 country-cohorts, the average number of children ever born among parous women was below 2.1",A,,,
2.6489999,,.80000001,"in 279 of 705 country-cohorts, the average number of children ever born among parous women was below 2.1",A,,,
2.6240001,,.80000001,"in 279 of 705 country-cohorts, the average number of children ever born among parous women was below 2.1",A,,,
2.5899999,,.80000001,"in 279 of 705 country-cohorts, the average number of children ever born among parous women was below 2.1",A,,,
2.5420001,,.80000001,"in 279 of 705 country-cohorts, the average number of children ever born among parous women was below 2.1",A,,,
2.5079999,,.80000001,"in 279 of 705 country-cohorts, the average number of children ever born among parous women was below 2.1",A,,,
2.48,,.80000001,"in 279 of 705 country-cohorts, the average number of children ever born among parous women was below 2.1",A,,,
2.447,,.80000001,"in 279 of 705 country-cohorts, the average number of children ever born among parous women was below 2.1",A,,,
2.421,,.80000001,"in 279 of 705 country-cohorts, the average number of children ever born among parous women was below 2.1",A,,,
2.3759999,,.80000001,"in 279 of 705 country-cohorts, the average number of children ever born among parous women was below 2.1",A,,,
2.3169999,,.80000001,"in 279 of 705 country-cohorts, the average number of children ever born among parous women was below 2.1",A,,,
2.28,,.80000001,"in 279 of 705 country-cohorts, the average number of children ever born among parous women was below 2.1",A,,,
2.221,,.80000001,"in 279 of 705 country-cohorts, the average number of children ever born among parous women was below 2.1",A,,,
2.151,,.80000001,"in 279 of 705 country-cohorts, the average number of children ever born among parous women was below 2.1",A,,,
2.1159999,,.80000001,"in 279 of 705 country-cohorts, the average number of children ever born among parous women was below 2.1",A,,,
2.086,,.80000001,"in 279 of 705 country-cohorts, the average number of children ever born among parous women was below 2.1",A,,,
2.0320001,,.80000001,"in 279 of 705 country-cohorts, the average number of children ever born among parous women was below 2.1",A,,,
1.974,,.80000001,"in 279 of 705 country-cohorts, the average number of children ever born among parous women was below 2.1",A,,,
1.934,,.80000001,"in 279 of 705 country-cohorts, the average number of children ever born among parous women was below 2.1",A,,,
1.905,,.80000001,"in 279 of 705 country-cohorts, the average number of children ever born among parous women was below 2.1",A,,,
1.868,,.80000001,"in 279 of 705 country-cohorts, the average number of children ever born among parous women was below 2.1",A,,,
1.823,,.80000001,"in 279 of 705 country-cohorts, the average number of children ever born among parous women was below 2.1",A,,,
1.7869999,,.80000001,"in 279 of 705 country-cohorts, the average number of children ever born among parous women was below 2.1",A,,,
1.751,1.9348066,.80000001,"in 279 of 705 country-cohorts, the average number of children ever born among parous women was below 2.1",A,,,
1.71,1.9084822,.80000001,"in 279 of 705 country-cohorts, the average number of children ever born among parous women was below 2.1",A,,,
1.6799999,1.8897638,.80000001,"in 279 of 705 country-cohorts, the average number of children ever born among parous women was below 2.1",A,,,
1.658,1.869222,.80000001,"in 279 of 705 country-cohorts, the average number of children ever born among parous women was below 2.1",A,,,
1.638,1.8550396,.80000001,"in 279 of 705 country-cohorts, the average number of children ever born among parous women was below 2.1",A,,,
1.602,1.8434982,.80000001,"in 279 of 705 country-cohorts, the average number of children ever born among parous women was below 2.1",A,,,
1.574,1.8344989,.80000001,"in 279 of 705 country-cohorts, the average number of children ever born among parous women was below 2.1",A,,,
1.5549999,1.8229778,.80000001,"in 279 of 705 country-cohorts, the average number of children ever born among parous women was below 2.1",A,,,
1.527,1.8156956,.80000001,"in 279 of 705 country-cohorts, the average number of children ever born among parous women was below 2.1",A,,,
1.497,1.8101572,.80000001,"in 279 of 705 country-cohorts, the average number of children ever born among parous women was below 2.1",A,,,
1.476,1.8021978,.80000001,"in 279 of 705 country-cohorts, the average number of children ever born among parous women was below 2.1",A,,,
1.449,1.7977668,.80000001,"in 279 of 705 country-cohorts, the average number of children ever born among parous women was below 2.1",A,,,
1.42,1.7951959,.80000001,"in 279 of 705 country-cohorts, the average number of children ever born among parous women was below 2.1",A,,,
1.402,1.7905492,.80000001,"in 279 of 705 country-cohorts, the average number of children ever born among parous women was below 2.1",A,,,
1.3839999,1.7904269,.80000001,"in 279 of 705 country-cohorts, the average number of children ever born among parous women was below 2.1",A,,,
1.365,1.7889909,.80000001,"in 279 of 705 country-cohorts, the average number of children ever born among parous women was below 2.1",A,,,
1.357,1.7926024,.80000001,"in 279 of 705 country-cohorts, the average number of children ever born among parous women was below 2.1",A,,,
1.3559999,1.7960265,.80000001,"in 279 of 705 country-cohorts, the average number of children ever born among parous women was below 2.1",A,,,
1.353,1.7992021,.80000001,"in 279 of 705 country-cohorts, the average number of children ever born among parous women was below 2.1",A,,,
1.357,1.8069241,.80000001,"in 279 of 705 country-cohorts, the average number of children ever born among parous women was below 2.1",A,,,
,,.80000001,"in 279 of 705 country-cohorts, the average number of children ever born among parous women was below 2.1",A,,,
,,.80000001,"in 279 of 705 country-cohorts, the average number of children ever born among parous women was below 2.1",A,,,
,,.80000001,"in 279 of 705 country-cohorts, the average number of children ever born among parous women was below 2.1",A,,,
,,.80000001,"in 279 of 705 country-cohorts, the average number of children ever born among parous women was below 2.1",A,,,
,,.80000001,"in 279 of 705 country-cohorts, the average number of children ever born among parous women was below 2.1",A,,,
,,.80000001,"in 279 of 705 country-cohorts, the average number of children ever born among parous women was below 2.1",A,,,
,,.80000001,"in 279 of 705 country-cohorts, the average number of children ever born among parous women was below 2.1",A,,,
,,.80000001,"in 279 of 705 country-cohorts, the average number of children ever born among parous women was below 2.1",A,,,
,,.80000001,"in 279 of 705 country-cohorts, the average number of children ever born among parous women was below 2.1",A,,,
1.8890001,2.0690033,.80000001,"in 279 of 705 country-cohorts, the average number of children ever born among parous women was below 2.1",A,,,
1.873,2.0764966,.80000001,"in 279 of 705 country-cohorts, the average number of children ever born among parous women was below 2.1",A,,,
1.8890001,2.0224838,.80000001,"in 279 of 705 country-cohorts, the average number of children ever born among parous women was below 2.1",A,,,
1.91,2.0297556,.80000001,"in 279 of 705 country-cohorts, the average number of children ever born among parous women was below 2.1",A,,,
1.916,2.0382979,.80000001,"in 279 of 705 country-cohorts, the average number of children ever born among parous women was below 2.1",A,,,
1.988,2.0729928,.80000001,"in 279 of 705 country-cohorts, the average number of children ever born among parous women was below 2.1",A,,,
1.964,2.0543933,.80000001,"in 279 of 705 country-cohorts, the average number of children ever born among parous women was below 2.1",A,,,
2.0020001,2.057554,.80000001,"in 279 of 705 country-cohorts, the average number of children ever born among parous women was below 2.1",A,,,
1.951,2.0623679,.80000001,"in 279 of 705 country-cohorts, the average number of children ever born among parous women was below 2.1",A,,,
1.9630001,2.0663159,.80000001,"in 279 of 705 country-cohorts, the average number of children ever born among parous women was below 2.1",A,,,
1.973,2.0944798,.80000001,"in 279 of 705 country-cohorts, the average number of children ever born among parous women was below 2.1",A,,,
1.97,2.0979767,.80000001,"in 279 of 705 country-cohorts, the average number of children ever born among parous women was below 2.1",A,,,
2.0220001,2.0996885,.80000001,"in 279 of 705 country-cohorts, the average number of children ever born among parous women was below 2.1",A,,,
2.027,2.0918472,.80000001,"in 279 of 705 country-cohorts, the average number of children ever born among parous women was below 2.1",A,,,
2.0350001,2.0807772,.80000001,"in 279 of 705 country-cohorts, the average number of children ever born among parous women was below 2.1",A,,,
2.0599999,2.0766129,.80000001,"in 279 of 705 country-cohorts, the average number of children ever born among parous women was below 2.1",A,,,
2.062,2.0682046,.80000001,"in 279 of 705 country-cohorts, the average number of children ever born among parous women was below 2.1",A,,,
1.994,2.0663211,.80000001,"in 279 of 705 country-cohorts, the average number of children ever born among parous women was below 2.1",A,,,
1.97,2.0628271,.80000001,"in 279 of 705 country-cohorts, the average number of children ever born among parous women was below 2.1",A,,,
1.9119999,2.0603449,.80000001,"in 279 of 705 country-cohorts, the average number of children ever born among parous women was below 2.1",A,,,
1.882,2.0613363,.80000001,"in 279 of 705 country-cohorts, the average number of children ever born among parous women was below 2.1",A,,,
1.9069999,2.0593953,.80000001,"in 279 of 705 country-cohorts, the average number of children ever born among parous women was below 2.1",A,,,
1.8660001,2.0393443,.80000001,"in 279 of 705 country-cohorts, the average number of children ever born among parous women was below 2.1",A,,,
1.874,2.0458515,.80000001,"in 279 of 705 country-cohorts, the average number of children ever born among parous women was below 2.1",A,,,
1.877,2.0468919,.80000001,"in 279 of 705 country-cohorts, the average number of children ever born among parous women was below 2.1",A,,,
1.86,2.0552487,.80000001,"in 279 of 705 country-cohorts, the average number of children ever born among parous women was below 2.1",A,,,
1.867,2.0652654,.80000001,"in 279 of 705 country-cohorts, the average number of children ever born among parous women was below 2.1",A,,,
1.84,2.0581656,.80000001,"in 279 of 705 country-cohorts, the average number of children ever born among parous women was below 2.1",A,,,
1.829,2.0855188,.80000001,"in 279 of 705 country-cohorts, the average number of children ever born among parous women was below 2.1",A,,,
1.8609999,2.1244292,.80000001,"in 279 of 705 country-cohorts, the average number of children ever born among parous women was below 2.1",A,,,
1.841,2.1088202,.80000001,"in 279 of 705 country-cohorts, the average number of children ever born among parous women was below 2.1",A,,,
1.8559999,2.1308839,.80000001,"in 279 of 705 country-cohorts, the average number of children ever born among parous women was below 2.1",A,,,
1.854,2.1334867,.80000001,"in 279 of 705 country-cohorts, the average number of children ever born among parous women was below 2.1",A,,,
1.867,2.1435132,.80000001,"in 279 of 705 country-cohorts, the average number of children ever born among parous women was below 2.1",A,,,
1.868,2.1620371,.80000001,"in 279 of 705 country-cohorts, the average number of children ever born among parous women was below 2.1",A,,,
1.8789999,2.1925321,.80000001,"in 279 of 705 country-cohorts, the average number of children ever born among parous women was below 2.1",A,,,
2.299,,.80000001,"in 279 of 705 country-cohorts, the average number of children ever born among parous women was below 2.1",A,,,
2.2449999,,.80000001,"in 279 of 705 country-cohorts, the average number of children ever born among parous women was below 2.1",A,,,
2.175,,.80000001,"in 279 of 705 country-cohorts, the average number of children ever born among parous women was below 2.1",A,,,
2.1440001,,.80000001,"in 279 of 705 country-cohorts, the average number of children ever born among parous women was below 2.1",A,,,
2.108,,.80000001,"in 279 of 705 country-cohorts, the average number of children ever born among parous women was below 2.1",A,,,
2.0339999,,.80000001,"in 279 of 705 country-cohorts, the average number of children ever born among parous women was below 2.1",A,,,
1.973,,.80000001,"in 279 of 705 country-cohorts, the average number of children ever born among parous women was below 2.1",A,,,
1.9529999,,.80000001,"in 279 of 705 country-cohorts, the average number of children ever born among parous women was below 2.1",A,,,
1.921,,.80000001,"in 279 of 705 country-cohorts, the average number of children ever born among parous women was below 2.1",A,,,
1.892,,.80000001,"in 279 of 705 country-cohorts, the average number of children ever born among parous women was below 2.1",A,,,
1.881,,.80000001,"in 279 of 705 country-cohorts, the average number of children ever born among parous women was below 2.1",A,,,
1.864,,.80000001,"in 279 of 705 country-cohorts, the average number of children ever born among parous women was below 2.1",A,,,
1.863,,.80000001,"in 279 of 705 country-cohorts, the average number of children ever born among parous women was below 2.1",A,,,
1.85,,.80000001,"in 279 of 705 country-cohorts, the average number of children ever born among parous women was below 2.1",A,,,
1.859,,.80000001,"in 279 of 705 country-cohorts, the average number of children ever born among parous women was below 2.1",A,,,
1.847,,.80000001,"in 279 of 705 country-cohorts, the average number of children ever born among parous women was below 2.1",A,,,
1.864,,.80000001,"in 279 of 705 country-cohorts, the average number of children ever born among parous women was below 2.1",A,,,
1.853,,.80000001,"in 279 of 705 country-cohorts, the average number of children ever born among parous women was below 2.1",A,,,
1.859,,.80000001,"in 279 of 705 country-cohorts, the average number of children ever born among parous women was below 2.1",A,,,
1.882,,.80000001,"in 279 of 705 country-cohorts, the average number of children ever born among parous women was below 2.1",A,,,
1.896,,.80000001,"in 279 of 705 country-cohorts, the average number of children ever born among parous women was below 2.1",A,,,
1.9119999,,.80000001,"in 279 of 705 country-cohorts, the average number of children ever born among parous women was below 2.1",A,,,
1.934,,.80000001,"in 279 of 705 country-cohorts, the average number of children ever born among parous women was below 2.1",A,,,
1.946,,.80000001,"in 279 of 705 country-cohorts, the average number of children ever born among parous women was below 2.1",A,,,
1.947,,.80000001,"in 279 of 705 country-cohorts, the average number of children ever born among parous women was below 2.1",A,,,
1.962,,.80000001,"in 279 of 705 country-cohorts, the average number of children ever born among parous women was below 2.1",A,,,
1.952,,.80000001,"in 279 of 705 country-cohorts, the average number of children ever born among parous women was below 2.1",A,,,
1.941,,.80000001,"in 279 of 705 country-cohorts, the average number of children ever born among parous women was below 2.1",A,,,
1.943,,.80000001,"in 279 of 705 country-cohorts, the average number of children ever born among parous women was below 2.1",A,,,
1.92,,.80000001,"in 279 of 705 country-cohorts, the average number of children ever born among parous women was below 2.1",A,,,
1.925,,.80000001,"in 279 of 705 country-cohorts, the average number of children ever born among parous women was below 2.1",A,,,
1.901,,.80000001,"in 279 of 705 country-cohorts, the average number of children ever born among parous women was below 2.1",A,,,
1.89,2.3654568,.80000001,"in 279 of 705 country-cohorts, the average number of children ever born among parous women was below 2.1",A,,,
1.914,2.3924999,.80000001,"in 279 of 705 country-cohorts, the average number of children ever born among parous women was below 2.1",A,,,
1.904,2.3800001,.80000001,"in 279 of 705 country-cohorts, the average number of children ever born among parous women was below 2.1",A,,,
1.887,2.3765743,.80000001,"in 279 of 705 country-cohorts, the average number of children ever born among parous women was below 2.1",A,,,
1.893,2.3811321,.80000001,"in 279 of 705 country-cohorts, the average number of children ever born among parous women was below 2.1",A,,,
1.909,2.4042821,.80000001,"in 279 of 705 country-cohorts, the average number of children ever born among parous women was below 2.1",A,,,
1.898,2.3874214,.80000001,"in 279 of 705 country-cohorts, the average number of children ever born among parous women was below 2.1",A,,,
1.892,2.3709273,.80000001,"in 279 of 705 country-cohorts, the average number of children ever born among parous women was below 2.1",A,,,
1.91,2.3785803,.80000001,"in 279 of 705 country-cohorts, the average number of children ever born among parous women was below 2.1",A,,,
1.891,2.3696742,.80000001,"in 279 of 705 country-cohorts, the average number of children ever born among parous women was below 2.1",A,,,
1.891,2.3667083,.80000001,"in 279 of 705 country-cohorts, the average number of children ever born among parous women was below 2.1",A,,,
1.872,2.3636363,.80000001,"in 279 of 705 country-cohorts, the average number of children ever born among parous women was below 2.1",A,,,
1.849,2.3494282,.80000001,"in 279 of 705 country-cohorts, the average number of children ever born among parous women was below 2.1",A,,,
2.589,,.80000001,"in 279 of 705 country-cohorts, the average number of children ever born among parous women was below 2.1",A,,,
2.5480001,,.80000001,"in 279 of 705 country-cohorts, the average number of children ever born among parous women was below 2.1",A,,,
2.5309999,,.80000001,"in 279 of 705 country-cohorts, the average number of children ever born among parous women was below 2.1",A,,,
2.4890001,,.80000001,"in 279 of 705 country-cohorts, the average number of children ever born among parous women was below 2.1",A,,,
2.448,,.80000001,"in 279 of 705 country-cohorts, the average number of children ever born among parous women was below 2.1",A,,,
2.4230001,,.80000001,"in 279 of 705 country-cohorts, the average number of children ever born among parous women was below 2.1",A,,,
2.3729999,,.80000001,"in 279 of 705 country-cohorts, the average number of children ever born among parous women was below 2.1",A,,,
2.313,,.80000001,"in 279 of 705 country-cohorts, the average number of children ever born among parous women was below 2.1",A,,,
2.2920001,,.80000001,"in 279 of 705 country-cohorts, the average number of children ever born among parous women was below 2.1",A,,,
2.2679999,,.80000001,"in 279 of 705 country-cohorts, the average number of children ever born among parous women was below 2.1",A,,,
2.2279999,,.80000001,"in 279 of 705 country-cohorts, the average number of children ever born among parous women was below 2.1",A,,,
2.174,,.80000001,"in 279 of 705 country-cohorts, the average number of children ever born among parous women was below 2.1",A,,,
2.135,,.80000001,"in 279 of 705 country-cohorts, the average number of children ever born among parous women was below 2.1",A,,,
2.119,,.80000001,"in 279 of 705 country-cohorts, the average number of children ever born among parous women was below 2.1",A,,,
2.1070001,,.80000001,"in 279 of 705 country-cohorts, the average number of children ever born among parous women was below 2.1",A,,,
2.1170001,,.80000001,"in 279 of 705 country-cohorts, the average number of children ever born among parous women was below 2.1",A,,,
2.1129999,,.80000001,"in 279 of 705 country-cohorts, the average number of children ever born among parous women was below 2.1",A,,,
2.1229999,,.80000001,"in 279 of 705 country-cohorts, the average number of children ever born among parous women was below 2.1",A,,,
2.1199999,,.80000001,"in 279 of 705 country-cohorts, the average number of children ever born among parous women was below 2.1",A,,,
2.1240001,,.80000001,"in 279 of 705 country-cohorts, the average number of children ever born among parous women was below 2.1",A,,,
2.132,,.80000001,"in 279 of 705 country-cohorts, the average number of children ever born among parous women was below 2.1",A,,,
2.141,,.80000001,"in 279 of 705 country-cohorts, the average number of children ever born among parous women was below 2.1",A,,,
2.1359999,,.80000001,"in 279 of 705 country-cohorts, the average number of children ever born among parous women was below 2.1",A,,,
2.135,,.80000001,"in 279 of 705 country-cohorts, the average number of children ever born among parous women was below 2.1",A,,,
2.1210001,,.80000001,"in 279 of 705 country-cohorts, the average number of children ever born among parous women was below 2.1",A,,,
2.118,,.80000001,"in 279 of 705 country-cohorts, the average number of children ever born among parous women was below 2.1",A,,,
2.0929999,,.80000001,"in 279 of 705 country-cohorts, the average number of children ever born among parous women was below 2.1",A,,,
2.082,,.80000001,"in 279 of 705 country-cohorts, the average number of children ever born among parous women was below 2.1",A,,,
2.0680001,,.80000001,"in 279 of 705 country-cohorts, the average number of children ever born among parous women was below 2.1",A,,,
2.046,,.80000001,"in 279 of 705 country-cohorts, the average number of children ever born among parous women was below 2.1",A,,,
2.036,,.80000001,"in 279 of 705 country-cohorts, the average number of children ever born among parous women was below 2.1",A,,,
2.0220001,,.80000001,"in 279 of 705 country-cohorts, the average number of children ever born among parous women was below 2.1",A,,,
2.017,,.80000001,"in 279 of 705 country-cohorts, the average number of children ever born among parous women was below 2.1",A,,,
2.013,,.80000001,"in 279 of 705 country-cohorts, the average number of children ever born among parous women was below 2.1",A,,,
2.0039999,,.80000001,"in 279 of 705 country-cohorts, the average number of children ever born among parous women was below 2.1",A,,,
2.0050001,,.80000001,"in 279 of 705 country-cohorts, the average number of children ever born among parous women was below 2.1",A,,,
1.994,,.80000001,"in 279 of 705 country-cohorts, the average number of children ever born among parous women was below 2.1",A,,,
1.993,,.80000001,"in 279 of 705 country-cohorts, the average number of children ever born among parous women was below 2.1",A,,,
2.003,,.80000001,"in 279 of 705 country-cohorts, the average number of children ever born among parous women was below 2.1",A,,,
2.0190001,,.80000001,"in 279 of 705 country-cohorts, the average number of children ever born among parous women was below 2.1",A,,,
2.0320001,,.80000001,"in 279 of 705 country-cohorts, the average number of children ever born among parous women was below 2.1",A,,,
2.0369999,,.80000001,"in 279 of 705 country-cohorts, the average number of children ever born among parous women was below 2.1",A,,,
2.056,,.80000001,"in 279 of 705 country-cohorts, the average number of children ever born among parous women was below 2.1",A,,,
2.0569999,,.80000001,"in 279 of 705 country-cohorts, the average number of children ever born among parous women was below 2.1",A,,,
2.0639999,,.80000001,"in 279 of 705 country-cohorts, the average number of children ever born among parous women was below 2.1",A,,,
,,.80000001,"in 279 of 705 country-cohorts, the average number of children ever born among parous women was below 2.1",A,,,
,,.80000001,"in 279 of 705 country-cohorts, the average number of children ever born among parous women was below 2.1",A,,,
,,.80000001,"in 279 of 705 country-cohorts, the average number of children ever born among parous women was below 2.1",A,,,
,,.80000001,"in 279 of 705 country-cohorts, the average number of children ever born among parous women was below 2.1",A,,,
,,.80000001,"in 279 of 705 country-cohorts, the average number of children ever born among parous women was below 2.1",A,,,
,,.80000001,"in 279 of 705 country-cohorts, the average number of children ever born among parous women was below 2.1",A,,,
,,.80000001,"in 279 of 705 country-cohorts, the average number of children ever born among parous women was below 2.1",A,,,
,,.80000001,"in 279 of 705 country-cohorts, the average number of children ever born among parous women was below 2.1",A,,,
,,.80000001,"in 279 of 705 country-cohorts, the average number of children ever born among parous women was below 2.1",A,,,
,,.80000001,"in 279 of 705 country-cohorts, the average number of children ever born among parous women was below 2.1",A,,,
,,.80000001,"in 279 of 705 country-cohorts, the average number of children ever born among parous women was below 2.1",A,,,
,,.80000001,"in 279 of 705 country-cohorts, the average number of children ever born among parous women was below 2.1",A,,,
,,.80000001,"in 279 of 705 country-cohorts, the average number of children ever born among parous women was below 2.1",A,,,
,,.80000001,"in 279 of 705 country-cohorts, the average number of children ever born among parous women was below 2.1",A,,,
,,.80000001,"in 279 of 705 country-cohorts, the average number of children ever born among parous women was below 2.1",A,,,
,,.80000001,"in 279 of 705 country-cohorts, the average number of children ever born among parous women was below 2.1",A,,,
,,.80000001,"in 279 of 705 country-cohorts, the average number of children ever born among parous women was below 2.1",A,,,
,,.80000001,"in 279 of 705 country-cohorts, the average number of children ever born among parous women was below 2.1",A,,,
,,.80000001,"in 279 of 705 country-cohorts, the average number of children ever born among parous women was below 2.1",A,,,
,,.80000001,"in 279 of 705 country-cohorts, the average number of children ever born among parous women was below 2.1",A,,,
,,.80000001,"in 279 of 705 country-cohorts, the average number of children ever born among parous women was below 2.1",A,,,
,,.80000001,"in 279 of 705 country-cohorts, the average number of children ever born among parous women was below 2.1",A,,,
,,.80000001,"in 279 of 705 country-cohorts, the average number of children ever born among parous women was below 2.1",A,,,
,,.80000001,"in 279 of 705 country-cohorts, the average number of children ever born among parous women was below 2.1",A,,,
1.983,,.80000001,"in 279 of 705 country-cohorts, the average number of children ever born among parous women was below 2.1",A,,,
1.98,,.80000001,"in 279 of 705 country-cohorts, the average number of children ever born among parous women was below 2.1",A,,,
1.952,,.80000001,"in 279 of 705 country-cohorts, the average number of children ever born among parous women was below 2.1",A,,,
1.933,,.80000001,"in 279 of 705 country-cohorts, the average number of children ever born among parous women was below 2.1",A,,,
1.929,,.80000001,"in 279 of 705 country-cohorts, the average number of children ever born among parous women was below 2.1",A,,,
1.925,,.80000001,"in 279 of 705 country-cohorts, the average number of children ever born among parous women was below 2.1",A,,,
1.9170001,,.80000001,"in 279 of 705 country-cohorts, the average number of children ever born among parous women was below 2.1",A,,,
1.905,,.80000001,"in 279 of 705 country-cohorts, the average number of children ever born among parous women was below 2.1",A,,,
1.906,,.80000001,"in 279 of 705 country-cohorts, the average number of children ever born among parous women was below 2.1",A,,,
1.911,,.80000001,"in 279 of 705 country-cohorts, the average number of children ever born among parous women was below 2.1",A,,,
1.905,,.80000001,"in 279 of 705 country-cohorts, the average number of children ever born among parous women was below 2.1",A,,,
1.903,,.80000001,"in 279 of 705 country-cohorts, the average number of children ever born among parous women was below 2.1",A,,,
1.895,,.80000001,"in 279 of 705 country-cohorts, the average number of children ever born among parous women was below 2.1",A,,,
1.882,,.80000001,"in 279 of 705 country-cohorts, the average number of children ever born among parous women was below 2.1",A,,,
1.8839999,,.80000001,"in 279 of 705 country-cohorts, the average number of children ever born among parous women was below 2.1",A,,,
1.895,,.80000001,"in 279 of 705 country-cohorts, the average number of children ever born among parous women was below 2.1",A,,,
1.906,,.80000001,"in 279 of 705 country-cohorts, the average number of children ever born among parous women was below 2.1",A,,,
1.918,,.80000001,"in 279 of 705 country-cohorts, the average number of children ever born among parous women was below 2.1",A,,,
1.9170001,,.80000001,"in 279 of 705 country-cohorts, the average number of children ever born among parous women was below 2.1",A,,,
1.913,,.80000001,"in 279 of 705 country-cohorts, the average number of children ever born among parous women was below 2.1",A,,,
,,.80000001,"in 279 of 705 country-cohorts, the average number of children ever born among parous women was below 2.1",A,,,
,,.80000001,"in 279 of 705 country-cohorts, the average number of children ever born among parous women was below 2.1",A,,,
,,.80000001,"in 279 of 705 country-cohorts, the average number of children ever born among parous women was below 2.1",A,,,
,,.80000001,"in 279 of 705 country-cohorts, the average number of children ever born among parous women was below 2.1",A,,,
,,.80000001,"in 279 of 705 country-cohorts, the average number of children ever born among parous women was below 2.1",A,,,
,,.80000001,"in 279 of 705 country-cohorts, the average number of children ever born among parous women was below 2.1",A,,,
,,.80000001,"in 279 of 705 country-cohorts, the average number of children ever born among parous women was below 2.1",A,,,
,,.80000001,"in 279 of 705 country-cohorts, the average number of children ever born among parous women was below 2.1",A,,,
,,.80000001,"in 279 of 705 country-cohorts, the average number of children ever born among parous women was below 2.1",A,,,
,,.80000001,"in 279 of 705 country-cohorts, the average number of children ever born among parous women was below 2.1",A,,,
,,.80000001,"in 279 of 705 country-cohorts, the average number of children ever born among parous women was below 2.1",A,,,
,,.80000001,"in 279 of 705 country-cohorts, the average number of children ever born among parous women was below 2.1",A,,,
,,.80000001,"in 279 of 705 country-cohorts, the average number of children ever born among parous women was below 2.1",A,,,
,,.80000001,"in 279 of 705 country-cohorts, the average number of children ever born among parous women was below 2.1",A,,,
,,.80000001,"in 279 of 705 country-cohorts, the average number of children ever born among parous women was below 2.1",A,,,
,,.80000001,"in 279 of 705 country-cohorts, the average number of children ever born among parous women was below 2.1",A,,,
,,.80000001,"in 279 of 705 country-cohorts, the average number of children ever born among parous women was below 2.1",A,,,
,,.80000001,"in 279 of 705 country-cohorts, the average number of children ever born among parous women was below 2.1",A,,,
,,.80000001,"in 279 of 705 country-cohorts, the average number of children ever born among parous women was below 2.1",A,,,
,,.80000001,"in 279 of 705 country-cohorts, the average number of children ever born among parous women was below 2.1",A,,,
,,.80000001,"in 279 of 705 country-cohorts, the average number of children ever born among parous women was below 2.1",A,,,
,,.80000001,"in 279 of 705 country-cohorts, the average number of children ever born among parous women was below 2.1",A,,,
,,.80000001,"in 279 of 705 country-cohorts, the average number of children ever born among parous women was below 2.1",A,,,
,,.80000001,"in 279 of 705 country-cohorts, the average number of children ever born among parous women was below 2.1",A,,,
,,.80000001,"in 279 of 705 country-cohorts, the average number of children ever born among parous women was below 2.1",A,,,
,,.80000001,"in 279 of 705 country-cohorts, the average number of children ever born among parous women was below 2.1",A,,,
,,.80000001,"in 279 of 705 country-cohorts, the average number of children ever born among parous women was below 2.1",A,,,
,,.80000001,"in 279 of 705 country-cohorts, the average number of children ever born among parous women was below 2.1",A,,,
,,.80000001,"in 279 of 705 country-cohorts, the average number of children ever born among parous women was below 2.1",A,,,
,,.80000001,"in 279 of 705 country-cohorts, the average number of children ever born among parous women was below 2.1",A,,,
,,.80000001,"in 279 of 705 country-cohorts, the average number of children ever born among parous women was below 2.1",A,,,
,,.80000001,"in 279 of 705 country-cohorts, the average number of children ever born among parous women was below 2.1",A,,,
,,.80000001,"in 279 of 705 country-cohorts, the average number of children ever born among parous women was below 2.1",A,,,
,,.80000001,"in 279 of 705 country-cohorts, the average number of children ever born among parous women was below 2.1",A,,,
,,.80000001,"in 279 of 705 country-cohorts, the average number of children ever born among parous women was below 2.1",A,,,
,,.80000001,"in 279 of 705 country-cohorts, the average number of children ever born among parous women was below 2.1",A,,,
,,.80000001,"in 279 of 705 country-cohorts, the average number of children ever born among parous women was below 2.1",A,,,
,,.80000001,"in 279 of 705 country-cohorts, the average number of children ever born among parous women was below 2.1",A,,,
,,.80000001,"in 279 of 705 country-cohorts, the average number of children ever born among parous women was below 2.1",A,,,
,,.80000001,"in 279 of 705 country-cohorts, the average number of children ever born among parous women was below 2.1",A,,,
,,.80000001,"in 279 of 705 country-cohorts, the average number of children ever born among parous women was below 2.1",A,,,
,,.80000001,"in 279 of 705 country-cohorts, the average number of children ever born among parous women was below 2.1",A,,,
,,.80000001,"in 279 of 705 country-cohorts, the average number of children ever born among parous women was below 2.1",A,,,
,,.80000001,"in 279 of 705 country-cohorts, the average number of children ever born among parous women was below 2.1",A,,,
,,.80000001,"in 279 of 705 country-cohorts, the average number of children ever born among parous women was below 2.1",A,,,
,,.80000001,"in 279 of 705 country-cohorts, the average number of children ever born among parous women was below 2.1",A,,,
1.973,,.80000001,"in 279 of 705 country-cohorts, the average number of children ever born among parous women was below 2.1",A,,,
1.985,,.80000001,"in 279 of 705 country-cohorts, the average number of children ever born among parous women was below 2.1",A,,,
1.978,2.1664841,.80000001,"in 279 of 705 country-cohorts, the average number of children ever born among parous women was below 2.1",A,,,
1.949,2.1441145,.80000001,"in 279 of 705 country-cohorts, the average number of children ever born among parous women was below 2.1",A,,,
1.932,2.1254125,.80000001,"in 279 of 705 country-cohorts, the average number of children ever born among parous women was below 2.1",A,,,
1.923,2.1131868,.80000001,"in 279 of 705 country-cohorts, the average number of children ever born among parous women was below 2.1",A,,,
1.931,2.1057796,.80000001,"in 279 of 705 country-cohorts, the average number of children ever born among parous women was below 2.1",A,,,
1.898,2.0903084,.80000001,"in 279 of 705 country-cohorts, the average number of children ever born among parous women was below 2.1",A,,,
1.918,2.0893247,.80000001,"in 279 of 705 country-cohorts, the average number of children ever born among parous women was below 2.1",A,,,
1.918,2.0984683,.80000001,"in 279 of 705 country-cohorts, the average number of children ever born among parous women was below 2.1",A,,,
1.906,2.1014333,.80000001,"in 279 of 705 country-cohorts, the average number of children ever born among parous women was below 2.1",A,,,
1.914,2.0963855,.80000001,"in 279 of 705 country-cohorts, the average number of children ever born among parous women was below 2.1",A,,,
1.928,2.1025081,.80000001,"in 279 of 705 country-cohorts, the average number of children ever born among parous women was below 2.1",A,,,
1.946,2.126776,.80000001,"in 279 of 705 country-cohorts, the average number of children ever born among parous women was below 2.1",A,,,
1.974,2.1550219,.80000001,"in 279 of 705 country-cohorts, the average number of children ever born among parous women was below 2.1",A,,,
1.955,2.1412923,.80000001,"in 279 of 705 country-cohorts, the average number of children ever born among parous women was below 2.1",A,,,
1.971,2.1447225,.80000001,"in 279 of 705 country-cohorts, the average number of children ever born among parous women was below 2.1",A,,,
1.956,2.1400437,.80000001,"in 279 of 705 country-cohorts, the average number of children ever born among parous women was below 2.1",A,,,
1.933,2.1171961,.80000001,"in 279 of 705 country-cohorts, the average number of children ever born among parous women was below 2.1",A,,,
1.938,2.1134133,.80000001,"in 279 of 705 country-cohorts, the average number of children ever born among parous women was below 2.1",A,,,
1.95,2.1264994,.80000001,"in 279 of 705 country-cohorts, the average number of children ever born among parous women was below 2.1",A,,,
1.974,2.1409979,.80000001,"in 279 of 705 country-cohorts, the average number of children ever born among parous women was below 2.1",A,,,
2.02,2.1790724,.80000001,"in 279 of 705 country-cohorts, the average number of children ever born among parous women was below 2.1",A,,,
2.0150001,2.168999,.80000001,"in 279 of 705 country-cohorts, the average number of children ever born among parous women was below 2.1",A,,,
2.026,2.1784947,.80000001,"in 279 of 705 country-cohorts, the average number of children ever born among parous women was below 2.1",A,,,
2.0239999,2.1857452,.80000001,"in 279 of 705 country-cohorts, the average number of children ever born among parous women was below 2.1",A,,,
2.04,2.1888411,.80000001,"in 279 of 705 country-cohorts, the average number of children ever born among parous women was below 2.1",A,,,
2.0409999,2.1993535,.80000001,"in 279 of 705 country-cohorts, the average number of children ever born among parous women was below 2.1",A,,,
2.0190001,2.1921823,.80000001,"in 279 of 705 country-cohorts, the average number of children ever born among parous women was below 2.1",A,,,
2.0050001,2.1817193,.80000001,"in 279 of 705 country-cohorts, the average number of children ever born among parous women was below 2.1",A,,,
1.995,2.1803279,.80000001,"in 279 of 705 country-cohorts, the average number of children ever born among parous women was below 2.1",A,,,
1.979,2.1652079,.80000001,"in 279 of 705 country-cohorts, the average number of children ever born among parous women was below 2.1",A,,,
1.96,2.1467688,.80000001,"in 279 of 705 country-cohorts, the average number of children ever born among parous women was below 2.1",A,,,
1.926,2.137625,.80000001,"in 279 of 705 country-cohorts, the average number of children ever born among parous women was below 2.1",A,,,
1.906,2.1201334,.80000001,"in 279 of 705 country-cohorts, the average number of children ever born among parous women was below 2.1",A,,,
1.867,2.1119909,.80000001,"in 279 of 705 country-cohorts, the average number of children ever born among parous women was below 2.1",A,,,
1.848,2.1071837,.80000001,"in 279 of 705 country-cohorts, the average number of children ever born among parous women was below 2.1",A,,,
1.7920001,2.0861466,.80000001,"in 279 of 705 country-cohorts, the average number of children ever born among parous women was below 2.1",A,,,
1.785,2.0950704,.80000001,"in 279 of 705 country-cohorts, the average number of children ever born among parous women was below 2.1",A,,,
1.725,2.0511296,.80000001,"in 279 of 705 country-cohorts, the average number of children ever born among parous women was below 2.1",A,,,
1.6849999,2.0301204,.80000001,"in 279 of 705 country-cohorts, the average number of children ever born among parous women was below 2.1",A,,,
1.661,2.0206814,.80000001,"in 279 of 705 country-cohorts, the average number of children ever born among parous women was below 2.1",A,,,
,,.80000001,"in 279 of 705 country-cohorts, the average number of children ever born among parous women was below 2.1",A,,,
,,.80000001,"in 279 of 705 country-cohorts, the average number of children ever born among parous women was below 2.1",A,,,
,,.80000001,"in 279 of 705 country-cohorts, the average number of children ever born among parous women was below 2.1",A,,,
,,.80000001,"in 279 of 705 country-cohorts, the average number of children ever born among parous women was below 2.1",A,,,
,,.80000001,"in 279 of 705 country-cohorts, the average number of children ever born among parous women was below 2.1",A,,,
,,.80000001,"in 279 of 705 country-cohorts, the average number of children ever born among parous women was below 2.1",A,,,
,,.80000001,"in 279 of 705 country-cohorts, the average number of children ever born among parous women was below 2.1",A,,,
,,.80000001,"in 279 of 705 country-cohorts, the average number of children ever born among parous women was below 2.1",A,,,
,,.80000001,"in 279 of 705 country-cohorts, the average number of children ever born among parous women was below 2.1",A,,,
,,.80000001,"in 279 of 705 country-cohorts, the average number of children ever born among parous women was below 2.1",A,,,
,,.80000001,"in 279 of 705 country-cohorts, the average number of children ever born among parous women was below 2.1",A,,,
,,.80000001,"in 279 of 705 country-cohorts, the average number of children ever born among parous women was below 2.1",A,,,
,,.80000001,"in 279 of 705 country-cohorts, the average number of children ever born among parous women was below 2.1",A,,,
,,.80000001,"in 279 of 705 country-cohorts, the average number of children ever born among parous women was below 2.1",A,,,
,,.80000001,"in 279 of 705 country-cohorts, the average number of children ever born among parous women was below 2.1",A,,,
,,.80000001,"in 279 of 705 country-cohorts, the average number of children ever born among parous women was below 2.1",A,,,
,,.80000001,"in 279 of 705 country-cohorts, the average number of children ever born among parous women was below 2.1",A,,,
,,.80000001,"in 279 of 705 country-cohorts, the average number of children ever born among parous women was below 2.1",A,,,
,,.80000001,"in 279 of 705 country-cohorts, the average number of children ever born among parous women was below 2.1",A,,,
,,.80000001,"in 279 of 705 country-cohorts, the average number of children ever born among parous women was below 2.1",A,,,
,,.80000001,"in 279 of 705 country-cohorts, the average number of children ever born among parous women was below 2.1",A,,,
,,.80000001,"in 279 of 705 country-cohorts, the average number of children ever born among parous women was below 2.1",A,,,
,,.80000001,"in 279 of 705 country-cohorts, the average number of children ever born among parous women was below 2.1",A,,,
2.6659999,3.0433791,.80000001,"in 279 of 705 country-cohorts, the average number of children ever born among parous women was below 2.1",A,,,
2.5769999,2.968894,.80000001,"in 279 of 705 country-cohorts, the average number of children ever born among parous women was below 2.1",A,,,
2.5350001,2.9272518,.80000001,"in 279 of 705 country-cohorts, the average number of children ever born among parous women was below 2.1",A,,,
2.487,2.8718245,.80000001,"in 279 of 705 country-cohorts, the average number of children ever born among parous women was below 2.1",A,,,
2.4460001,2.8375871,.80000001,"in 279 of 705 country-cohorts, the average number of children ever born among parous women was below 2.1",A,,,
2.414,2.8102446,.80000001,"in 279 of 705 country-cohorts, the average number of children ever born among parous women was below 2.1",A,,,
2.346,2.7829182,.80000001,"in 279 of 705 country-cohorts, the average number of children ever born among parous women was below 2.1",A,,,
2.309,2.7520859,.80000001,"in 279 of 705 country-cohorts, the average number of children ever born among parous women was below 2.1",A,,,
2.283,2.7178571,.80000001,"in 279 of 705 country-cohorts, the average number of children ever born among parous women was below 2.1",A,,,
2.2409999,2.6902761,.80000001,"in 279 of 705 country-cohorts, the average number of children ever born among parous women was below 2.1",A,,,
2.207,2.6849148,.80000001,"in 279 of 705 country-cohorts, the average number of children ever born among parous women was below 2.1",A,,,
2.1730001,2.6761084,.80000001,"in 279 of 705 country-cohorts, the average number of children ever born among parous women was below 2.1",A,,,
2.175,2.6492083,.80000001,"in 279 of 705 country-cohorts, the average number of children ever born among parous women was below 2.1",A,,,
2.174,2.609844,.80000001,"in 279 of 705 country-cohorts, the average number of children ever born among parous women was below 2.1",A,,,
2.1470001,2.5898674,.80000001,"in 279 of 705 country-cohorts, the average number of children ever born among parous women was below 2.1",A,,,
2.1159999,2.5648484,.80000001,"in 279 of 705 country-cohorts, the average number of children ever born among parous women was below 2.1",A,,,
2.0999999,2.5210085,.80000001,"in 279 of 705 country-cohorts, the average number of children ever born among parous women was below 2.1",A,,,
2.1029999,2.5125449,.80000001,"in 279 of 705 country-cohorts, the average number of children ever born among parous women was below 2.1",A,,,
2.095,2.4970202,.80000001,"in 279 of 705 country-cohorts, the average number of children ever born among parous women was below 2.1",A,,,
2.0769999,2.4755661,.80000001,"in 279 of 705 country-cohorts, the average number of children ever born among parous women was below 2.1",A,,,
2.053,2.4705174,.80000001,"in 279 of 705 country-cohorts, the average number of children ever born among parous women was below 2.1",A,,,
2.04,2.4372759,.80000001,"in 279 of 705 country-cohorts, the average number of children ever born among parous women was below 2.1",A,,,
2.029,2.4011834,.80000001,"in 279 of 705 country-cohorts, the average number of children ever born among parous women was below 2.1",A,,,
2.016,2.3829787,.80000001,"in 279 of 705 country-cohorts, the average number of children ever born among parous women was below 2.1",A,,,
,,.80000001,"in 279 of 705 country-cohorts, the average number of children ever born among parous women was below 2.1",A,,,
,,.80000001,"in 279 of 705 country-cohorts, the average number of children ever born among parous women was below 2.1",A,,,
,,.80000001,"in 279 of 705 country-cohorts, the average number of children ever born among parous women was below 2.1",A,,,
,,.80000001,"in 279 of 705 country-cohorts, the average number of children ever born among parous women was below 2.1",A,,,
,,.80000001,"in 279 of 705 country-cohorts, the average number of children ever born among parous women was below 2.1",A,,,
,,.80000001,"in 279 of 705 country-cohorts, the average number of children ever born among parous women was below 2.1",A,,,
,,.80000001,"in 279 of 705 country-cohorts, the average number of children ever born among parous women was below 2.1",A,,,
,,.80000001,"in 279 of 705 country-cohorts, the average number of children ever born among parous women was below 2.1",A,,,
,,.80000001,"in 279 of 705 country-cohorts, the average number of children ever born among parous women was below 2.1",A,,,
,,.80000001,"in 279 of 705 country-cohorts, the average number of children ever born among parous women was below 2.1",A,,,
,,.80000001,"in 279 of 705 country-cohorts, the average number of children ever born among parous women was below 2.1",A,,,
2.7750001,,.80000001,"in 279 of 705 country-cohorts, the average number of children ever born among parous women was below 2.1",A,,,
2.7939999,,.80000001,"in 279 of 705 country-cohorts, the average number of children ever born among parous women was below 2.1",A,,,
2.7839999,,.80000001,"in 279 of 705 country-cohorts, the average number of children ever born among parous women was below 2.1",A,,,
2.7639999,,.80000001,"in 279 of 705 country-cohorts, the average number of children ever born among parous women was below 2.1",A,,,
2.72,,.80000001,"in 279 of 705 country-cohorts, the average number of children ever born among parous women was below 2.1",A,,,
2.6960001,,.80000001,"in 279 of 705 country-cohorts, the average number of children ever born among parous women was below 2.1",A,,,
2.665,,.80000001,"in 279 of 705 country-cohorts, the average number of children ever born among parous women was below 2.1",A,,,
2.6029999,,.80000001,"in 279 of 705 country-cohorts, the average number of children ever born among parous women was below 2.1",A,,,
2.5469999,,.80000001,"in 279 of 705 country-cohorts, the average number of children ever born among parous women was below 2.1",A,,,
2.5680001,,.80000001,"in 279 of 705 country-cohorts, the average number of children ever born among parous women was below 2.1",A,,,
2.5220001,,.80000001,"in 279 of 705 country-cohorts, the average number of children ever born among parous women was below 2.1",A,,,
2.5079999,,.80000001,"in 279 of 705 country-cohorts, the average number of children ever born among parous women was below 2.1",A,,,
2.516,,.80000001,"in 279 of 705 country-cohorts, the average number of children ever born among parous women was below 2.1",A,,,
2.5090001,,.80000001,"in 279 of 705 country-cohorts, the average number of children ever born among parous women was below 2.1",A,,,
2.503,,.80000001,"in 279 of 705 country-cohorts, the average number of children ever born among parous women was below 2.1",A,,,
2.523,,.80000001,"in 279 of 705 country-cohorts, the average number of children ever born among parous women was below 2.1",A,,,
2.48,,.80000001,"in 279 of 705 country-cohorts, the average number of children ever born among parous women was below 2.1",A,,,
2.4130001,,.80000001,"in 279 of 705 country-cohorts, the average number of children ever born among parous women was below 2.1",A,,,
2.4300001,,.80000001,"in 279 of 705 country-cohorts, the average number of children ever born among parous women was below 2.1",A,,,
2.3840001,,.80000001,"in 279 of 705 country-cohorts, the average number of children ever born among parous women was below 2.1",A,,,
2.3399999,,.80000001,"in 279 of 705 country-cohorts, the average number of children ever born among parous women was below 2.1",A,,,
2.3310001,,.80000001,"in 279 of 705 country-cohorts, the average number of children ever born among parous women was below 2.1",A,,,
2.309,,.80000001,"in 279 of 705 country-cohorts, the average number of children ever born among parous women was below 2.1",A,,,
2.2739999,,.80000001,"in 279 of 705 country-cohorts, the average number of children ever born among parous women was below 2.1",A,,,
2.2520001,,.80000001,"in 279 of 705 country-cohorts, the average number of children ever born among parous women was below 2.1",A,,,
2.286,,.80000001,"in 279 of 705 country-cohorts, the average number of children ever born among parous women was below 2.1",A,,,
2.303,,.80000001,"in 279 of 705 country-cohorts, the average number of children ever born among parous women was below 2.1",A,,,
2.279,,.80000001,"in 279 of 705 country-cohorts, the average number of children ever born among parous women was below 2.1",A,,,
2.2379999,,.80000001,"in 279 of 705 country-cohorts, the average number of children ever born among parous women was below 2.1",A,,,
2.2550001,,.80000001,"in 279 of 705 country-cohorts, the average number of children ever born among parous women was below 2.1",A,,,
2.211,2.5011313,.80000001,"in 279 of 705 country-cohorts, the average number of children ever born among parous women was below 2.1",A,,,
2.223,2.4295082,.80000001,"in 279 of 705 country-cohorts, the average number of children ever born among parous women was below 2.1",A,,,
2.1889999,2.4295228,.80000001,"in 279 of 705 country-cohorts, the average number of children ever born among parous women was below 2.1",A,,,
2.2490001,2.4660087,.80000001,"in 279 of 705 country-cohorts, the average number of children ever born among parous women was below 2.1",A,,,
2.22,2.4156692,.80000001,"in 279 of 705 country-cohorts, the average number of children ever born among parous women was below 2.1",A,,,
,,.80000001,"in 279 of 705 country-cohorts, the average number of children ever born among parous women was below 2.1",A,,,
,,.80000001,"in 279 of 705 country-cohorts, the average number of children ever born among parous women was below 2.1",A,,,
,,.80000001,"in 279 of 705 country-cohorts, the average number of children ever born among parous women was below 2.1",A,,,
,,.80000001,"in 279 of 705 country-cohorts, the average number of children ever born among parous women was below 2.1",A,,,
2.214,,.80000001,"in 279 of 705 country-cohorts, the average number of children ever born among parous women was below 2.1",A,,,
2.1900001,,.80000001,"in 279 of 705 country-cohorts, the average number of children ever born among parous women was below 2.1",A,,,
2.1530001,,.80000001,"in 279 of 705 country-cohorts, the average number of children ever born among parous women was below 2.1",A,,,
2.151,,.80000001,"in 279 of 705 country-cohorts, the average number of children ever born among parous women was below 2.1",A,,,
2.142,,.80000001,"in 279 of 705 country-cohorts, the average number of children ever born among parous women was below 2.1",A,,,
2.0910001,,.80000001,"in 279 of 705 country-cohorts, the average number of children ever born among parous women was below 2.1",A,,,
2.0799999,,.80000001,"in 279 of 705 country-cohorts, the average number of children ever born among parous women was below 2.1",A,,,
2.082,,.80000001,"in 279 of 705 country-cohorts, the average number of children ever born among parous women was below 2.1",A,,,
2.0250001,,.80000001,"in 279 of 705 country-cohorts, the average number of children ever born among parous women was below 2.1",A,,,
1.967,,.80000001,"in 279 of 705 country-cohorts, the average number of children ever born among parous women was below 2.1",A,,,
1.937,,.80000001,"in 279 of 705 country-cohorts, the average number of children ever born among parous women was below 2.1",A,,,
1.92,,.80000001,"in 279 of 705 country-cohorts, the average number of children ever born among parous women was below 2.1",A,,,
1.895,,.80000001,"in 279 of 705 country-cohorts, the average number of children ever born among parous women was below 2.1",A,,,
1.878,,.80000001,"in 279 of 705 country-cohorts, the average number of children ever born among parous women was below 2.1",A,,,
1.865,,.80000001,"in 279 of 705 country-cohorts, the average number of children ever born among parous women was below 2.1",A,,,
1.851,,.80000001,"in 279 of 705 country-cohorts, the average number of children ever born among parous women was below 2.1",A,,,
1.826,,.80000001,"in 279 of 705 country-cohorts, the average number of children ever born among parous women was below 2.1",A,,,
1.798,,.80000001,"in 279 of 705 country-cohorts, the average number of children ever born among parous women was below 2.1",A,,,
1.77,,.80000001,"in 279 of 705 country-cohorts, the average number of children ever born among parous women was below 2.1",A,,,
1.742,,.80000001,"in 279 of 705 country-cohorts, the average number of children ever born among parous women was below 2.1",A,,,
1.72,,.80000001,"in 279 of 705 country-cohorts, the average number of children ever born among parous women was below 2.1",A,,,
1.6950001,,.80000001,"in 279 of 705 country-cohorts, the average number of children ever born among parous women was below 2.1",A,,,
1.658,,.80000001,"in 279 of 705 country-cohorts, the average number of children ever born among parous women was below 2.1",A,,,
1.632,,.80000001,"in 279 of 705 country-cohorts, the average number of children ever born among parous women was below 2.1",A,,,
1.607,,.80000001,"in 279 of 705 country-cohorts, the average number of children ever born among parous women was below 2.1",A,,,
1.575,,.80000001,"in 279 of 705 country-cohorts, the average number of children ever born among parous women was below 2.1",A,,,
1.549,,.80000001,"in 279 of 705 country-cohorts, the average number of children ever born among parous women was below 2.1",A,,,
1.535,,.80000001,"in 279 of 705 country-cohorts, the average number of children ever born among parous women was below 2.1",A,,,
1.528,,.80000001,"in 279 of 705 country-cohorts, the average number of children ever born among parous women was below 2.1",A,,,
1.508,,.80000001,"in 279 of 705 country-cohorts, the average number of children ever born among parous women was below 2.1",A,,,
1.494,,.80000001,"in 279 of 705 country-cohorts, the average number of children ever born among parous women was below 2.1",A,,,
1.487,,.80000001,"in 279 of 705 country-cohorts, the average number of children ever born among parous women was below 2.1",A,,,
1.477,,.80000001,"in 279 of 705 country-cohorts, the average number of children ever born among parous women was below 2.1",A,,,
1.466,,.80000001,"in 279 of 705 country-cohorts, the average number of children ever born among parous women was below 2.1",A,,,
1.451,,.80000001,"in 279 of 705 country-cohorts, the average number of children ever born among parous women was below 2.1",A,,,
1.437,,.80000001,"in 279 of 705 country-cohorts, the average number of children ever born among parous women was below 2.1",A,,,
1.428,,.80000001,"in 279 of 705 country-cohorts, the average number of children ever born among parous women was below 2.1",A,,,
1.4299999,,.80000001,"in 279 of 705 country-cohorts, the average number of children ever born among parous women was below 2.1",A,,,
1.429,,.80000001,"in 279 of 705 country-cohorts, the average number of children ever born among parous women was below 2.1",A,,,
1.421,,.80000001,"in 279 of 705 country-cohorts, the average number of children ever born among parous women was below 2.1",A,,,
,,.80000001,"in 279 of 705 country-cohorts, the average number of children ever born among parous women was below 2.1",A,,,
2.049,,.80000001,"in 279 of 705 country-cohorts, the average number of children ever born among parous women was below 2.1",A,,,
2.0439999,,.80000001,"in 279 of 705 country-cohorts, the average number of children ever born among parous women was below 2.1",A,,,
2.0539999,,.80000001,"in 279 of 705 country-cohorts, the average number of children ever born among parous women was below 2.1",A,,,
2.0239999,,.80000001,"in 279 of 705 country-cohorts, the average number of children ever born among parous women was below 2.1",A,,,
2.0209999,,.80000001,"in 279 of 705 country-cohorts, the average number of children ever born among parous women was below 2.1",A,,,
2.0610001,,.80000001,"in 279 of 705 country-cohorts, the average number of children ever born among parous women was below 2.1",A,,,
2.063,,.80000001,"in 279 of 705 country-cohorts, the average number of children ever born among parous women was below 2.1",A,,,
2.0409999,,.80000001,"in 279 of 705 country-cohorts, the average number of children ever born among parous women was below 2.1",A,,,
2.0439999,,.80000001,"in 279 of 705 country-cohorts, the average number of children ever born among parous women was below 2.1",A,,,
2.029,,.80000001,"in 279 of 705 country-cohorts, the average number of children ever born among parous women was below 2.1",A,,,
1.969,,.80000001,"in 279 of 705 country-cohorts, the average number of children ever born among parous women was below 2.1",A,,,
1.956,,.80000001,"in 279 of 705 country-cohorts, the average number of children ever born among parous women was below 2.1",A,,,
1.9859999,,.80000001,"in 279 of 705 country-cohorts, the average number of children ever born among parous women was below 2.1",A,,,
1.993,,.80000001,"in 279 of 705 country-cohorts, the average number of children ever born among parous women was below 2.1",A,,,
1.995,,.80000001,"in 279 of 705 country-cohorts, the average number of children ever born among parous women was below 2.1",A,,,
1.971,,.80000001,"in 279 of 705 country-cohorts, the average number of children ever born among parous women was below 2.1",A,,,
1.964,,.80000001,"in 279 of 705 country-cohorts, the average number of children ever born among parous women was below 2.1",A,,,
1.985,,.80000001,"in 279 of 705 country-cohorts, the average number of children ever born among parous women was below 2.1",A,,,
1.99,2.2409909,.80000001,"in 279 of 705 country-cohorts, the average number of children ever born among parous women was below 2.1",A,,,
1.985,2.248018,.80000001,"in 279 of 705 country-cohorts, the average number of children ever born among parous women was below 2.1",A,,,
1.979,2.2463109,.80000001,"in 279 of 705 country-cohorts, the average number of children ever born among parous women was below 2.1",A,,,
1.948,2.241657,.80000001,"in 279 of 705 country-cohorts, the average number of children ever born among parous women was below 2.1",A,,,
1.92,2.2325583,.80000001,"in 279 of 705 country-cohorts, the average number of children ever born among parous women was below 2.1",A,,,
1.91,2.2235157,.80000001,"in 279 of 705 country-cohorts, the average number of children ever born among parous women was below 2.1",A,,,
1.872,2.2075472,.80000001,"in 279 of 705 country-cohorts, the average number of children ever born among parous women was below 2.1",A,,,
1.827,2.1906474,.80000001,"in 279 of 705 country-cohorts, the average number of children ever born among parous women was below 2.1",A,,,
1.786,2.1701093,.80000001,"in 279 of 705 country-cohorts, the average number of children ever born among parous women was below 2.1",A,,,
1.744,2.1477833,.80000001,"in 279 of 705 country-cohorts, the average number of children ever born among parous women was below 2.1",A,,,
1.699,2.1264081,.80000001,"in 279 of 705 country-cohorts, the average number of children ever born among parous women was below 2.1",A,,,
1.689,2.1059849,.80000001,"in 279 of 705 country-cohorts, the average number of children ever born among parous women was below 2.1",A,,,
1.626,2.0872915,.80000001,"in 279 of 705 country-cohorts, the average number of children ever born among parous women was below 2.1",A,,,
1.527,2.0691056,.80000001,"in 279 of 705 country-cohorts, the average number of children ever born among parous women was below 2.1",A,,,
1.544,2.0504649,.80000001,"in 279 of 705 country-cohorts, the average number of children ever born among parous women was below 2.1",A,,,
1.538,2.0343916,.80000001,"in 279 of 705 country-cohorts, the average number of children ever born among parous women was below 2.1",A,,,
1.487,2.0231292,.80000001,"in 279 of 705 country-cohorts, the average number of children ever born among parous women was below 2.1",A,,,
1.47,2.0109439,.80000001,"in 279 of 705 country-cohorts, the average number of children ever born among parous women was below 2.1",A,,,
1.455,2.0013754,.80000001,"in 279 of 705 country-cohorts, the average number of children ever born among parous women was below 2.1",A,,,
1.4450001,1.9958564,.80000001,"in 279 of 705 country-cohorts, the average number of children ever born among parous women was below 2.1",A,,,
1.443,1.9958506,.80000001,"in 279 of 705 country-cohorts, the average number of children ever born among parous women was below 2.1",A,,,
1.438,1.9944521,.80000001,"in 279 of 705 country-cohorts, the average number of children ever born among parous women was below 2.1",A,,,
1.432,1.9972106,.80000001,"in 279 of 705 country-cohorts, the average number of children ever born among parous women was below 2.1",A,,,
1.439,2.0041783,.80000001,"in 279 of 705 country-cohorts, the average number of children ever born among parous women was below 2.1",A,,,
1.455,2.0096686,.80000001,"in 279 of 705 country-cohorts, the average number of children ever born among parous women was below 2.1",A,,,
1.471,2.0178328,.80000001,"in 279 of 705 country-cohorts, the average number of children ever born among parous women was below 2.1",A,,,
1.479,2.0315933,.80000001,"in 279 of 705 country-cohorts, the average number of children ever born among parous women was below 2.1",A,,,
,,.80000001,"in 279 of 705 country-cohorts, the average number of children ever born among parous women was below 2.1",A,,,
,,.80000001,"in 279 of 705 country-cohorts, the average number of children ever born among parous women was below 2.1",A,,,
,,.80000001,"in 279 of 705 country-cohorts, the average number of children ever born among parous women was below 2.1",A,,,
,,.80000001,"in 279 of 705 country-cohorts, the average number of children ever born among parous women was below 2.1",A,,,
,,.80000001,"in 279 of 705 country-cohorts, the average number of children ever born among parous women was below 2.1",A,,,
,,.80000001,"in 279 of 705 country-cohorts, the average number of children ever born among parous women was below 2.1",A,,,
,,.80000001,"in 279 of 705 country-cohorts, the average number of children ever born among parous women was below 2.1",A,,,
,,.80000001,"in 279 of 705 country-cohorts, the average number of children ever born among parous women was below 2.1",A,,,
,,.80000001,"in 279 of 705 country-cohorts, the average number of children ever born among parous women was below 2.1",A,,,
,,.80000001,"in 279 of 705 country-cohorts, the average number of children ever born among parous women was below 2.1",A,,,
,,.80000001,"in 279 of 705 country-cohorts, the average number of children ever born among parous women was below 2.1",A,,,
,,.80000001,"in 279 of 705 country-cohorts, the average number of children ever born among parous women was below 2.1",A,,,
,,.80000001,"in 279 of 705 country-cohorts, the average number of children ever born among parous women was below 2.1",A,,,
,,.80000001,"in 279 of 705 country-cohorts, the average number of children ever born among parous women was below 2.1",A,,,
,,.80000001,"in 279 of 705 country-cohorts, the average number of children ever born among parous women was below 2.1",A,,,
,,.80000001,"in 279 of 705 country-cohorts, the average number of children ever born among parous women was below 2.1",A,,,
,,.80000001,"in 279 of 705 country-cohorts, the average number of children ever born among parous women was below 2.1",A,,,
,,.80000001,"in 279 of 705 country-cohorts, the average number of children ever born among parous women was below 2.1",A,,,
,,.80000001,"in 279 of 705 country-cohorts, the average number of children ever born among parous women was below 2.1",A,,,
,,.80000001,"in 279 of 705 country-cohorts, the average number of children ever born among parous women was below 2.1",A,,,
,,.80000001,"in 279 of 705 country-cohorts, the average number of children ever born among parous women was below 2.1",A,,,
,,.80000001,"in 279 of 705 country-cohorts, the average number of children ever born among parous women was below 2.1",A,,,
,,.80000001,"in 279 of 705 country-cohorts, the average number of children ever born among parous women was below 2.1",A,,,
,,.80000001,"in 279 of 705 country-cohorts, the average number of children ever born among parous women was below 2.1",A,,,
,,.80000001,"in 279 of 705 country-cohorts, the average number of children ever born among parous women was below 2.1",A,,,
,,.80000001,"in 279 of 705 country-cohorts, the average number of children ever born among parous women was below 2.1",A,,,
,,.80000001,"in 279 of 705 country-cohorts, the average number of children ever born among parous women was below 2.1",A,,,
,,.80000001,"in 279 of 705 country-cohorts, the average number of children ever born among parous women was below 2.1",A,,,
,,.80000001,"in 279 of 705 country-cohorts, the average number of children ever born among parous women was below 2.1",A,,,
,,.80000001,"in 279 of 705 country-cohorts, the average number of children ever born among parous women was below 2.1",A,,,
,,.80000001,"in 279 of 705 country-cohorts, the average number of children ever born among parous women was below 2.1",A,,,
,,.80000001,"in 279 of 705 country-cohorts, the average number of children ever born among parous women was below 2.1",A,,,
,,.80000001,"in 279 of 705 country-cohorts, the average number of children ever born among parous women was below 2.1",A,,,
,,.80000001,"in 279 of 705 country-cohorts, the average number of children ever born among parous women was below 2.1",A,,,
,,.80000001,"in 279 of 705 country-cohorts, the average number of children ever born among parous women was below 2.1",A,,,
,,.80000001,"in 279 of 705 country-cohorts, the average number of children ever born among parous women was below 2.1",A,,,
,,.80000001,"in 279 of 705 country-cohorts, the average number of children ever born among parous women was below 2.1",A,,,
,,.80000001,"in 279 of 705 country-cohorts, the average number of children ever born among parous women was below 2.1",A,,,
,,.80000001,"in 279 of 705 country-cohorts, the average number of children ever born among parous women was below 2.1",A,,,
,,.80000001,"in 279 of 705 country-cohorts, the average number of children ever born among parous women was below 2.1",A,,,
,,.80000001,"in 279 of 705 country-cohorts, the average number of children ever born among parous women was below 2.1",A,,,
,,.80000001,"in 279 of 705 country-cohorts, the average number of children ever born among parous women was below 2.1",A,,,
,,.80000001,"in 279 of 705 country-cohorts, the average number of children ever born among parous women was below 2.1",A,,,
,,.80000001,"in 279 of 705 country-cohorts, the average number of children ever born among parous women was below 2.1",A,,,
,,.80000001,"in 279 of 705 country-cohorts, the average number of children ever born among parous women was below 2.1",A,,,
,,.80000001,"in 279 of 705 country-cohorts, the average number of children ever born among parous women was below 2.1",A,,,
,,.80000001,"in 279 of 705 country-cohorts, the average number of children ever born among parous women was below 2.1",A,,,
,,.80000001,"in 279 of 705 country-cohorts, the average number of children ever born among parous women was below 2.1",A,,,
,,.80000001,"in 279 of 705 country-cohorts, the average number of children ever born among parous women was below 2.1",A,,,
,,.80000001,"in 279 of 705 country-cohorts, the average number of children ever born among parous women was below 2.1",A,,,
,,.80000001,"in 279 of 705 country-cohorts, the average number of children ever born among parous women was below 2.1",A,,,
,,.80000001,"in 279 of 705 country-cohorts, the average number of children ever born among parous women was below 2.1",A,,,
,,.80000001,"in 279 of 705 country-cohorts, the average number of children ever born among parous women was below 2.1",A,,,
,,.80000001,"in 279 of 705 country-cohorts, the average number of children ever born among parous women was below 2.1",A,,,
1.9910001,,.80000001,"in 279 of 705 country-cohorts, the average number of children ever born among parous women was below 2.1",A,,,
1.978,,.80000001,"in 279 of 705 country-cohorts, the average number of children ever born among parous women was below 2.1",A,,,
1.989,,.80000001,"in 279 of 705 country-cohorts, the average number of children ever born among parous women was below 2.1",A,,,
1.995,,.80000001,"in 279 of 705 country-cohorts, the average number of children ever born among parous women was below 2.1",A,,,
2.0350001,,.80000001,"in 279 of 705 country-cohorts, the average number of children ever born among parous women was below 2.1",A,,,
2.0580001,,.80000001,"in 279 of 705 country-cohorts, the average number of children ever born among parous women was below 2.1",A,,,
2.01,,.80000001,"in 279 of 705 country-cohorts, the average number of children ever born among parous women was below 2.1",A,,,
1.999,,.80000001,"in 279 of 705 country-cohorts, the average number of children ever born among parous women was below 2.1",A,,,
1.971,,.80000001,"in 279 of 705 country-cohorts, the average number of children ever born among parous women was below 2.1",A,,,
1.9299999,,.80000001,"in 279 of 705 country-cohorts, the average number of children ever born among parous women was below 2.1",A,,,
1.951,,.80000001,"in 279 of 705 country-cohorts, the average number of children ever born among parous women was below 2.1",A,,,
1.95,2.0656779,.80000001,"in 279 of 705 country-cohorts, the average number of children ever born among parous women was below 2.1",A,,,
1.954,2.0611815,.80000001,"in 279 of 705 country-cohorts, the average number of children ever born among parous women was below 2.1",A,,,
1.993,2.0399182,.80000001,"in 279 of 705 country-cohorts, the average number of children ever born among parous women was below 2.1",A,,,
1.949,2.0010266,.80000001,"in 279 of 705 country-cohorts, the average number of children ever born among parous women was below 2.1",A,,,
1.929,1.9804928,.80000001,"in 279 of 705 country-cohorts, the average number of children ever born among parous women was below 2.1",A,,,
1.911,1.9782609,.80000001,"in 279 of 705 country-cohorts, the average number of children ever born among parous women was below 2.1",A,,,
1.824,1.9956236,.80000001,"in 279 of 705 country-cohorts, the average number of children ever born among parous women was below 2.1",A,,,
1.755,2.0242214,.80000001,"in 279 of 705 country-cohorts, the average number of children ever born among parous women was below 2.1",A,,,
1.7359999,2.0304093,.80000001,"in 279 of 705 country-cohorts, the average number of children ever born among parous women was below 2.1",A,,,
1.722,2.0330579,.80000001,"in 279 of 705 country-cohorts, the average number of children ever born among parous women was below 2.1",A,,,
1.734,2.0448112,.80000001,"in 279 of 705 country-cohorts, the average number of children ever born among parous women was below 2.1",A,,,
1.7309999,2.0388691,.80000001,"in 279 of 705 country-cohorts, the average number of children ever born among parous women was below 2.1",A,,,
1.7309999,2.026932,.80000001,"in 279 of 705 country-cohorts, the average number of children ever born among parous women was below 2.1",A,,,
1.7539999,2.0045714,.80000001,"in 279 of 705 country-cohorts, the average number of children ever born among parous women was below 2.1",A,,,
1.767,2.0034013,.80000001,"in 279 of 705 country-cohorts, the average number of children ever born among parous women was below 2.1",A,,,
1.742,1.986317,.80000001,"in 279 of 705 country-cohorts, the average number of children ever born among parous women was below 2.1",A,,,
1.728,1.9884925,.80000001,"in 279 of 705 country-cohorts, the average number of children ever born among parous women was below 2.1",A,,,
1.698,1.9952997,.80000001,"in 279 of 705 country-cohorts, the average number of children ever born among parous women was below 2.1",A,,,
1.699,2.0082743,.80000001,"in 279 of 705 country-cohorts, the average number of children ever born among parous women was below 2.1",A,,,
1.726,2.0023203,.80000001,"in 279 of 705 country-cohorts, the average number of children ever born among parous women was below 2.1",A,,,
1.7410001,2.0244186,.80000001,"in 279 of 705 country-cohorts, the average number of children ever born among parous women was below 2.1",A,,,
1.771,2.0473988,.80000001,"in 279 of 705 country-cohorts, the average number of children ever born among parous women was below 2.1",A,,,
,,.80000001,"in 279 of 705 country-cohorts, the average number of children ever born among parous women was below 2.1",A,,,
,,.80000001,"in 279 of 705 country-cohorts, the average number of children ever born among parous women was below 2.1",A,,,
,,.80000001,"in 279 of 705 country-cohorts, the average number of children ever born among parous women was below 2.1",A,,,
2.4990001,2.8301246,.80000001,"in 279 of 705 country-cohorts, the average number of children ever born among parous women was below 2.1",A,,,
2.4319999,2.7604995,.80000001,"in 279 of 705 country-cohorts, the average number of children ever born among parous women was below 2.1",A,,,
2.4070001,2.6804008,.80000001,"in 279 of 705 country-cohorts, the average number of children ever born among parous women was below 2.1",A,,,
2.3169999,2.6359499,.80000001,"in 279 of 705 country-cohorts, the average number of children ever born among parous women was below 2.1",A,,,
2.267,2.5644796,.80000001,"in 279 of 705 country-cohorts, the average number of children ever born among parous women was below 2.1",A,,,
2.214,2.5130534,.80000001,"in 279 of 705 country-cohorts, the average number of children ever born among parous women was below 2.1",A,,,
2.184,2.4266667,.80000001,"in 279 of 705 country-cohorts, the average number of children ever born among parous women was below 2.1",A,,,
2.1240001,2.3892014,.80000001,"in 279 of 705 country-cohorts, the average number of children ever born among parous women was below 2.1",A,,,
2.0810001,2.3199553,.80000001,"in 279 of 705 country-cohorts, the average number of children ever born among parous women was below 2.1",A,,,
2.0469999,2.2871509,.80000001,"in 279 of 705 country-cohorts, the average number of children ever born among parous women was below 2.1",A,,,
1.997,2.2616081,.80000001,"in 279 of 705 country-cohorts, the average number of children ever born among parous women was below 2.1",A,,,
1.947,2.204983,.80000001,"in 279 of 705 country-cohorts, the average number of children ever born among parous women was below 2.1",A,,,
1.919,2.2006881,.80000001,"in 279 of 705 country-cohorts, the average number of children ever born among parous women was below 2.1",A,,,
1.9170001,2.1983945,.80000001,"in 279 of 705 country-cohorts, the average number of children ever born among parous women was below 2.1",A,,,
1.89,2.195122,.80000001,"in 279 of 705 country-cohorts, the average number of children ever born among parous women was below 2.1",A,,,
1.9,2.2248244,.80000001,"in 279 of 705 country-cohorts, the average number of children ever born among parous women was below 2.1",A,,,
1.875,2.2136953,.80000001,"in 279 of 705 country-cohorts, the average number of children ever born among parous women was below 2.1",A,,,
1.875,2.2294886,.80000001,"in 279 of 705 country-cohorts, the average number of children ever born among parous women was below 2.1",A,,,
1.869,2.232975,.80000001,"in 279 of 705 country-cohorts, the average number of children ever born among parous women was below 2.1",A,,,
1.876,2.2467065,.80000001,"in 279 of 705 country-cohorts, the average number of children ever born among parous women was below 2.1",A,,,
1.868,2.2533174,.80000001,"in 279 of 705 country-cohorts, the average number of children ever born among parous women was below 2.1",A,,,
1.874,2.2578313,.80000001,"in 279 of 705 country-cohorts, the average number of children ever born among parous women was below 2.1",A,,,
1.8710001,2.2596619,.80000001,"in 279 of 705 country-cohorts, the average number of children ever born among parous women was below 2.1",A,,,
1.867,2.2685297,.80000001,"in 279 of 705 country-cohorts, the average number of children ever born among parous women was below 2.1",A,,,
1.853,2.2515187,.80000001,"in 279 of 705 country-cohorts, the average number of children ever born among parous women was below 2.1",A,,,
1.863,2.25,.80000001,"in 279 of 705 country-cohorts, the average number of children ever born among parous women was below 2.1",A,,,
1.83,2.2317073,.80000001,"in 279 of 705 country-cohorts, the average number of children ever born among parous women was below 2.1",A,,,
1.831,2.2247875,.80000001,"in 279 of 705 country-cohorts, the average number of children ever born among parous women was below 2.1",A,,,
1.809,2.2060976,.80000001,"in 279 of 705 country-cohorts, the average number of children ever born among parous women was below 2.1",A,,,
1.794,2.1931541,.80000001,"in 279 of 705 country-cohorts, the average number of children ever born among parous women was below 2.1",A,,,
1.785,2.1794872,.80000001,"in 279 of 705 country-cohorts, the average number of children ever born among parous women was below 2.1",A,,,
1.777,2.1723716,.80000001,"in 279 of 705 country-cohorts, the average number of children ever born among parous women was below 2.1",A,,,
1.7690001,2.1599512,.80000001,"in 279 of 705 country-cohorts, the average number of children ever born among parous women was below 2.1",A,,,
1.768,2.1456311,.80000001,"in 279 of 705 country-cohorts, the average number of children ever born among parous women was below 2.1",A,,,
1.756,2.131068,.80000001,"in 279 of 705 country-cohorts, the average number of children ever born among parous women was below 2.1",A,,,
1.758,2.1334951,.80000001,"in 279 of 705 country-cohorts, the average number of children ever born among parous women was below 2.1",A,,,
1.753,2.130012,.80000001,"in 279 of 705 country-cohorts, the average number of children ever born among parous women was below 2.1",A,,,
1.765,2.1342201,.80000001,"in 279 of 705 country-cohorts, the average number of children ever born among parous women was below 2.1",A,,,
1.768,2.1352656,.80000001,"in 279 of 705 country-cohorts, the average number of children ever born among parous women was below 2.1",A,,,
1.778,2.1370192,.80000001,"in 279 of 705 country-cohorts, the average number of children ever born among parous women was below 2.1",A,,,
1.7819999,2.1418269,.80000001,"in 279 of 705 country-cohorts, the average number of children ever born among parous women was below 2.1",A,,,
1.7819999,2.1392558,.80000001,"in 279 of 705 country-cohorts, the average number of children ever born among parous women was below 2.1",A,,,
1.8,2.1479714,.80000001,"in 279 of 705 country-cohorts, the average number of children ever born among parous women was below 2.1",A,,,
1.786,2.1363637,.80000001,"in 279 of 705 country-cohorts, the average number of children ever born among parous women was below 2.1",A,,,
1.7920001,2.1409798,.80000001,"in 279 of 705 country-cohorts, the average number of children ever born among parous women was below 2.1",A,,,
,,.80000001,"in 279 of 705 country-cohorts, the average number of children ever born among parous women was below 2.1",A,,,
,,.80000001,"in 279 of 705 country-cohorts, the average number of children ever born among parous women was below 2.1",A,,,
,,.80000001,"in 279 of 705 country-cohorts, the average number of children ever born among parous women was below 2.1",A,,,
,,.80000001,"in 279 of 705 country-cohorts, the average number of children ever born among parous women was below 2.1",A,,,
,,.80000001,"in 279 of 705 country-cohorts, the average number of children ever born among parous women was below 2.1",A,,,
,,.80000001,"in 279 of 705 country-cohorts, the average number of children ever born among parous women was below 2.1",A,,,
,,.80000001,"in 279 of 705 country-cohorts, the average number of children ever born among parous women was below 2.1",A,,,
,,.80000001,"in 279 of 705 country-cohorts, the average number of children ever born among parous women was below 2.1",A,,,
,,.80000001,"in 279 of 705 country-cohorts, the average number of children ever born among parous women was below 2.1",A,,,
,,.80000001,"in 279 of 705 country-cohorts, the average number of children ever born among parous women was below 2.1",A,,,
,,.80000001,"in 279 of 705 country-cohorts, the average number of children ever born among parous women was below 2.1",A,,,
,,.80000001,"in 279 of 705 country-cohorts, the average number of children ever born among parous women was below 2.1",A,,,
,,.80000001,"in 279 of 705 country-cohorts, the average number of children ever born among parous women was below 2.1",A,,,
,,.80000001,"in 279 of 705 country-cohorts, the average number of children ever born among parous women was below 2.1",A,,,
,,.80000001,"in 279 of 705 country-cohorts, the average number of children ever born among parous women was below 2.1",A,,,
,,.80000001,"in 279 of 705 country-cohorts, the average number of children ever born among parous women was below 2.1",A,,,
,,.80000001,"in 279 of 705 country-cohorts, the average number of children ever born among parous women was below 2.1",A,,,
2.062,2.3142536,.80000001,"in 279 of 705 country-cohorts, the average number of children ever born among parous women was below 2.1",A,,,
2.0409999,2.3036118,.80000001,"in 279 of 705 country-cohorts, the average number of children ever born among parous women was below 2.1",A,,,
2.0480001,2.3219955,.80000001,"in 279 of 705 country-cohorts, the average number of children ever born among parous women was below 2.1",A,,,
2.0510001,2.3253968,.80000001,"in 279 of 705 country-cohorts, the average number of children ever born among parous women was below 2.1",A,,,
2.0539999,2.3287983,.80000001,"in 279 of 705 country-cohorts, the average number of children ever born among parous women was below 2.1",A,,,
2.062,2.3485193,.80000001,"in 279 of 705 country-cohorts, the average number of children ever born among parous women was below 2.1",A,,,
2.0699999,2.3603194,.80000001,"in 279 of 705 country-cohorts, the average number of children ever born among parous women was below 2.1",A,,,
2.0799999,2.3636363,.80000001,"in 279 of 705 country-cohorts, the average number of children ever born among parous women was below 2.1",A,,,
2.092,2.3772728,.80000001,"in 279 of 705 country-cohorts, the average number of children ever born among parous women was below 2.1",A,,,
2.0880001,2.3754265,.80000001,"in 279 of 705 country-cohorts, the average number of children ever born among parous women was below 2.1",A,,,
2.092,2.3799772,.80000001,"in 279 of 705 country-cohorts, the average number of children ever born among parous women was below 2.1",A,,,
2.0840001,2.3735764,.80000001,"in 279 of 705 country-cohorts, the average number of children ever born among parous women was below 2.1",A,,,
2.0810001,2.3701594,.80000001,"in 279 of 705 country-cohorts, the average number of children ever born among parous women was below 2.1",A,,,
2.0739999,2.3514738,.80000001,"in 279 of 705 country-cohorts, the average number of children ever born among parous women was below 2.1",A,,,
2.075,2.3419864,.80000001,"in 279 of 705 country-cohorts, the average number of children ever born among parous women was below 2.1",A,,,
2.0710001,2.3374717,.80000001,"in 279 of 705 country-cohorts, the average number of children ever born among parous women was below 2.1",A,,,
2.079,2.3307176,.80000001,"in 279 of 705 country-cohorts, the average number of children ever born among parous women was below 2.1",A,,,
2.0669999,2.330327,.80000001,"in 279 of 705 country-cohorts, the average number of children ever born among parous women was below 2.1",A,,,
2.062,2.3194602,.80000001,"in 279 of 705 country-cohorts, the average number of children ever born among parous women was below 2.1",A,,,
2.0469999,2.3025873,.80000001,"in 279 of 705 country-cohorts, the average number of children ever born among parous women was below 2.1",A,,,
2.043,2.2903588,.80000001,"in 279 of 705 country-cohorts, the average number of children ever born among parous women was below 2.1",A,,,
2.04,2.2818792,.80000001,"in 279 of 705 country-cohorts, the average number of children ever born among parous women was below 2.1",A,,,
2.0239999,2.2767155,.80000001,"in 279 of 705 country-cohorts, the average number of children ever born among parous women was below 2.1",A,,,
2.02,2.2799096,.80000001,"in 279 of 705 country-cohorts, the average number of children ever born among parous women was below 2.1",A,,,
2.0190001,2.2787809,.80000001,"in 279 of 705 country-cohorts, the average number of children ever born among parous women was below 2.1",A,,,
2.0109999,2.2570145,.80000001,"in 279 of 705 country-cohorts, the average number of children ever born among parous women was below 2.1",A,,,
1.982,2.2471654,.80000001,"in 279 of 705 country-cohorts, the average number of children ever born among parous women was below 2.1",A,,,
1.967,2.2301588,.80000001,"in 279 of 705 country-cohorts, the average number of children ever born among parous women was below 2.1",A,,,
,,.80000001,"in 279 of 705 country-cohorts, the average number of children ever born among parous women was below 2.1",A,,,
,,.80000001,"in 279 of 705 country-cohorts, the average number of children ever born among parous women was below 2.1",A,,,
,,.80000001,"in 279 of 705 country-cohorts, the average number of children ever born among parous women was below 2.1",A,,,
,,.80000001,"in 279 of 705 country-cohorts, the average number of children ever born among parous women was below 2.1",A,,,
,,.80000001,"in 279 of 705 country-cohorts, the average number of children ever born among parous women was below 2.1",A,,,
,,.80000001,"in 279 of 705 country-cohorts, the average number of children ever born among parous women was below 2.1",A,,,
,,.80000001,"in 279 of 705 country-cohorts, the average number of children ever born among parous women was below 2.1",A,,,
,,.80000001,"in 279 of 705 country-cohorts, the average number of children ever born among parous women was below 2.1",A,,,
,,.80000001,"in 279 of 705 country-cohorts, the average number of children ever born among parous women was below 2.1",A,,,
,,.80000001,"in 279 of 705 country-cohorts, the average number of children ever born among parous women was below 2.1",A,,,
,,.80000001,"in 279 of 705 country-cohorts, the average number of children ever born among parous women was below 2.1",A,,,
,,.80000001,"in 279 of 705 country-cohorts, the average number of children ever born among parous women was below 2.1",A,,,
,,.80000001,"in 279 of 705 country-cohorts, the average number of children ever born among parous women was below 2.1",A,,,
,,.80000001,"in 279 of 705 country-cohorts, the average number of children ever born among parous women was below 2.1",A,,,
,,.80000001,"in 279 of 705 country-cohorts, the average number of children ever born among parous women was below 2.1",A,,,
,,.80000001,"in 279 of 705 country-cohorts, the average number of children ever born among parous women was below 2.1",A,,,
,,.80000001,"in 279 of 705 country-cohorts, the average number of children ever born among parous women was below 2.1",A,,,
,,.80000001,"in 279 of 705 country-cohorts, the average number of children ever born among parous women was below 2.1",A,,,
,,.80000001,"in 279 of 705 country-cohorts, the average number of children ever born among parous women was below 2.1",A,,,
,,.80000001,"in 279 of 705 country-cohorts, the average number of children ever born among parous women was below 2.1",A,,,
,,.80000001,"in 279 of 705 country-cohorts, the average number of children ever born among parous women was below 2.1",A,,,
2.181,2.4341519,.80000001,"in 279 of 705 country-cohorts, the average number of children ever born among parous women was below 2.1",A,,,
2.197,2.446548,.80000001,"in 279 of 705 country-cohorts, the average number of children ever born among parous women was below 2.1",A,,,
2.2030001,2.4369469,.80000001,"in 279 of 705 country-cohorts, the average number of children ever born among parous women was below 2.1",A,,,
2.2119999,2.4388092,.80000001,"in 279 of 705 country-cohorts, the average number of children ever born among parous women was below 2.1",A,,,
2.1700001,2.4300113,.80000001,"in 279 of 705 country-cohorts, the average number of children ever born among parous women was below 2.1",A,,,
2.145,2.4209933,.80000001,"in 279 of 705 country-cohorts, the average number of children ever born among parous women was below 2.1",A,,,
2.109,2.4130435,.80000001,"in 279 of 705 country-cohorts, the average number of children ever born among parous women was below 2.1",A,,,
2.072,2.3981481,.80000001,"in 279 of 705 country-cohorts, the average number of children ever born among parous women was below 2.1",A,,,
2.05,2.3672056,.80000001,"in 279 of 705 country-cohorts, the average number of children ever born among parous women was below 2.1",A,,,
2.03,2.344111,.80000001,"in 279 of 705 country-cohorts, the average number of children ever born among parous women was below 2.1",A,,,
2.0009999,2.3213458,.80000001,"in 279 of 705 country-cohorts, the average number of children ever born among parous women was below 2.1",A,,,
1.967,2.2872093,.80000001,"in 279 of 705 country-cohorts, the average number of children ever born among parous women was below 2.1",A,,,
1.916,2.2488263,.80000001,"in 279 of 705 country-cohorts, the average number of children ever born among parous women was below 2.1",A,,,
1.891,2.2116959,.80000001,"in 279 of 705 country-cohorts, the average number of children ever born among parous women was below 2.1",A,,,
1.818,2.169451,.80000001,"in 279 of 705 country-cohorts, the average number of children ever born among parous women was below 2.1",A,,,
1.768,2.13269,.80000001,"in 279 of 705 country-cohorts, the average number of children ever born among parous women was below 2.1",A,,,
1.709,2.0917993,.80000001,"in 279 of 705 country-cohorts, the average number of children ever born among parous women was below 2.1",A,,,
1.6720001,2.0591133,.80000001,"in 279 of 705 country-cohorts, the average number of children ever born among parous women was below 2.1",A,,,
1.641,2.023428,.80000001,"in 279 of 705 country-cohorts, the average number of children ever born among parous women was below 2.1",A,,,
1.599,1.9937656,.80000001,"in 279 of 705 country-cohorts, the average number of children ever born among parous women was below 2.1",A,,,
1.573,1.9736512,.80000001,"in 279 of 705 country-cohorts, the average number of children ever born among parous women was below 2.1",A,,,
1.544,1.966879,.80000001,"in 279 of 705 country-cohorts, the average number of children ever born among parous women was below 2.1",A,,,
1.515,1.9548388,.80000001,"in 279 of 705 country-cohorts, the average number of children ever born among parous women was below 2.1",A,,,
1.48,1.9525065,.80000001,"in 279 of 705 country-cohorts, the average number of children ever born among parous women was below 2.1",A,,,
2.8759999,,.80000001,"in 279 of 705 country-cohorts, the average number of children ever born among parous women was below 2.1",A,,,
2.8640001,,.80000001,"in 279 of 705 country-cohorts, the average number of children ever born among parous women was below 2.1",A,,,
2.8469999,,.80000001,"in 279 of 705 country-cohorts, the average number of children ever born among parous women was below 2.1",A,,,
2.8559999,,.80000001,"in 279 of 705 country-cohorts, the average number of children ever born among parous women was below 2.1",A,,,
2.8010001,,.80000001,"in 279 of 705 country-cohorts, the average number of children ever born among parous women was below 2.1",A,,,
2.6630001,,.80000001,"in 279 of 705 country-cohorts, the average number of children ever born among parous women was below 2.1",A,,,
2.6059999,,.80000001,"in 279 of 705 country-cohorts, the average number of children ever born among parous women was below 2.1",A,,,
2.5480001,,.80000001,"in 279 of 705 country-cohorts, the average number of children ever born among parous women was below 2.1",A,,,
2.527,,.80000001,"in 279 of 705 country-cohorts, the average number of children ever born among parous women was below 2.1",A,,,
2.4949999,2.5227501,.80000001,"in 279 of 705 country-cohorts, the average number of children ever born among parous women was below 2.1",A,,,
2.405,2.4540815,.80000001,"in 279 of 705 country-cohorts, the average number of children ever born among parous women was below 2.1",A,,,
2.3499999,2.3930755,.80000001,"in 279 of 705 country-cohorts, the average number of children ever born among parous women was below 2.1",A,,,
2.256,2.3162217,.80000001,"in 279 of 705 country-cohorts, the average number of children ever born among parous women was below 2.1",A,,,
2.204,2.2886813,.80000001,"in 279 of 705 country-cohorts, the average number of children ever born among parous women was below 2.1",A,,,
2.1289999,2.2529101,.80000001,"in 279 of 705 country-cohorts, the average number of children ever born among parous women was below 2.1",A,,,
2.0929999,2.2171609,.80000001,"in 279 of 705 country-cohorts, the average number of children ever born among parous women was below 2.1",A,,,
2.0699999,2.2068231,.80000001,"in 279 of 705 country-cohorts, the average number of children ever born among parous women was below 2.1",A,,,
2.0550001,2.2002141,.80000001,"in 279 of 705 country-cohorts, the average number of children ever born among parous women was below 2.1",A,,,
2.0350001,2.1788008,.80000001,"in 279 of 705 country-cohorts, the average number of children ever born among parous women was below 2.1",A,,,
2.027,2.1427062,.80000001,"in 279 of 705 country-cohorts, the average number of children ever born among parous women was below 2.1",A,,,
2.039,2.0998969,.80000001,"in 279 of 705 country-cohorts, the average number of children ever born among parous women was below 2.1",A,,,
2.033,2.0958762,.80000001,"in 279 of 705 country-cohorts, the average number of children ever born among parous women was below 2.1",A,,,
1.989,2.063278,.80000001,"in 279 of 705 country-cohorts, the average number of children ever born among parous women was below 2.1",A,,,
1.989,2.0462964,.80000001,"in 279 of 705 country-cohorts, the average number of children ever born among parous women was below 2.1",A,,,
1.947,2.0239086,.80000001,"in 279 of 705 country-cohorts, the average number of children ever born among parous women was below 2.1",A,,,
1.909,1.9906152,.80000001,"in 279 of 705 country-cohorts, the average number of children ever born among parous women was below 2.1",A,,,
1.8839999,1.9873418,.80000001,"in 279 of 705 country-cohorts, the average number of children ever born among parous women was below 2.1",A,,,
1.897,1.9576883,.80000001,"in 279 of 705 country-cohorts, the average number of children ever born among parous women was below 2.1",A,,,
1.849,1.9361256,.80000001,"in 279 of 705 country-cohorts, the average number of children ever born among parous women was below 2.1",A,,,
1.839,1.9136317,.80000001,"in 279 of 705 country-cohorts, the average number of children ever born among parous women was below 2.1",A,,,
1.8380001,1.8968009,.80000001,"in 279 of 705 country-cohorts, the average number of children ever born among parous women was below 2.1",A,,,
1.819,1.8675565,.80000001,"in 279 of 705 country-cohorts, the average number of children ever born among parous women was below 2.1",A,,,
1.803,1.8568486,.80000001,"in 279 of 705 country-cohorts, the average number of children ever born among parous women was below 2.1",A,,,
1.757,1.8397906,.80000001,"in 279 of 705 country-cohorts, the average number of children ever born among parous women was below 2.1",A,,,
1.725,1.8253968,.80000001,"in 279 of 705 country-cohorts, the average number of children ever born among parous women was below 2.1",A,,,
1.692,1.8076923,.80000001,"in 279 of 705 country-cohorts, the average number of children ever born among parous women was below 2.1",A,,,
1.665,1.7826552,.80000001,"in 279 of 705 country-cohorts, the average number of children ever born among parous women was below 2.1",A,,,
1.656,1.7825619,.80000001,"in 279 of 705 country-cohorts, the average number of children ever born among parous women was below 2.1",A,,,
1.636,1.7648327,.80000001,"in 279 of 705 country-cohorts, the average number of children ever born among parous women was below 2.1",A,,,
1.598,1.7618523,.80000001,"in 279 of 705 country-cohorts, the average number of children ever born among parous women was below 2.1",A,,,
1.596,1.7480832,.80000001,"in 279 of 705 country-cohorts, the average number of children ever born among parous women was below 2.1",A,,,
1.591,1.7407002,.80000001,"in 279 of 705 country-cohorts, the average number of children ever born among parous women was below 2.1",A,,,
1.592,1.7494506,.80000001,"in 279 of 705 country-cohorts, the average number of children ever born among parous women was below 2.1",A,,,
1.577,1.7464008,.80000001,"in 279 of 705 country-cohorts, the average number of children ever born among parous women was below 2.1",A,,,
1.572,1.7447281,.80000001,"in 279 of 705 country-cohorts, the average number of children ever born among parous women was below 2.1",A,,,
,,.80000001,"in 279 of 705 country-cohorts, the average number of children ever born among parous women was below 2.1",A,,,
,,.80000001,"in 279 of 705 country-cohorts, the average number of children ever born among parous women was below 2.1",A,,,
,,.80000001,"in 279 of 705 country-cohorts, the average number of children ever born among parous women was below 2.1",A,,,
,,.80000001,"in 279 of 705 country-cohorts, the average number of children ever born among parous women was below 2.1",A,,,
,,.80000001,"in 279 of 705 country-cohorts, the average number of children ever born among parous women was below 2.1",A,,,
,,.80000001,"in 279 of 705 country-cohorts, the average number of children ever born among parous women was below 2.1",A,,,
,,.80000001,"in 279 of 705 country-cohorts, the average number of children ever born among parous women was below 2.1",A,,,
,,.80000001,"in 279 of 705 country-cohorts, the average number of children ever born among parous women was below 2.1",A,,,
,,.80000001,"in 279 of 705 country-cohorts, the average number of children ever born among parous women was below 2.1",A,,,
1.8150001,1.9728261,.80000001,"in 279 of 705 country-cohorts, the average number of children ever born among parous women was below 2.1",A,,,
1.781,1.937976,.80000001,"in 279 of 705 country-cohorts, the average number of children ever born among parous women was below 2.1",A,,,
1.836,1.9346681,.80000001,"in 279 of 705 country-cohorts, the average number of children ever born among parous women was below 2.1",A,,,
1.766,1.9470782,.80000001,"in 279 of 705 country-cohorts, the average number of children ever born among parous women was below 2.1",A,,,
1.784,1.9497268,.80000001,"in 279 of 705 country-cohorts, the average number of children ever born among parous women was below 2.1",A,,,
1.89,1.9626168,.80000001,"in 279 of 705 country-cohorts, the average number of children ever born among parous women was below 2.1",A,,,
1.854,1.9807693,.80000001,"in 279 of 705 country-cohorts, the average number of children ever born among parous women was below 2.1",A,,,
1.8890001,2.0010593,.80000001,"in 279 of 705 country-cohorts, the average number of children ever born among parous women was below 2.1",A,,,
1.876,2.0150375,.80000001,"in 279 of 705 country-cohorts, the average number of children ever born among parous women was below 2.1",A,,,
1.862,2.0239131,.80000001,"in 279 of 705 country-cohorts, the average number of children ever born among parous women was below 2.1",A,,,
1.887,2.0203426,.80000001,"in 279 of 705 country-cohorts, the average number of children ever born among parous women was below 2.1",A,,,
1.854,2.0284464,.80000001,"in 279 of 705 country-cohorts, the average number of children ever born among parous women was below 2.1",A,,,
1.845,2.0230262,.80000001,"in 279 of 705 country-cohorts, the average number of children ever born among parous women was below 2.1",A,,,
1.874,2.0107296,.80000001,"in 279 of 705 country-cohorts, the average number of children ever born among parous women was below 2.1",A,,,
1.863,1.9903846,.80000001,"in 279 of 705 country-cohorts, the average number of children ever born among parous women was below 2.1",A,,,
1.86,1.9703389,.80000001,"in 279 of 705 country-cohorts, the average number of children ever born among parous women was below 2.1",A,,,
1.849,1.9483668,.80000001,"in 279 of 705 country-cohorts, the average number of children ever born among parous women was below 2.1",A,,,
1.801,1.9282656,.80000001,"in 279 of 705 country-cohorts, the average number of children ever born among parous women was below 2.1",A,,,
1.753,1.9075081,.80000001,"in 279 of 705 country-cohorts, the average number of children ever born among parous women was below 2.1",A,,,
1.724,1.8800436,.80000001,"in 279 of 705 country-cohorts, the average number of children ever born among parous women was below 2.1",A,,,
1.698,1.8537118,.80000001,"in 279 of 705 country-cohorts, the average number of children ever born among parous women was below 2.1",A,,,
1.6799999,1.826087,.80000001,"in 279 of 705 country-cohorts, the average number of children ever born among parous women was below 2.1",A,,,
1.66,1.8023887,.80000001,"in 279 of 705 country-cohorts, the average number of children ever born among parous women was below 2.1",A,,,
1.638,1.7823721,.80000001,"in 279 of 705 country-cohorts, the average number of children ever born among parous women was below 2.1",A,,,
1.631,1.767064,.80000001,"in 279 of 705 country-cohorts, the average number of children ever born among parous women was below 2.1",A,,,
1.619,1.7502702,.80000001,"in 279 of 705 country-cohorts, the average number of children ever born among parous women was below 2.1",A,,,
1.603,1.7367281,.80000001,"in 279 of 705 country-cohorts, the average number of children ever born among parous women was below 2.1",A,,,
1.596,1.7461706,.80000001,"in 279 of 705 country-cohorts, the average number of children ever born among parous women was below 2.1",A,,,
1.579,1.7583519,.80000001,"in 279 of 705 country-cohorts, the average number of children ever born among parous women was below 2.1",A,,,
1.589,1.775419,.80000001,"in 279 of 705 country-cohorts, the average number of children ever born among parous women was below 2.1",A,,,
1.61,1.796875,.80000001,"in 279 of 705 country-cohorts, the average number of children ever born among parous women was below 2.1",A,,,
,,.80000001,"in 279 of 705 country-cohorts, the average number of children ever born among parous women was below 2.1",A,,,
,,.80000001,"in 279 of 705 country-cohorts, the average number of children ever born among parous women was below 2.1",A,,,
,,.80000001,"in 279 of 705 country-cohorts, the average number of children ever born among parous women was below 2.1",A,,,
,,.80000001,"in 279 of 705 country-cohorts, the average number of children ever born among parous women was below 2.1",A,,,
,,.80000001,"in 279 of 705 country-cohorts, the average number of children ever born among parous women was below 2.1",A,,,
2.7079999,2.9889624,.80000001,"in 279 of 705 country-cohorts, the average number of children ever born among parous women was below 2.1",A,,,
2.668,2.967742,.80000001,"in 279 of 705 country-cohorts, the average number of children ever born among parous women was below 2.1",A,,,
2.6689999,2.9361937,.80000001,"in 279 of 705 country-cohorts, the average number of children ever born among parous women was below 2.1",A,,,
2.638,2.9084895,.80000001,"in 279 of 705 country-cohorts, the average number of children ever born among parous women was below 2.1",A,,,
2.608,2.8596492,.80000001,"in 279 of 705 country-cohorts, the average number of children ever born among parous women was below 2.1",A,,,
2.5409999,2.8015435,.80000001,"in 279 of 705 country-cohorts, the average number of children ever born among parous women was below 2.1",A,,,
2.4849999,2.7580466,.80000001,"in 279 of 705 country-cohorts, the average number of children ever born among parous women was below 2.1",A,,,
2.4519999,2.7335563,.80000001,"in 279 of 705 country-cohorts, the average number of children ever born among parous women was below 2.1",A,,,
2.457,2.7149172,.80000001,"in 279 of 705 country-cohorts, the average number of children ever born among parous women was below 2.1",A,,,
2.4219999,2.6881244,.80000001,"in 279 of 705 country-cohorts, the average number of children ever born among parous women was below 2.1",A,,,
2.3570001,2.6693091,.80000001,"in 279 of 705 country-cohorts, the average number of children ever born among parous women was below 2.1",A,,,
2.3759999,2.6312292,.80000001,"in 279 of 705 country-cohorts, the average number of children ever born among parous women was below 2.1",A,,,
2.378,2.6160617,.80000001,"in 279 of 705 country-cohorts, the average number of children ever born among parous women was below 2.1",A,,,
2.3559999,2.6033149,.80000001,"in 279 of 705 country-cohorts, the average number of children ever born among parous women was below 2.1",A,,,
2.3280001,2.5809312,.80000001,"in 279 of 705 country-cohorts, the average number of children ever born among parous women was below 2.1",A,,,
2.303,2.5503876,.80000001,"in 279 of 705 country-cohorts, the average number of children ever born among parous women was below 2.1",A,,,
2.28,2.5361512,.80000001,"in 279 of 705 country-cohorts, the average number of children ever born among parous women was below 2.1",A,,,
2.2750001,2.5193799,.80000001,"in 279 of 705 country-cohorts, the average number of children ever born among parous women was below 2.1",A,,,
2.2409999,2.501116,.80000001,"in 279 of 705 country-cohorts, the average number of children ever born among parous women was below 2.1",A,,,
2.2320001,2.4855235,.80000001,"in 279 of 705 country-cohorts, the average number of children ever born among parous women was below 2.1",A,,,
2.2260001,2.4596684,.80000001,"in 279 of 705 country-cohorts, the average number of children ever born among parous women was below 2.1",A,,,
2.214,2.46,.80000001,"in 279 of 705 country-cohorts, the average number of children ever born among parous women was below 2.1",A,,,
2.207,2.446785,.80000001,"in 279 of 705 country-cohorts, the average number of children ever born among parous women was below 2.1",A,,,
2.1930001,2.4312639,.80000001,"in 279 of 705 country-cohorts, the average number of children ever born among parous women was below 2.1",A,,,
2.184,2.4239733,.80000001,"in 279 of 705 country-cohorts, the average number of children ever born among parous women was below 2.1",A,,,
2.174,2.4075305,.80000001,"in 279 of 705 country-cohorts, the average number of children ever born among parous women was below 2.1",A,,,
2.1689999,2.4046564,.80000001,"in 279 of 705 country-cohorts, the average number of children ever born among parous women was below 2.1",A,,,
2.1459999,2.3686535,.80000001,"in 279 of 705 country-cohorts, the average number of children ever born among parous women was below 2.1",A,,,
2.115,2.3421926,.80000001,"in 279 of 705 country-cohorts, the average number of children ever born among parous women was below 2.1",A,,,
2.0840001,2.3207128,.80000001,"in 279 of 705 country-cohorts, the average number of children ever born among parous women was below 2.1",A,,,
2.0450001,2.2951739,.80000001,"in 279 of 705 country-cohorts, the average number of children ever born among parous women was below 2.1",A,,,
2.036,2.2748604,.80000001,"in 279 of 705 country-cohorts, the average number of children ever born among parous women was below 2.1",A,,,
2.0190001,2.2659934,.80000001,"in 279 of 705 country-cohorts, the average number of children ever born among parous women was below 2.1",A,,,
1.9960001,2.2553673,.80000001,"in 279 of 705 country-cohorts, the average number of children ever born among parous women was below 2.1",A,,,
1.961,2.2133183,.80000001,"in 279 of 705 country-cohorts, the average number of children ever born among parous women was below 2.1",A,,,
1.932,2.1830509,.80000001,"in 279 of 705 country-cohorts, the average number of children ever born among parous women was below 2.1",A,,,
,,.80000001,"in 279 of 705 country-cohorts, the average number of children ever born among parous women was below 2.1",A,,,
,,.80000001,"in 279 of 705 country-cohorts, the average number of children ever born among parous women was below 2.1",A,,,
,,.80000001,"in 279 of 705 country-cohorts, the average number of children ever born among parous women was below 2.1",A,,,
,,.80000001,"in 279 of 705 country-cohorts, the average number of children ever born among parous women was below 2.1",A,,,
,,.80000001,"in 279 of 705 country-cohorts, the average number of children ever born among parous women was below 2.1",A,,,
,,.80000001,"in 279 of 705 country-cohorts, the average number of children ever born among parous women was below 2.1",A,,,
,,.80000001,"in 279 of 705 country-cohorts, the average number of children ever born among parous women was below 2.1",A,,,
,,.80000001,"in 279 of 705 country-cohorts, the average number of children ever born among parous women was below 2.1",A,,,
,,.80000001,"in 279 of 705 country-cohorts, the average number of children ever born among parous women was below 2.1",A,,,
,,.80000001,"in 279 of 705 country-cohorts, the average number of children ever born among parous women was below 2.1",A,,,
,,.80000001,"in 279 of 705 country-cohorts, the average number of children ever born among parous women was below 2.1",A,,,
,,.80000001,"in 279 of 705 country-cohorts, the average number of children ever born among parous women was below 2.1",A,,,
,,.80000001,"in 279 of 705 country-cohorts, the average number of children ever born among parous women was below 2.1",A,,,
,,.80000001,"in 279 of 705 country-cohorts, the average number of children ever born among parous women was below 2.1",A,,,
,,.80000001,"in 279 of 705 country-cohorts, the average number of children ever born among parous women was below 2.1",A,,,
,,.80000001,"in 279 of 705 country-cohorts, the average number of children ever born among parous women was below 2.1",A,,,
,,.80000001,"in 279 of 705 country-cohorts, the average number of children ever born among parous women was below 2.1",A,,,
,,.80000001,"in 279 of 705 country-cohorts, the average number of children ever born among parous women was below 2.1",A,,,
,,.80000001,"in 279 of 705 country-cohorts, the average number of children ever born among parous women was below 2.1",A,,,
,,.80000001,"in 279 of 705 country-cohorts, the average number of children ever born among parous women was below 2.1",A,,,
,,.80000001,"in 279 of 705 country-cohorts, the average number of children ever born among parous women was below 2.1",A,,,
,,.80000001,"in 279 of 705 country-cohorts, the average number of children ever born among parous women was below 2.1",A,,,
,,.80000001,"in 279 of 705 country-cohorts, the average number of children ever born among parous women was below 2.1",A,,,
,,.80000001,"in 279 of 705 country-cohorts, the average number of children ever born among parous women was below 2.1",A,,,
,,.80000001,"in 279 of 705 country-cohorts, the average number of children ever born among parous women was below 2.1",A,,,
,,.80000001,"in 279 of 705 country-cohorts, the average number of children ever born among parous women was below 2.1",A,,,
,,.80000001,"in 279 of 705 country-cohorts, the average number of children ever born among parous women was below 2.1",A,,,
,,.80000001,"in 279 of 705 country-cohorts, the average number of children ever born among parous women was below 2.1",A,,,
,,.80000001,"in 279 of 705 country-cohorts, the average number of children ever born among parous women was below 2.1",A,,,
,,.80000001,"in 279 of 705 country-cohorts, the average number of children ever born among parous women was below 2.1",A,,,
,,.80000001,"in 279 of 705 country-cohorts, the average number of children ever born among parous women was below 2.1",A,,,
,,.80000001,"in 279 of 705 country-cohorts, the average number of children ever born among parous women was below 2.1",A,,,
,,.80000001,"in 279 of 705 country-cohorts, the average number of children ever born among parous women was below 2.1",A,,,
,,.80000001,"in 279 of 705 country-cohorts, the average number of children ever born among parous women was below 2.1",A,,,
,,.80000001,"in 279 of 705 country-cohorts, the average number of children ever born among parous women was below 2.1",A,,,
,,.80000001,"in 279 of 705 country-cohorts, the average number of children ever born among parous women was below 2.1",A,,,
,,.80000001,"in 279 of 705 country-cohorts, the average number of children ever born among parous women was below 2.1",A,,,
,,.80000001,"in 279 of 705 country-cohorts, the average number of children ever born among parous women was below 2.1",A,,,
,,.80000001,"in 279 of 705 country-cohorts, the average number of children ever born among parous women was below 2.1",A,,,
,,.80000001,"in 279 of 705 country-cohorts, the average number of children ever born among parous women was below 2.1",A,,,
,,.80000001,"in 279 of 705 country-cohorts, the average number of children ever born among parous women was below 2.1",A,,,
,,.80000001,"in 279 of 705 country-cohorts, the average number of children ever born among parous women was below 2.1",A,,,
1.74,1.9463087,.80000001,"in 279 of 705 country-cohorts, the average number of children ever born among parous women was below 2.1",A,,,
1.732,1.9395297,.80000001,"in 279 of 705 country-cohorts, the average number of children ever born among parous women was below 2.1",A,,,
1.721,1.9623717,.80000001,"in 279 of 705 country-cohorts, the average number of children ever born among parous women was below 2.1",A,,,
1.701,1.9462242,.80000001,"in 279 of 705 country-cohorts, the average number of children ever born among parous women was below 2.1",A,,,
1.693,1.9640372,.80000001,"in 279 of 705 country-cohorts, the average number of children ever born among parous women was below 2.1",A,,,
1.682,1.949015,.80000001,"in 279 of 705 country-cohorts, the average number of children ever born among parous women was below 2.1",A,,,
1.6569999,1.9517078,.80000001,"in 279 of 705 country-cohorts, the average number of children ever born among parous women was below 2.1",A,,,
1.686,1.9742389,.80000001,"in 279 of 705 country-cohorts, the average number of children ever born among parous women was below 2.1",A,,,
,,.80000001,"in 279 of 705 country-cohorts, the average number of children ever born among parous women was below 2.1",A,,,
,,.80000001,"in 279 of 705 country-cohorts, the average number of children ever born among parous women was below 2.1",A,,,
,,.80000001,"in 279 of 705 country-cohorts, the average number of children ever born among parous women was below 2.1",A,,,
,,.80000001,"in 279 of 705 country-cohorts, the average number of children ever born among parous women was below 2.1",A,,,
2.1400001,,.80000001,"in 279 of 705 country-cohorts, the average number of children ever born among parous women was below 2.1",A,,,
2.1140001,,.80000001,"in 279 of 705 country-cohorts, the average number of children ever born among parous women was below 2.1",A,,,
2.1059999,,.80000001,"in 279 of 705 country-cohorts, the average number of children ever born among parous women was below 2.1",A,,,
2.0840001,,.80000001,"in 279 of 705 country-cohorts, the average number of children ever born among parous women was below 2.1",A,,,
2.0610001,,.80000001,"in 279 of 705 country-cohorts, the average number of children ever born among parous women was below 2.1",A,,,
2.052,,.80000001,"in 279 of 705 country-cohorts, the average number of children ever born among parous women was below 2.1",A,,,
2.0309999,,.80000001,"in 279 of 705 country-cohorts, the average number of children ever born among parous women was below 2.1",A,,,
1.998,,.80000001,"in 279 of 705 country-cohorts, the average number of children ever born among parous women was below 2.1",A,,,
1.987,,.80000001,"in 279 of 705 country-cohorts, the average number of children ever born among parous women was below 2.1",A,,,
1.989,,.80000001,"in 279 of 705 country-cohorts, the average number of children ever born among parous women was below 2.1",A,,,
1.972,,.80000001,"in 279 of 705 country-cohorts, the average number of children ever born among parous women was below 2.1",A,,,
1.989,,.80000001,"in 279 of 705 country-cohorts, the average number of children ever born among parous women was below 2.1",A,,,
2,,.80000001,"in 279 of 705 country-cohorts, the average number of children ever born among parous women was below 2.1",A,,,
1.993,,.80000001,"in 279 of 705 country-cohorts, the average number of children ever born among parous women was below 2.1",A,,,
2.003,,.80000001,"in 279 of 705 country-cohorts, the average number of children ever born among parous women was below 2.1",A,,,
2.0090001,,.80000001,"in 279 of 705 country-cohorts, the average number of children ever born among parous women was below 2.1",A,,,
2.0009999,,.80000001,"in 279 of 705 country-cohorts, the average number of children ever born among parous women was below 2.1",A,,,
2.01,,.80000001,"in 279 of 705 country-cohorts, the average number of children ever born among parous women was below 2.1",A,,,
2.0250001,,.80000001,"in 279 of 705 country-cohorts, the average number of children ever born among parous women was below 2.1",A,,,
2.0239999,,.80000001,"in 279 of 705 country-cohorts, the average number of children ever born among parous women was below 2.1",A,,,
2.0350001,2.3337157,.80000001,"in 279 of 705 country-cohorts, the average number of children ever born among parous women was below 2.1",A,,,
2.0420001,2.3471265,.80000001,"in 279 of 705 country-cohorts, the average number of children ever born among parous women was below 2.1",A,,,
2.053,2.3597701,.80000001,"in 279 of 705 country-cohorts, the average number of children ever born among parous women was below 2.1",A,,,
2.0569999,2.3643677,.80000001,"in 279 of 705 country-cohorts, the average number of children ever born among parous women was below 2.1",A,,,
2.0480001,2.3648961,.80000001,"in 279 of 705 country-cohorts, the average number of children ever born among parous women was below 2.1",A,,,
2.0580001,2.3764434,.80000001,"in 279 of 705 country-cohorts, the average number of children ever born among parous women was below 2.1",A,,,
2.03,2.3549883,.80000001,"in 279 of 705 country-cohorts, the average number of children ever born among parous women was below 2.1",A,,,
2.036,2.3592122,.80000001,"in 279 of 705 country-cohorts, the average number of children ever born among parous women was below 2.1",A,,,
2.0280001,2.3391004,.80000001,"in 279 of 705 country-cohorts, the average number of children ever born among parous women was below 2.1",A,,,
2.0139999,2.3256352,.80000001,"in 279 of 705 country-cohorts, the average number of children ever born among parous women was below 2.1",A,,,
2.0139999,2.3176064,.80000001,"in 279 of 705 country-cohorts, the average number of children ever born among parous women was below 2.1",A,,,
2.0050001,2.3019519,.80000001,"in 279 of 705 country-cohorts, the average number of children ever born among parous women was below 2.1",A,,,
1.997,2.2901375,.80000001,"in 279 of 705 country-cohorts, the average number of children ever born among parous women was below 2.1",A,,,
1.997,2.277081,.80000001,"in 279 of 705 country-cohorts, the average number of children ever born among parous women was below 2.1",A,,,
1.993,2.2725201,.80000001,"in 279 of 705 country-cohorts, the average number of children ever born among parous women was below 2.1",A,,,
1.999,2.2715909,.80000001,"in 279 of 705 country-cohorts, the average number of children ever born among parous women was below 2.1",A,,,
1.977,2.2517085,.80000001,"in 279 of 705 country-cohorts, the average number of children ever born among parous women was below 2.1",A,,,
1.976,2.2582858,.80000001,"in 279 of 705 country-cohorts, the average number of children ever born among parous women was below 2.1",A,,,
1.96,2.242563,.80000001,"in 279 of 705 country-cohorts, the average number of children ever born among parous women was below 2.1",A,,,
1.965,2.2482839,.80000001,"in 279 of 705 country-cohorts, the average number of children ever born among parous women was below 2.1",A,,,
1.955,2.2419724,.80000001,"in 279 of 705 country-cohorts, the average number of children ever born among parous women was below 2.1",A,,,
1.9450001,2.2433679,.80000001,"in 279 of 705 country-cohorts, the average number of children ever born among parous women was below 2.1",A,,,
1.947,2.2430875,.80000001,"in 279 of 705 country-cohorts, the average number of children ever born among parous women was below 2.1",A,,,
1.937,2.2418981,.80000001,"in 279 of 705 country-cohorts, the average number of children ever born among parous women was below 2.1",A,,,
1.9220001,2.2271147,.80000001,"in 279 of 705 country-cohorts, the average number of children ever born among parous women was below 2.1",A,,,
,,.80000001,"in 279 of 705 country-cohorts, the average number of children ever born among parous women was below 2.1",A,,,
,,.80000001,"in 279 of 705 country-cohorts, the average number of children ever born among parous women was below 2.1",A,,,
,,.80000001,"in 279 of 705 country-cohorts, the average number of children ever born among parous women was below 2.1",A,,,
,,.80000001,"in 279 of 705 country-cohorts, the average number of children ever born among parous women was below 2.1",A,,,
,,.80000001,"in 279 of 705 country-cohorts, the average number of children ever born among parous women was below 2.1",A,,,
,,.80000001,"in 279 of 705 country-cohorts, the average number of children ever born among parous women was below 2.1",A,,,
,,.80000001,"in 279 of 705 country-cohorts, the average number of children ever born among parous women was below 2.1",A,,,
,,.80000001,"in 279 of 705 country-cohorts, the average number of children ever born among parous women was below 2.1",A,,,
,,.80000001,"in 279 of 705 country-cohorts, the average number of children ever born among parous women was below 2.1",A,,,
,,.80000001,"in 279 of 705 country-cohorts, the average number of children ever born among parous women was below 2.1",A,,,
,,.80000001,"in 279 of 705 country-cohorts, the average number of children ever born among parous women was below 2.1",A,,,
,,.80000001,"in 279 of 705 country-cohorts, the average number of children ever born among parous women was below 2.1",A,,,
,,.80000001,"in 279 of 705 country-cohorts, the average number of children ever born among parous women was below 2.1",A,,,
,,.80000001,"in 279 of 705 country-cohorts, the average number of children ever born among parous women was below 2.1",A,,,
,,.80000001,"in 279 of 705 country-cohorts, the average number of children ever born among parous women was below 2.1",A,,,
,,.80000001,"in 279 of 705 country-cohorts, the average number of children ever born among parous women was below 2.1",A,,,
,,.80000001,"in 279 of 705 country-cohorts, the average number of children ever born among parous women was below 2.1",A,,,
,,.80000001,"in 279 of 705 country-cohorts, the average number of children ever born among parous women was below 2.1",A,,,
,,.80000001,"in 279 of 705 country-cohorts, the average number of children ever born among parous women was below 2.1",A,,,
,,.80000001,"in 279 of 705 country-cohorts, the average number of children ever born among parous women was below 2.1",A,,,
,,.80000001,"in 279 of 705 country-cohorts, the average number of children ever born among parous women was below 2.1",A,,,
,,.80000001,"in 279 of 705 country-cohorts, the average number of children ever born among parous women was below 2.1",A,,,
,,.80000001,"in 279 of 705 country-cohorts, the average number of children ever born among parous women was below 2.1",A,,,
,,.80000001,"in 279 of 705 country-cohorts, the average number of children ever born among parous women was below 2.1",A,,,
,,.80000001,"in 279 of 705 country-cohorts, the average number of children ever born among parous women was below 2.1",A,,,
,,.80000001,"in 279 of 705 country-cohorts, the average number of children ever born among parous women was below 2.1",A,,,
2.175,2.3822563,.80000001,"in 279 of 705 country-cohorts, the average number of children ever born among parous women was below 2.1",A,,,
2.1400001,2.349067,.80000001,"in 279 of 705 country-cohorts, the average number of children ever born among parous women was below 2.1",A,,,
2.075,2.3081203,.80000001,"in 279 of 705 country-cohorts, the average number of children ever born among parous women was below 2.1",A,,,
2.0150001,2.2742665,.80000001,"in 279 of 705 country-cohorts, the average number of children ever born among parous women was below 2.1",A,,,
1.956,2.2354286,.80000001,"in 279 of 705 country-cohorts, the average number of children ever born among parous women was below 2.1",A,,,
1.905,2.2023122,.80000001,"in 279 of 705 country-cohorts, the average number of children ever born among parous women was below 2.1",A,,,
1.874,2.1614764,.80000001,"in 279 of 705 country-cohorts, the average number of children ever born among parous women was below 2.1",A,,,
1.8200001,2.1162791,.80000001,"in 279 of 705 country-cohorts, the average number of children ever born among parous women was below 2.1",A,,,
1.7640001,2.075294,.80000001,"in 279 of 705 country-cohorts, the average number of children ever born among parous women was below 2.1",A,,,
1.724,2.0402367,.80000001,"in 279 of 705 country-cohorts, the average number of children ever born among parous women was below 2.1",A,,,
1.6799999,2.0071685,.80000001,"in 279 of 705 country-cohorts, the average number of children ever born among parous women was below 2.1",A,,,
1.649,1.9843562,.80000001,"in 279 of 705 country-cohorts, the average number of children ever born among parous women was below 2.1",A,,,
1.617,1.9576272,.80000001,"in 279 of 705 country-cohorts, the average number of children ever born among parous women was below 2.1",A,,,
1.59,1.9366626,.80000001,"in 279 of 705 country-cohorts, the average number of children ever born among parous women was below 2.1",A,,,
1.541,1.9166666,.80000001,"in 279 of 705 country-cohorts, the average number of children ever born among parous women was below 2.1",A,,,
1.5190001,1.8963795,.80000001,"in 279 of 705 country-cohorts, the average number of children ever born among parous women was below 2.1",A,,,
1.4960001,1.884131,.80000001,"in 279 of 705 country-cohorts, the average number of children ever born among parous women was below 2.1",A,,,
1.451,1.8698454,.80000001,"in 279 of 705 country-cohorts, the average number of children ever born among parous women was below 2.1",A,,,
1.432,1.8549223,.80000001,"in 279 of 705 country-cohorts, the average number of children ever born among parous women was below 2.1",A,,,
,,.80000001,"in 279 of 705 country-cohorts, the average number of children ever born among parous women was below 2.1",A,,,
,,.80000001,"in 279 of 705 country-cohorts, the average number of children ever born among parous women was below 2.1",A,,,
,,.80000001,"in 279 of 705 country-cohorts, the average number of children ever born among parous women was below 2.1",A,,,
,,.80000001,"in 279 of 705 country-cohorts, the average number of children ever born among parous women was below 2.1",A,,,
,,.80000001,"in 279 of 705 country-cohorts, the average number of children ever born among parous women was below 2.1",A,,,
,,.80000001,"in 279 of 705 country-cohorts, the average number of children ever born among parous women was below 2.1",A,,,
,,.80000001,"in 279 of 705 country-cohorts, the average number of children ever born among parous women was below 2.1",A,,,
,,.80000001,"in 279 of 705 country-cohorts, the average number of children ever born among parous women was below 2.1",A,,,
,,.80000001,"in 279 of 705 country-cohorts, the average number of children ever born among parous women was below 2.1",A,,,
1.839,2.020879,.80000001,"in 279 of 705 country-cohorts, the average number of children ever born among parous women was below 2.1",A,,,
1.831,1.992383,.80000001,"in 279 of 705 country-cohorts, the average number of children ever born among parous women was below 2.1",A,,,
1.8559999,1.9661016,.80000001,"in 279 of 705 country-cohorts, the average number of children ever born among parous women was below 2.1",A,,,
1.867,1.9247422,.80000001,"in 279 of 705 country-cohorts, the average number of children ever born among parous women was below 2.1",A,,,
1.886,1.9186165,.80000001,"in 279 of 705 country-cohorts, the average number of children ever born among parous women was below 2.1",A,,,
1.916,1.9451777,.80000001,"in 279 of 705 country-cohorts, the average number of children ever born among parous women was below 2.1",A,,,
1.901,1.9457523,.80000001,"in 279 of 705 country-cohorts, the average number of children ever born among parous women was below 2.1",A,,,
1.911,1.9640288,.80000001,"in 279 of 705 country-cohorts, the average number of children ever born among parous women was below 2.1",A,,,
1.883,1.9573804,.80000001,"in 279 of 705 country-cohorts, the average number of children ever born among parous women was below 2.1",A,,,
1.848,1.9432176,.80000001,"in 279 of 705 country-cohorts, the average number of children ever born among parous women was below 2.1",A,,,
1.839,1.9647436,.80000001,"in 279 of 705 country-cohorts, the average number of children ever born among parous women was below 2.1",A,,,
1.831,1.9688172,.80000001,"in 279 of 705 country-cohorts, the average number of children ever born among parous women was below 2.1",A,,,
1.824,1.9676375,.80000001,"in 279 of 705 country-cohorts, the average number of children ever born among parous women was below 2.1",A,,,
1.842,1.9554141,.80000001,"in 279 of 705 country-cohorts, the average number of children ever born among parous women was below 2.1",A,,,
1.862,1.9315352,.80000001,"in 279 of 705 country-cohorts, the average number of children ever born among parous women was below 2.1",A,,,
1.857,1.9183885,.80000001,"in 279 of 705 country-cohorts, the average number of children ever born among parous women was below 2.1",A,,,
1.834,1.9044652,.80000001,"in 279 of 705 country-cohorts, the average number of children ever born among parous women was below 2.1",A,,,
1.806,1.8871473,.80000001,"in 279 of 705 country-cohorts, the average number of children ever born among parous women was below 2.1",A,,,
1.774,1.8693361,.80000001,"in 279 of 705 country-cohorts, the average number of children ever born among parous women was below 2.1",A,,,
1.739,1.8441145,.80000001,"in 279 of 705 country-cohorts, the average number of children ever born among parous women was below 2.1",A,,,
1.7,1.8201284,.80000001,"in 279 of 705 country-cohorts, the average number of children ever born among parous women was below 2.1",A,,,
1.678,1.7965739,.80000001,"in 279 of 705 country-cohorts, the average number of children ever born among parous women was below 2.1",A,,,
1.673,1.7684989,.80000001,"in 279 of 705 country-cohorts, the average number of children ever born among parous women was below 2.1",A,,,
1.623,1.7489225,.80000001,"in 279 of 705 country-cohorts, the average number of children ever born among parous women was below 2.1",A,,,
1.599,1.7267818,.80000001,"in 279 of 705 country-cohorts, the average number of children ever born among parous women was below 2.1",A,,,
1.596,1.7087795,.80000001,"in 279 of 705 country-cohorts, the average number of children ever born among parous women was below 2.1",A,,,
,,.80000001,"in 279 of 705 country-cohorts, the average number of children ever born among parous women was below 2.1",A,,,
,,.80000001,"in 279 of 705 country-cohorts, the average number of children ever born among parous women was below 2.1",A,,,
,,.80000001,"in 279 of 705 country-cohorts, the average number of children ever born among parous women was below 2.1",A,,,
,,.80000001,"in 279 of 705 country-cohorts, the average number of children ever born among parous women was below 2.1",A,,,
,,.80000001,"in 279 of 705 country-cohorts, the average number of children ever born among parous women was below 2.1",A,,,
,,.80000001,"in 279 of 705 country-cohorts, the average number of children ever born among parous women was below 2.1",A,,,
,,.80000001,"in 279 of 705 country-cohorts, the average number of children ever born among parous women was below 2.1",A,,,
,,.80000001,"in 279 of 705 country-cohorts, the average number of children ever born among parous women was below 2.1",A,,,
,,.80000001,"in 279 of 705 country-cohorts, the average number of children ever born among parous women was below 2.1",A,,,
,,.80000001,"in 279 of 705 country-cohorts, the average number of children ever born among parous women was below 2.1",A,,,
3.214,3.4227903,.80000001,"in 279 of 705 country-cohorts, the average number of children ever born among parous women was below 2.1",A,,,
3.131,3.3558414,.80000001,"in 279 of 705 country-cohorts, the average number of children ever born among parous women was below 2.1",A,,,
3.059,3.2751606,.80000001,"in 279 of 705 country-cohorts, the average number of children ever born among parous women was below 2.1",A,,,
2.983,3.1937902,.80000001,"in 279 of 705 country-cohorts, the average number of children ever born among parous women was below 2.1",A,,,
2.892,3.1096773,.80000001,"in 279 of 705 country-cohorts, the average number of children ever born among parous women was below 2.1",A,,,
2.7950001,3.0216217,.80000001,"in 279 of 705 country-cohorts, the average number of children ever born among parous women was below 2.1",A,,,
2.6800001,2.9098806,.80000001,"in 279 of 705 country-cohorts, the average number of children ever born among parous women was below 2.1",A,,,
2.5610001,2.798907,.80000001,"in 279 of 705 country-cohorts, the average number of children ever born among parous women was below 2.1",A,,,
2.464,2.7166483,.80000001,"in 279 of 705 country-cohorts, the average number of children ever born among parous women was below 2.1",A,,,
2.365,2.6454139,.80000001,"in 279 of 705 country-cohorts, the average number of children ever born among parous women was below 2.1",A,,,
2.2920001,2.5781777,.80000001,"in 279 of 705 country-cohorts, the average number of children ever born among parous women was below 2.1",A,,,
2.2149999,2.4943693,.80000001,"in 279 of 705 country-cohorts, the average number of children ever born among parous women was below 2.1",A,,,
2.1500001,2.4376416,.80000001,"in 279 of 705 country-cohorts, the average number of children ever born among parous women was below 2.1",A,,,
2.1040001,2.4128439,.80000001,"in 279 of 705 country-cohorts, the average number of children ever born among parous women was below 2.1",A,,,
2.0569999,2.3974359,.80000001,"in 279 of 705 country-cohorts, the average number of children ever born among parous women was below 2.1",A,,,
2.0220001,2.3816254,.80000001,"in 279 of 705 country-cohorts, the average number of children ever born among parous women was below 2.1",A,,,
1.998,2.3672986,.80000001,"in 279 of 705 country-cohorts, the average number of children ever born among parous women was below 2.1",A,,,
1.982,2.3595238,.80000001,"in 279 of 705 country-cohorts, the average number of children ever born among parous women was below 2.1",A,,,
1.972,2.3616767,.80000001,"in 279 of 705 country-cohorts, the average number of children ever born among parous women was below 2.1",A,,,
1.974,2.3640718,.80000001,"in 279 of 705 country-cohorts, the average number of children ever born among parous women was below 2.1",A,,,
1.9809999,2.3667862,.80000001,"in 279 of 705 country-cohorts, the average number of children ever born among parous women was below 2.1",A,,,
1.985,2.3659117,.80000001,"in 279 of 705 country-cohorts, the average number of children ever born among parous women was below 2.1",A,,,
1.987,2.3711216,.80000001,"in 279 of 705 country-cohorts, the average number of children ever born among parous women was below 2.1",A,,,
1.9910001,2.375895,.80000001,"in 279 of 705 country-cohorts, the average number of children ever born among parous women was below 2.1",A,,,
2.0120001,2.3810651,.80000001,"in 279 of 705 country-cohorts, the average number of children ever born among parous women was below 2.1",A,,,
2.0239999,2.3867924,.80000001,"in 279 of 705 country-cohorts, the average number of children ever born among parous women was below 2.1",A,,,
2.0239999,2.3867924,.80000001,"in 279 of 705 country-cohorts, the average number of children ever born among parous women was below 2.1",A,,,
2.0339999,2.3901293,.80000001,"in 279 of 705 country-cohorts, the average number of children ever born among parous women was below 2.1",A,,,
2.0510001,2.3932321,.80000001,"in 279 of 705 country-cohorts, the average number of children ever born among parous women was below 2.1",A,,,
2.066,2.3995354,.80000001,"in 279 of 705 country-cohorts, the average number of children ever born among parous women was below 2.1",A,,,
2.075,2.4127908,.80000001,"in 279 of 705 country-cohorts, the average number of children ever born among parous women was below 2.1",A,,,
2.089,2.4234338,.80000001,"in 279 of 705 country-cohorts, the average number of children ever born among parous women was below 2.1",A,,,
2.109,2.4297235,.80000001,"in 279 of 705 country-cohorts, the average number of children ever born among parous women was below 2.1",A,,,
2.1110001,2.429229,.80000001,"in 279 of 705 country-cohorts, the average number of children ever born among parous women was below 2.1",A,,,
2.1140001,2.4243119,.80000001,"in 279 of 705 country-cohorts, the average number of children ever born among parous women was below 2.1",A,,,
2.1370001,2.4256527,.80000001,"in 279 of 705 country-cohorts, the average number of children ever born among parous women was below 2.1",A,,,
2.1600001,2.4324324,.80000001,"in 279 of 705 country-cohorts, the average number of children ever born among parous women was below 2.1",A,,,
2.1830001,2.4473095,.80000001,"in 279 of 705 country-cohorts, the average number of children ever born among parous women was below 2.1",A,,,
2.2030001,2.4559643,.80000001,"in 279 of 705 country-cohorts, the average number of children ever born among parous women was below 2.1",A,,,
2.2160001,2.4622223,.80000001,"in 279 of 705 country-cohorts, the average number of children ever born among parous women was below 2.1",A,,,
2.221,2.473274,.80000001,"in 279 of 705 country-cohorts, the average number of children ever born among parous women was below 2.1",A,,,
2.2279999,2.483835,.80000001,"in 279 of 705 country-cohorts, the average number of children ever born among parous women was below 2.1",A,,,
2.2309999,2.4899554,.80000001,"in 279 of 705 country-cohorts, the average number of children ever born among parous women was below 2.1",A,,,
2.2060001,2.4926553,.80000001,"in 279 of 705 country-cohorts, the average number of children ever born among parous women was below 2.1",A,,,
2.1760001,2.4868572,.80000001,"in 279 of 705 country-cohorts, the average number of children ever born among parous women was below 2.1",A,,,
,,.99000001,"in 50 of 707 districts, the average number of children ever born among parous women was below 2.1",,2.6642337,2.7651515,B
,,.99000001,"in 50 of 707 districts, the average number of children ever born among parous women was below 2.1",,2.4731183,2.5555556,B
,,.99000001,"in 50 of 707 districts, the average number of children ever born among parous women was below 2.1",,2.0819671,2.2086957,B
,,.99000001,"in 50 of 707 districts, the average number of children ever born among parous women was below 2.1",,2.6147542,2.7739131,B
,,.99000001,"in 50 of 707 districts, the average number of children ever born among parous women was below 2.1",,2.7804878,2.8264463,B
,,.99000001,"in 50 of 707 districts, the average number of children ever born among parous women was below 2.1",,2.8053098,2.8303571,B
,,.99000001,"in 50 of 707 districts, the average number of children ever born among parous women was below 2.1",,2.210084,2.2672415,B
,,.99000001,"in 50 of 707 districts, the average number of children ever born among parous women was below 2.1",,2.704,2.7933884,B
,,.99000001,"in 50 of 707 districts, the average number of children ever born among parous women was below 2.1",,2.5891473,2.8547008,B
,,.99000001,"in 50 of 707 districts, the average number of children ever born among parous women was below 2.1",,1.9897959,2.1910112,B
,,.99000001,"in 50 of 707 districts, the average number of children ever born among parous women was below 2.1",,2.5934958,2.75,B
,,.99000001,"in 50 of 707 districts, the average number of children ever born among parous women was below 2.1",,2.2796609,2.4017856,B
,,.99000001,"in 50 of 707 districts, the average number of children ever born among parous women was below 2.1",,2.3909092,2.3909092,B
,,.99000001,"in 50 of 707 districts, the average number of children ever born among parous women was below 2.1",,2.3149607,2.3709676,B
,,.99000001,"in 50 of 707 districts, the average number of children ever born among parous women was below 2.1",,2.4866667,2.5033557,B
,,.99000001,"in 50 of 707 districts, the average number of children ever born among parous women was below 2.1",,2.6500001,2.6767676,B
,,.99000001,"in 50 of 707 districts, the average number of children ever born among parous women was below 2.1",,2.945946,3.0277777,B
,,.99000001,"in 50 of 707 districts, the average number of children ever born among parous women was below 2.1",,2.4274194,2.5083334,B
,,.99000001,"in 50 of 707 districts, the average number of children ever born among parous women was below 2.1",,2.734375,2.8,B
,,.99000001,"in 50 of 707 districts, the average number of children ever born among parous women was below 2.1",,2.7547169,2.7809525,B
,,.99000001,"in 50 of 707 districts, the average number of children ever born among parous women was below 2.1",,1.9509804,2.1170213,B
,,.99000001,"in 50 of 707 districts, the average number of children ever born among parous women was below 2.1",,2.3284671,2.3805971,B
,,.99000001,"in 50 of 707 districts, the average number of children ever born among parous women was below 2.1",,2.5799999,2.5799999,B
,,.99000001,"in 50 of 707 districts, the average number of children ever born among parous women was below 2.1",,2.1929824,2.2321429,B
,,.99000001,"in 50 of 707 districts, the average number of children ever born among parous women was below 2.1",,2.2988505,2.4691358,B
,,.99000001,"in 50 of 707 districts, the average number of children ever born among parous women was below 2.1",,2.1960785,2.3829787,B
,,.99000001,"in 50 of 707 districts, the average number of children ever born among parous women was below 2.1",,2.2321429,2.3584905,B
,,.99000001,"in 50 of 707 districts, the average number of children ever born among parous women was below 2.1",,2.1217391,2.159292,B
,,.99000001,"in 50 of 707 districts, the average number of children ever born among parous women was below 2.1",,2.3565218,2.3565218,B
,,.99000001,"in 50 of 707 districts, the average number of children ever born among parous women was below 2.1",,2.3275862,2.3893805,B
,,.99000001,"in 50 of 707 districts, the average number of children ever born among parous women was below 2.1",,2.3421052,2.3839285,B
,,.99000001,"in 50 of 707 districts, the average number of children ever born among parous women was below 2.1",,2.7698412,2.8145161,B
,,.99000001,"in 50 of 707 districts, the average number of children ever born among parous women was below 2.1",,2.1123595,2.1123595,B
,,.99000001,"in 50 of 707 districts, the average number of children ever born among parous women was below 2.1",,2.3207548,2.4848485,B
,,.99000001,"in 50 of 707 districts, the average number of children ever born among parous women was below 2.1",,2.3050847,2.4504504,B
,,.99000001,"in 50 of 707 districts, the average number of children ever born among parous women was below 2.1",,2.3644068,2.4690266,B
,,.99000001,"in 50 of 707 districts, the average number of children ever born among parous women was below 2.1",,2.0751879,2.1904762,B
,,.99000001,"in 50 of 707 districts, the average number of children ever born among parous women was below 2.1",,2.0666666,2.1796875,B
,,.99000001,"in 50 of 707 districts, the average number of children ever born among parous women was below 2.1",,2.2627118,2.3628318,B
,,.99000001,"in 50 of 707 districts, the average number of children ever born among parous women was below 2.1",,2.4824562,2.5267856,B
,,.99000001,"in 50 of 707 districts, the average number of children ever born among parous women was below 2.1",,2.3142858,2.3649635,B
,,.99000001,"in 50 of 707 districts, the average number of children ever born among parous women was below 2.1",,2.4400001,2.4796748,B
,,.99000001,"in 50 of 707 districts, the average number of children ever born among parous women was below 2.1",,2.3909092,2.4579439,B
,,.99000001,"in 50 of 707 districts, the average number of children ever born among parous women was below 2.1",,2.2884614,2.3333333,B
,,.99000001,"in 50 of 707 districts, the average number of children ever born among parous women was below 2.1",,2.4857142,2.4857142,B
,,.99000001,"in 50 of 707 districts, the average number of children ever born among parous women was below 2.1",,2.3363636,2.4245284,B
,,.99000001,"in 50 of 707 districts, the average number of children ever born among parous women was below 2.1",,2.3939395,2.4496124,B
,,.99000001,"in 50 of 707 districts, the average number of children ever born among parous women was below 2.1",,2.7087379,2.7623763,B
,,.99000001,"in 50 of 707 districts, the average number of children ever born among parous women was below 2.1",,2.2089553,2.2769232,B
,,.99000001,"in 50 of 707 districts, the average number of children ever born among parous women was below 2.1",,2.0679612,2.1958764,B
,,.99000001,"in 50 of 707 districts, the average number of children ever born among parous women was below 2.1",,2.3228347,2.3790324,B
,,.99000001,"in 50 of 707 districts, the average number of children ever born among parous women was below 2.1",,2.319149,2.3357143,B
,,.99000001,"in 50 of 707 districts, the average number of children ever born among parous women was below 2.1",,2.3658535,2.4556961,B
,,.99000001,"in 50 of 707 districts, the average number of children ever born among parous women was below 2.1",,2.8636363,2.9439251,B
,,.99000001,"in 50 of 707 districts, the average number of children ever born among parous women was below 2.1",,2.7352941,2.7352941,B
,,.99000001,"in 50 of 707 districts, the average number of children ever born among parous women was below 2.1",,2.7304349,2.880734,B
,,.99000001,"in 50 of 707 districts, the average number of children ever born among parous women was below 2.1",,2.8333333,2.8936169,B
,,.99000001,"in 50 of 707 districts, the average number of children ever born among parous women was below 2.1",,2.7943926,2.7943926,B
,,.99000001,"in 50 of 707 districts, the average number of children ever born among parous women was below 2.1",,2.5544555,2.6060605,B
,,.99000001,"in 50 of 707 districts, the average number of children ever born among parous women was below 2.1",,2.5999999,2.622807,B
,,.99000001,"in 50 of 707 districts, the average number of children ever born among parous women was below 2.1",,2.6396396,2.7904761,B
,,.99000001,"in 50 of 707 districts, the average number of children ever born among parous women was below 2.1",,2.5673077,2.5673077,B
,,.99000001,"in 50 of 707 districts, the average number of children ever born among parous women was below 2.1",,3.1463416,3.1463416,B
,,.99000001,"in 50 of 707 districts, the average number of children ever born among parous women was below 2.1",,2.7264152,2.7788463,B
,,.99000001,"in 50 of 707 districts, the average number of children ever born among parous women was below 2.1",,3.2086957,3.2946429,B
,,.99000001,"in 50 of 707 districts, the average number of children ever born among parous women was below 2.1",,3.409091,3.4883721,B
,,.99000001,"in 50 of 707 districts, the average number of children ever born among parous women was below 2.1",,2.4069767,2.4352942,B
,,.99000001,"in 50 of 707 districts, the average number of children ever born among parous women was below 2.1",,2.2252252,2.352381,B
,,.99000001,"in 50 of 707 districts, the average number of children ever born among parous women was below 2.1",,2.3666666,2.4067798,B
,,.99000001,"in 50 of 707 districts, the average number of children ever born among parous women was below 2.1",,2.4042554,2.4301076,B
,,.99000001,"in 50 of 707 districts, the average number of children ever born among parous women was below 2.1",,2.7788463,2.8333333,B
,,.99000001,"in 50 of 707 districts, the average number of children ever born among parous women was below 2.1",,2.6899226,2.7322834,B
,,.99000001,"in 50 of 707 districts, the average number of children ever born among parous women was below 2.1",,2.6043956,2.6333334,B
,,.99000001,"in 50 of 707 districts, the average number of children ever born among parous women was below 2.1",,2.6752136,2.7217391,B
,,.99000001,"in 50 of 707 districts, the average number of children ever born among parous women was below 2.1",,2.8545454,2.880734,B
,,.99000001,"in 50 of 707 districts, the average number of children ever born among parous women was below 2.1",,2.5894737,2.7032967,B
,,.99000001,"in 50 of 707 districts, the average number of children ever born among parous women was below 2.1",,2.594203,2.6716418,B
,,.99000001,"in 50 of 707 districts, the average number of children ever born among parous women was below 2.1",,2.8928571,2.8928571,B
,,.99000001,"in 50 of 707 districts, the average number of children ever born among parous women was below 2.1",,2.7129629,2.7383177,B
,,.99000001,"in 50 of 707 districts, the average number of children ever born among parous women was below 2.1",,2.5982144,2.6216216,B
,,.99000001,"in 50 of 707 districts, the average number of children ever born among parous women was below 2.1",,2.7,2.7247705,B
,,.99000001,"in 50 of 707 districts, the average number of children ever born among parous women was below 2.1",,2.4710743,2.4710743,B
,,.99000001,"in 50 of 707 districts, the average number of children ever born among parous women was below 2.1",,2.5204082,2.5999999,B
,,.99000001,"in 50 of 707 districts, the average number of children ever born among parous women was below 2.1",,4.284091,4.4352942,B
,,.99000001,"in 50 of 707 districts, the average number of children ever born among parous women was below 2.1",,2.7052631,2.7340426,B
,,.99000001,"in 50 of 707 districts, the average number of children ever born among parous women was below 2.1",,3.3425925,3.3738317,B
,,.99000001,"in 50 of 707 districts, the average number of children ever born among parous women was below 2.1",,2.5255475,2.562963,B
,,.99000001,"in 50 of 707 districts, the average number of children ever born among parous women was below 2.1",,2.8387096,2.9579833,B
,,.99000001,"in 50 of 707 districts, the average number of children ever born among parous women was below 2.1",,3.1785715,3.2720587,B
,,.99000001,"in 50 of 707 districts, the average number of children ever born among parous women was below 2.1",,3.1751826,3.1985295,B
,,.99000001,"in 50 of 707 districts, the average number of children ever born among parous women was below 2.1",,2.8333333,2.8333333,B
,,.99000001,"in 50 of 707 districts, the average number of children ever born among parous women was below 2.1",,3.1869159,3.2476192,B
,,.99000001,"in 50 of 707 districts, the average number of children ever born among parous women was below 2.1",,3.6600001,3.6969697,B
,,.99000001,"in 50 of 707 districts, the average number of children ever born among parous women was below 2.1",,4,4.0952382,B
,,.99000001,"in 50 of 707 districts, the average number of children ever born among parous women was below 2.1",,3.6666667,3.6666667,B
,,.99000001,"in 50 of 707 districts, the average number of children ever born among parous women was below 2.1",,3.4047618,3.4047618,B
,,.99000001,"in 50 of 707 districts, the average number of children ever born among parous women was below 2.1",,3.326087,3.375,B
,,.99000001,"in 50 of 707 districts, the average number of children ever born among parous women was below 2.1",,2.7769785,2.8382354,B
,,.99000001,"in 50 of 707 districts, the average number of children ever born among parous women was below 2.1",,2.9487178,2.974138,B
,,.99000001,"in 50 of 707 districts, the average number of children ever born among parous women was below 2.1",,3.0884955,3.1160715,B
,,.99000001,"in 50 of 707 districts, the average number of children ever born among parous women was below 2.1",,3.1679389,3.1923077,B
,,.99000001,"in 50 of 707 districts, the average number of children ever born among parous women was below 2.1",,3.3719008,3.4000001,B
,,.99000001,"in 50 of 707 districts, the average number of children ever born among parous women was below 2.1",,3.28,3.28,B
,,.99000001,"in 50 of 707 districts, the average number of children ever born among parous women was below 2.1",,3.28125,3.3157895,B
,,.99000001,"in 50 of 707 districts, the average number of children ever born among parous women was below 2.1",,3.5641026,3.5641026,B
,,.99000001,"in 50 of 707 districts, the average number of children ever born among parous women was below 2.1",,3.0377359,3.1262136,B
,,.99000001,"in 50 of 707 districts, the average number of children ever born among parous women was below 2.1",,2.8804348,3.0113637,B
,,.99000001,"in 50 of 707 districts, the average number of children ever born among parous women was below 2.1",,2.9051723,2.982301,B
,,.99000001,"in 50 of 707 districts, the average number of children ever born among parous women was below 2.1",,3.0612245,3.0927835,B
,,.99000001,"in 50 of 707 districts, the average number of children ever born among parous women was below 2.1",,3.0930233,3.1417322,B
,,.99000001,"in 50 of 707 districts, the average number of children ever born among parous women was below 2.1",,2.9456522,2.9456522,B
,,.99000001,"in 50 of 707 districts, the average number of children ever born among parous women was below 2.1",,2.8707483,2.9929078,B
,,.99000001,"in 50 of 707 districts, the average number of children ever born among parous women was below 2.1",,3.1818182,3.2407408,B
,,.99000001,"in 50 of 707 districts, the average number of children ever born among parous women was below 2.1",,2.6694915,2.7631578,B
,,.99000001,"in 50 of 707 districts, the average number of children ever born among parous women was below 2.1",,2.4789915,2.6106195,B
,,.99000001,"in 50 of 707 districts, the average number of children ever born among parous women was below 2.1",,2.78,2.8659794,B
,,.99000001,"in 50 of 707 districts, the average number of children ever born among parous women was below 2.1",,2.6893203,2.77,B
,,.99000001,"in 50 of 707 districts, the average number of children ever born among parous women was below 2.1",,2.8625953,2.9527559,B
,,.99000001,"in 50 of 707 districts, the average number of children ever born among parous women was below 2.1",,3.2764227,3.3583333,B
,,.99000001,"in 50 of 707 districts, the average number of children ever born among parous women was below 2.1",,3.4636364,3.4636364,B
,,.99000001,"in 50 of 707 districts, the average number of children ever born among parous women was below 2.1",,3.512605,3.6347826,B
,,.99000001,"in 50 of 707 districts, the average number of children ever born among parous women was below 2.1",,4.1538463,4.3448277,B
,,.99000001,"in 50 of 707 districts, the average number of children ever born among parous women was below 2.1",,3.9256198,4.0598292,B
,,.99000001,"in 50 of 707 districts, the average number of children ever born among parous women was below 2.1",,3.2909091,3.4150944,B
,,.99000001,"in 50 of 707 districts, the average number of children ever born among parous women was below 2.1",,3.724138,3.724138,B
,,.99000001,"in 50 of 707 districts, the average number of children ever born among parous women was below 2.1",,3.4054055,3.4520547,B
,,.99000001,"in 50 of 707 districts, the average number of children ever born among parous women was below 2.1",,3.3457944,3.509804,B
,,.99000001,"in 50 of 707 districts, the average number of children ever born among parous women was below 2.1",,3.5604396,3.724138,B
,,.99000001,"in 50 of 707 districts, the average number of children ever born among parous women was below 2.1",,3.4174757,3.4509804,B
,,.99000001,"in 50 of 707 districts, the average number of children ever born among parous women was below 2.1",,3.6199999,3.6565657,B
,,.99000001,"in 50 of 707 districts, the average number of children ever born among parous women was below 2.1",,3.5,3.5421686,B
,,.99000001,"in 50 of 707 districts, the average number of children ever born among parous women was below 2.1",,3.7373738,3.8144331,B
,,.99000001,"in 50 of 707 districts, the average number of children ever born among parous women was below 2.1",,3.8504672,3.8867924,B
,,.99000001,"in 50 of 707 districts, the average number of children ever born among parous women was below 2.1",,4.0294118,4.151515,B
,,.99000001,"in 50 of 707 districts, the average number of children ever born among parous women was below 2.1",,3.4680851,3.6629214,B
,,.99000001,"in 50 of 707 districts, the average number of children ever born among parous women was below 2.1",,4.1551723,4.2654867,B
,,.99000001,"in 50 of 707 districts, the average number of children ever born among parous women was below 2.1",,3.9821429,3.9821429,B
,,.99000001,"in 50 of 707 districts, the average number of children ever born among parous women was below 2.1",,3.9636364,4.0370369,B
,,.99000001,"in 50 of 707 districts, the average number of children ever born among parous women was below 2.1",,4.1862745,4.27,B
,,.99000001,"in 50 of 707 districts, the average number of children ever born among parous women was below 2.1",,3.1954024,3.3493977,B
,,.99000001,"in 50 of 707 districts, the average number of children ever born among parous women was below 2.1",,2.8521738,2.9818182,B
,,.99000001,"in 50 of 707 districts, the average number of children ever born among parous women was below 2.1",,3.7608695,3.8021977,B
,,.99000001,"in 50 of 707 districts, the average number of children ever born among parous women was below 2.1",,4.1456308,4.2277226,B
,,.99000001,"in 50 of 707 districts, the average number of children ever born among parous women was below 2.1",,3.4722223,3.504673,B
,,.99000001,"in 50 of 707 districts, the average number of children ever born among parous women was below 2.1",,3.6315789,3.6964285,B
,,.99000001,"in 50 of 707 districts, the average number of children ever born among parous women was below 2.1",,3.2844036,3.4095237,B
,,.99000001,"in 50 of 707 districts, the average number of children ever born among parous women was below 2.1",,2.78125,2.902174,B
,,.99000001,"in 50 of 707 districts, the average number of children ever born among parous women was below 2.1",,3.195122,3.2479339,B
,,.99000001,"in 50 of 707 districts, the average number of children ever born among parous women was below 2.1",,2.7428572,2.8444445,B
,,.99000001,"in 50 of 707 districts, the average number of children ever born among parous women was below 2.1",,3.537415,3.6111112,B
,,.99000001,"in 50 of 707 districts, the average number of children ever born among parous women was below 2.1",,3.3661971,3.3661971,B
,,.99000001,"in 50 of 707 districts, the average number of children ever born among parous women was below 2.1",,3.6972477,3.7314816,B
,,.99000001,"in 50 of 707 districts, the average number of children ever born among parous women was below 2.1",,3.6111112,3.7603307,B
,,.99000001,"in 50 of 707 districts, the average number of children ever born among parous women was below 2.1",,3.5,3.6272728,B
,,.99000001,"in 50 of 707 districts, the average number of children ever born among parous women was below 2.1",,3.5172415,3.5172415,B
,,.99000001,"in 50 of 707 districts, the average number of children ever born among parous women was below 2.1",,3.4957266,3.6194689,B
,,.99000001,"in 50 of 707 districts, the average number of children ever born among parous women was below 2.1",,4.6972475,4.7407408,B
,,.99000001,"in 50 of 707 districts, the average number of children ever born among parous women was below 2.1",,3.974359,4.1150441,B
,,.99000001,"in 50 of 707 districts, the average number of children ever born among parous women was below 2.1",,3.6966293,3.7386363,B
,,.99000001,"in 50 of 707 districts, the average number of children ever born among parous women was below 2.1",,3.2150538,3.3595505,B
,,.99000001,"in 50 of 707 districts, the average number of children ever born among parous women was below 2.1",,3.6507936,3.7096775,B
,,.99000001,"in 50 of 707 districts, the average number of children ever born among parous women was below 2.1",,4,4.0677967,B
,,.99000001,"in 50 of 707 districts, the average number of children ever born among parous women was below 2.1",,3.6930692,3.7676768,B
,,.99000001,"in 50 of 707 districts, the average number of children ever born among parous women was below 2.1",,3.8172042,3.901099,B
,,.99000001,"in 50 of 707 districts, the average number of children ever born among parous women was below 2.1",,3.7857144,3.8645833,B
,,.99000001,"in 50 of 707 districts, the average number of children ever born among parous women was below 2.1",,3.9489796,3.9896908,B
,,.99000001,"in 50 of 707 districts, the average number of children ever born among parous women was below 2.1",,3.2524271,3.3168316,B
,,.99000001,"in 50 of 707 districts, the average number of children ever born among parous women was below 2.1",,3.3225806,3.3225806,B
,,.99000001,"in 50 of 707 districts, the average number of children ever born among parous women was below 2.1",,3.2844036,3.3148148,B
,,.99000001,"in 50 of 707 districts, the average number of children ever born among parous women was below 2.1",,3.3928571,3.4545455,B
,,.99000001,"in 50 of 707 districts, the average number of children ever born among parous women was below 2.1",,3.3445377,3.3445377,B
,,.99000001,"in 50 of 707 districts, the average number of children ever born among parous women was below 2.1",,2.9736843,2.9736843,B
,,.99000001,"in 50 of 707 districts, the average number of children ever born among parous women was below 2.1",,3.3103449,3.3684211,B
,,.99000001,"in 50 of 707 districts, the average number of children ever born among parous women was below 2.1",,3.5491803,3.6386554,B
,,.99000001,"in 50 of 707 districts, the average number of children ever born among parous women was below 2.1",,3.2148149,3.2878788,B
,,.99000001,"in 50 of 707 districts, the average number of children ever born among parous women was below 2.1",,3.1276596,3.1726618,B
,,.99000001,"in 50 of 707 districts, the average number of children ever born among parous women was below 2.1",,3.4307692,3.4573643,B
,,.99000001,"in 50 of 707 districts, the average number of children ever born among parous women was below 2.1",,3.2809918,3.4224138,B
,,.99000001,"in 50 of 707 districts, the average number of children ever born among parous women was below 2.1",,3.0992367,3.171875,B
,,.99000001,"in 50 of 707 districts, the average number of children ever born among parous women was below 2.1",,3.5037036,3.5833333,B
,,.99000001,"in 50 of 707 districts, the average number of children ever born among parous women was below 2.1",,3.2985075,3.3740458,B
,,.99000001,"in 50 of 707 districts, the average number of children ever born among parous women was below 2.1",,3.4308944,3.4308944,B
,,.99000001,"in 50 of 707 districts, the average number of children ever born among parous women was below 2.1",,4.1290321,4.173913,B
,,.99000001,"in 50 of 707 districts, the average number of children ever born among parous women was below 2.1",,4.2795701,4.47191,B
,,.99000001,"in 50 of 707 districts, the average number of children ever born among parous women was below 2.1",,3.9277108,4.1265821,B
,,.99000001,"in 50 of 707 districts, the average number of children ever born among parous women was below 2.1",,3.8390806,3.8837209,B
,,.99000001,"in 50 of 707 districts, the average number of children ever born among parous women was below 2.1",,3.7972972,3.7972972,B
,,.99000001,"in 50 of 707 districts, the average number of children ever born among parous women was below 2.1",,4.3333335,4.3333335,B
,,.99000001,"in 50 of 707 districts, the average number of children ever born among parous women was below 2.1",,4.0689654,4.1403508,B
,,.99000001,"in 50 of 707 districts, the average number of children ever born among parous women was below 2.1",,3.375,3.4137931,B
,,.99000001,"in 50 of 707 districts, the average number of children ever born among parous women was below 2.1",,4.2631578,4.3200002,B
,,.99000001,"in 50 of 707 districts, the average number of children ever born among parous women was below 2.1",,4.2592592,4.4230771,B
,,.99000001,"in 50 of 707 districts, the average number of children ever born among parous women was below 2.1",,3.9041095,4.130435,B
,,.99000001,"in 50 of 707 districts, the average number of children ever born among parous women was below 2.1",,4.0338984,4.0338984,B
,,.99000001,"in 50 of 707 districts, the average number of children ever born among parous women was below 2.1",,4.0862069,4.0862069,B
,,.99000001,"in 50 of 707 districts, the average number of children ever born among parous women was below 2.1",,4.0649352,4.0649352,B
,,.99000001,"in 50 of 707 districts, the average number of children ever born among parous women was below 2.1",,3.9620254,4.0649352,B
,,.99000001,"in 50 of 707 districts, the average number of children ever born among parous women was below 2.1",,3.675926,3.7452831,B
,,.99000001,"in 50 of 707 districts, the average number of children ever born among parous women was below 2.1",,3.76,3.8762887,B
,,.99000001,"in 50 of 707 districts, the average number of children ever born among parous women was below 2.1",,3.6881721,3.6881721,B
,,.99000001,"in 50 of 707 districts, the average number of children ever born among parous women was below 2.1",,3.75,3.8414633,B
,,.99000001,"in 50 of 707 districts, the average number of children ever born among parous women was below 2.1",,3.8876405,3.8876405,B
,,.99000001,"in 50 of 707 districts, the average number of children ever born among parous women was below 2.1",,3.8989899,3.9387755,B
,,.99000001,"in 50 of 707 districts, the average number of children ever born among parous women was below 2.1",,3.9222221,3.9222221,B
,,.99000001,"in 50 of 707 districts, the average number of children ever born among parous women was below 2.1",,4.1358023,4.2405062,B
,,.99000001,"in 50 of 707 districts, the average number of children ever born among parous women was below 2.1",,3.7530863,4,B
,,.99000001,"in 50 of 707 districts, the average number of children ever born among parous women was below 2.1",,3.6153846,3.6555555,B
,,.99000001,"in 50 of 707 districts, the average number of children ever born among parous women was below 2.1",,3.5769231,3.6710527,B
,,.99000001,"in 50 of 707 districts, the average number of children ever born among parous women was below 2.1",,3.8510637,3.9347825,B
,,.99000001,"in 50 of 707 districts, the average number of children ever born among parous women was below 2.1",,4.108911,4.108911,B
,,.99000001,"in 50 of 707 districts, the average number of children ever born among parous women was below 2.1",,3.9549549,3.9549549,B
,,.99000001,"in 50 of 707 districts, the average number of children ever born among parous women was below 2.1",,3,3.0370371,B
,,.99000001,"in 50 of 707 districts, the average number of children ever born among parous women was below 2.1",,3.7821782,3.8199999,B
,,.99000001,"in 50 of 707 districts, the average number of children ever born among parous women was below 2.1",,3.909091,3.9449542,B
,,.99000001,"in 50 of 707 districts, the average number of children ever born among parous women was below 2.1",,3.7520661,3.7520661,B
,,.99000001,"in 50 of 707 districts, the average number of children ever born among parous women was below 2.1",,3.8640776,3.9019608,B
,,.99000001,"in 50 of 707 districts, the average number of children ever born among parous women was below 2.1",,3.8737864,3.9117646,B
,,.99000001,"in 50 of 707 districts, the average number of children ever born among parous women was below 2.1",,3.9512196,4.0500002,B
,,.99000001,"in 50 of 707 districts, the average number of children ever born among parous women was below 2.1",,4,4,B
,,.99000001,"in 50 of 707 districts, the average number of children ever born among parous women was below 2.1",,3.7058823,3.75,B
,,.99000001,"in 50 of 707 districts, the average number of children ever born among parous women was below 2.1",,3.9381444,3.9381444,B
,,.99000001,"in 50 of 707 districts, the average number of children ever born among parous women was below 2.1",,3.8118813,3.8499999,B
,,.99000001,"in 50 of 707 districts, the average number of children ever born among parous women was below 2.1",,2.0470588,2.2894738,B
,,.99000001,"in 50 of 707 districts, the average number of children ever born among parous women was below 2.1",,1.8333334,2.0508475,B
,,.99000001,"in 50 of 707 districts, the average number of children ever born among parous women was below 2.1",,1.7,1.9367088,B
,,.99000001,"in 50 of 707 districts, the average number of children ever born among parous women was below 2.1",,1.8117647,2.0263157,B
,,.99000001,"in 50 of 707 districts, the average number of children ever born among parous women was below 2.1",,2.3464568,2.4628098,B
,,.99000001,"in 50 of 707 districts, the average number of children ever born among parous women was below 2.1",,2.1764705,2.3125,B
,,.99000001,"in 50 of 707 districts, the average number of children ever born among parous women was below 2.1",,3.4375,3.4684684,B
,,.99000001,"in 50 of 707 districts, the average number of children ever born among parous women was below 2.1",,2.637255,2.8020833,B
,,.99000001,"in 50 of 707 districts, the average number of children ever born among parous women was below 2.1",,3.3454545,3.3454545,B
,,.99000001,"in 50 of 707 districts, the average number of children ever born among parous women was below 2.1",,2.3859649,2.6930692,B
,,.99000001,"in 50 of 707 districts, the average number of children ever born among parous women was below 2.1",,2.8244274,2.9365079,B
,,.99000001,"in 50 of 707 districts, the average number of children ever born among parous women was below 2.1",,2.6343284,2.7364342,B
,,.99000001,"in 50 of 707 districts, the average number of children ever born among parous women was below 2.1",,2.3106797,2.7045455,B
,,.99000001,"in 50 of 707 districts, the average number of children ever born among parous women was below 2.1",,2.5970149,2.7619047,B
,,.99000001,"in 50 of 707 districts, the average number of children ever born among parous women was below 2.1",,2.6125,2.7866666,B
,,.99000001,"in 50 of 707 districts, the average number of children ever born among parous women was below 2.1",,2.8101265,3.2647059,B
,,.99000001,"in 50 of 707 districts, the average number of children ever born among parous women was below 2.1",,2.2705882,2.474359,B
,,.99000001,"in 50 of 707 districts, the average number of children ever born among parous women was below 2.1",,3.2235293,3.6533334,B
,,.99000001,"in 50 of 707 districts, the average number of children ever born among parous women was below 2.1",,2.5588236,3.1071429,B
,,.99000001,"in 50 of 707 districts, the average number of children ever born among parous women was below 2.1",,2.2314816,2.5913978,B
,,.99000001,"in 50 of 707 districts, the average number of children ever born among parous women was below 2.1",,2.7857144,3,B
,,.99000001,"in 50 of 707 districts, the average number of children ever born among parous women was below 2.1",,3.6304348,3.9761906,B
,,.99000001,"in 50 of 707 districts, the average number of children ever born among parous women was below 2.1",,3.4675324,3.7083333,B
,,.99000001,"in 50 of 707 districts, the average number of children ever born among parous women was below 2.1",,3.1826923,3.4479167,B
,,.99000001,"in 50 of 707 districts, the average number of children ever born among parous women was below 2.1",,2.4366198,2.703125,B
,,.99000001,"in 50 of 707 districts, the average number of children ever born among parous women was below 2.1",,3.1923077,3.5698924,B
,,.99000001,"in 50 of 707 districts, the average number of children ever born among parous women was below 2.1",,3.2337663,3.557143,B
,,.99000001,"in 50 of 707 districts, the average number of children ever born among parous women was below 2.1",,3.0515463,3.2888889,B
,,.99000001,"in 50 of 707 districts, the average number of children ever born among parous women was below 2.1",,2.8118813,3.0869565,B
,,.99000001,"in 50 of 707 districts, the average number of children ever born among parous women was below 2.1",,2.1970804,2.4876032,B
,,.99000001,"in 50 of 707 districts, the average number of children ever born among parous women was below 2.1",,2.6967213,2.9375,B
,,.99000001,"in 50 of 707 districts, the average number of children ever born among parous women was below 2.1",,2.0629921,2.2782609,B
,,.99000001,"in 50 of 707 districts, the average number of children ever born among parous women was below 2.1",,1.9669422,2.2884614,B
,,.99000001,"in 50 of 707 districts, the average number of children ever born among parous women was below 2.1",,3.4931507,3.984375,B
,,.99000001,"in 50 of 707 districts, the average number of children ever born among parous women was below 2.1",,3.060241,3.2987013,B
,,.99000001,"in 50 of 707 districts, the average number of children ever born among parous women was below 2.1",,2.9456522,3.2261906,B
,,.99000001,"in 50 of 707 districts, the average number of children ever born among parous women was below 2.1",,2.628866,2.9310346,B
,,.99000001,"in 50 of 707 districts, the average number of children ever born among parous women was below 2.1",,2.3235295,2.7558138,B
,,.99000001,"in 50 of 707 districts, the average number of children ever born among parous women was below 2.1",,2.3942308,2.8953488,B
,,.99000001,"in 50 of 707 districts, the average number of children ever born among parous women was below 2.1",,2.408,2.7614679,B
,,.99000001,"in 50 of 707 districts, the average number of children ever born among parous women was below 2.1",,2.1881187,2.5999999,B
,,.99000001,"in 50 of 707 districts, the average number of children ever born among parous women was below 2.1",,2.9256198,3.0782609,B
,,.99000001,"in 50 of 707 districts, the average number of children ever born among parous women was below 2.1",,2.5555556,3,B
,,.99000001,"in 50 of 707 districts, the average number of children ever born among parous women was below 2.1",,2.3982301,2.5092592,B
,,.99000001,"in 50 of 707 districts, the average number of children ever born among parous women was below 2.1",,2.5433071,2.6260164,B
,,.99000001,"in 50 of 707 districts, the average number of children ever born among parous women was below 2.1",,4.1388888,4.3398056,B
,,.99000001,"in 50 of 707 districts, the average number of children ever born among parous women was below 2.1",,2.8425198,3.2818182,B
,,.99000001,"in 50 of 707 districts, the average number of children ever born among parous women was below 2.1",,2.481132,2.5288463,B
,,.99000001,"in 50 of 707 districts, the average number of children ever born among parous women was below 2.1",,2.7457628,2.8421052,B
,,.99000001,"in 50 of 707 districts, the average number of children ever born among parous women was below 2.1",,3.0428572,3.1791046,B
,,.99000001,"in 50 of 707 districts, the average number of children ever born among parous women was below 2.1",,2.8256881,2.9056604,B
,,.99000001,"in 50 of 707 districts, the average number of children ever born among parous women was below 2.1",,2.4315789,2.625,B
,,.99000001,"in 50 of 707 districts, the average number of children ever born among parous women was below 2.1",,2.5,2.5409837,B
,,.99000001,"in 50 of 707 districts, the average number of children ever born among parous women was below 2.1",,2.217742,2.3504274,B
,,.99000001,"in 50 of 707 districts, the average number of children ever born among parous women was below 2.1",,2.2244897,2.4772727,B
,,.99000001,"in 50 of 707 districts, the average number of children ever born among parous women was below 2.1",,2.3135593,2.3947368,B
,,.99000001,"in 50 of 707 districts, the average number of children ever born among parous women was below 2.1",,2.3801653,2.5043478,B
,,.99000001,"in 50 of 707 districts, the average number of children ever born among parous women was below 2.1",,2.9791667,3.1428571,B
,,.99000001,"in 50 of 707 districts, the average number of children ever born among parous women was below 2.1",,3.0091743,3.3469388,B
,,.99000001,"in 50 of 707 districts, the average number of children ever born among parous women was below 2.1",,3.0918367,3.2234042,B
,,.99000001,"in 50 of 707 districts, the average number of children ever born among parous women was below 2.1",,2.3168316,2.4631579,B
,,.99000001,"in 50 of 707 districts, the average number of children ever born among parous women was below 2.1",,2.3913043,2.5,B
,,.99000001,"in 50 of 707 districts, the average number of children ever born among parous women was below 2.1",,2.195122,2.3376622,B
,,.99000001,"in 50 of 707 districts, the average number of children ever born among parous women was below 2.1",,1.6875,1.9058824,B
,,.99000001,"in 50 of 707 districts, the average number of children ever born among parous women was below 2.1",,2.1809523,2.2673268,B
,,.99000001,"in 50 of 707 districts, the average number of children ever born among parous women was below 2.1",,2.141593,2.3269231,B
,,.99000001,"in 50 of 707 districts, the average number of children ever born among parous women was below 2.1",,2.5068493,2.7727273,B
,,.99000001,"in 50 of 707 districts, the average number of children ever born among parous women was below 2.1",,2.4333334,2.6071429,B
,,.99000001,"in 50 of 707 districts, the average number of children ever born among parous women was below 2.1",,2.0485437,2.2210526,B
,,.99000001,"in 50 of 707 districts, the average number of children ever born among parous women was below 2.1",,2.4205608,2.5643563,B
,,.99000001,"in 50 of 707 districts, the average number of children ever born among parous women was below 2.1",,2.3925233,2.4854369,B
,,.99000001,"in 50 of 707 districts, the average number of children ever born among parous women was below 2.1",,3.0958905,3.1388888,B
,,.99000001,"in 50 of 707 districts, the average number of children ever born among parous women was below 2.1",,2.231405,2.25,B
,,.99000001,"in 50 of 707 districts, the average number of children ever born among parous women was below 2.1",,2.8297873,2.8913043,B
,,.99000001,"in 50 of 707 districts, the average number of children ever born among parous women was below 2.1",,2.6464646,2.7578948,B
,,.99000001,"in 50 of 707 districts, the average number of children ever born among parous women was below 2.1",,2.3563218,2.4404762,B
,,.99000001,"in 50 of 707 districts, the average number of children ever born among parous women was below 2.1",,2.0701754,2.1454546,B
,,.99000001,"in 50 of 707 districts, the average number of children ever born among parous women was below 2.1",,1.9904761,2.1111112,B
,,.99000001,"in 50 of 707 districts, the average number of children ever born among parous women was below 2.1",,1.726415,1.967742,B
,,.99000001,"in 50 of 707 districts, the average number of children ever born among parous women was below 2.1",,2.4017093,2.4224138,B
,,.99000001,"in 50 of 707 districts, the average number of children ever born among parous women was below 2.1",,2.7096775,2.8,B
,,.99000001,"in 50 of 707 districts, the average number of children ever born among parous women was below 2.1",,1.9074074,2,B
,,.99000001,"in 50 of 707 districts, the average number of children ever born among parous women was below 2.1",,1.7444445,1.8690476,B
,,.99000001,"in 50 of 707 districts, the average number of children ever born among parous women was below 2.1",,2.3299999,2.5053763,B
,,.99000001,"in 50 of 707 districts, the average number of children ever born among parous women was below 2.1",,2.2429907,2.3300972,B
,,.99000001,"in 50 of 707 districts, the average number of children ever born among parous women was below 2.1",,2,2.0612245,B
,,.99000001,"in 50 of 707 districts, the average number of children ever born among parous women was below 2.1",,3.6320755,3.737864,B
,,.99000001,"in 50 of 707 districts, the average number of children ever born among parous women was below 2.1",,3.7734375,3.8031497,B
,,.99000001,"in 50 of 707 districts, the average number of children ever born among parous women was below 2.1",,3.4461539,3.4461539,B
,,.99000001,"in 50 of 707 districts, the average number of children ever born among parous women was below 2.1",,3.4051723,3.4051723,B
,,.99000001,"in 50 of 707 districts, the average number of children ever born among parous women was below 2.1",,3.3207548,3.3207548,B
,,.99000001,"in 50 of 707 districts, the average number of children ever born among parous women was below 2.1",,3.4536083,3.5638299,B
,,.99000001,"in 50 of 707 districts, the average number of children ever born among parous women was below 2.1",,3.7037036,3.8961039,B
,,.99000001,"in 50 of 707 districts, the average number of children ever born among parous women was below 2.1",,3.4757283,3.6530612,B
,,.99000001,"in 50 of 707 districts, the average number of children ever born among parous women was below 2.1",,2.9516129,3.05,B
,,.99000001,"in 50 of 707 districts, the average number of children ever born among parous women was below 2.1",,2.7181818,2.7943926,B
,,.99000001,"in 50 of 707 districts, the average number of children ever born among parous women was below 2.1",,3.2980769,3.5,B
,,.99000001,"in 50 of 707 districts, the average number of children ever born among parous women was below 2.1",,2.5233645,2.5714285,B
,,.99000001,"in 50 of 707 districts, the average number of children ever born among parous women was below 2.1",,3.609756,3.7,B
,,.99000001,"in 50 of 707 districts, the average number of children ever born among parous women was below 2.1",,3.7735848,3.7735848,B
,,.99000001,"in 50 of 707 districts, the average number of children ever born among parous women was below 2.1",,3.25,3.3255813,B
,,.99000001,"in 50 of 707 districts, the average number of children ever born among parous women was below 2.1",,3.55,3.5949366,B
,,.99000001,"in 50 of 707 districts, the average number of children ever born among parous women was below 2.1",,2.9411764,2.9702971,B
,,.99000001,"in 50 of 707 districts, the average number of children ever born among parous women was below 2.1",,2.6634614,2.77,B
,,.99000001,"in 50 of 707 districts, the average number of children ever born among parous women was below 2.1",,2.7130435,3.0291262,B
,,.99000001,"in 50 of 707 districts, the average number of children ever born among parous women was below 2.1",,2.8518519,3.049505,B
,,.99000001,"in 50 of 707 districts, the average number of children ever born among parous women was below 2.1",,3.1964285,3.2545455,B
,,.99000001,"in 50 of 707 districts, the average number of children ever born among parous women was below 2.1",,3.0152671,3.1102362,B
,,.99000001,"in 50 of 707 districts, the average number of children ever born among parous women was below 2.1",,3.2886598,3.7093024,B
,,.99000001,"in 50 of 707 districts, the average number of children ever born among parous women was below 2.1",,2.4903846,2.7553191,B
,,.99000001,"in 50 of 707 districts, the average number of children ever born among parous women was below 2.1",,2.1730769,2.4565217,B
,,.99000001,"in 50 of 707 districts, the average number of children ever born among parous women was below 2.1",,2.1649485,2.2826087,B
,,.99000001,"in 50 of 707 districts, the average number of children ever born among parous women was below 2.1",,1.9705882,2.3372092,B
,,.99000001,"in 50 of 707 districts, the average number of children ever born among parous women was below 2.1",,2.3867924,2.6082475,B
,,.99000001,"in 50 of 707 districts, the average number of children ever born among parous women was below 2.1",,2.3505154,2.590909,B
,,.99000001,"in 50 of 707 districts, the average number of children ever born among parous women was below 2.1",,2.8139534,2.9876542,B
,,.99000001,"in 50 of 707 districts, the average number of children ever born among parous women was below 2.1",,2.5,2.75,B
,,.99000001,"in 50 of 707 districts, the average number of children ever born among parous women was below 2.1",,2.2830188,2.3269231,B
,,.99000001,"in 50 of 707 districts, the average number of children ever born among parous women was below 2.1",,2.6565657,2.7113402,B
,,.99000001,"in 50 of 707 districts, the average number of children ever born among parous women was below 2.1",,2.4019608,2.45,B
,,.99000001,"in 50 of 707 districts, the average number of children ever born among parous women was below 2.1",,2.0083334,2.0775862,B
,,.99000001,"in 50 of 707 districts, the average number of children ever born among parous women was below 2.1",,2,2.05,B
,,.99000001,"in 50 of 707 districts, the average number of children ever born among parous women was below 2.1",,2.4343433,2.5104167,B
,,.99000001,"in 50 of 707 districts, the average number of children ever born among parous women was below 2.1",,2.3653846,2.5102041,B
,,.99000001,"in 50 of 707 districts, the average number of children ever born among parous women was below 2.1",,2.3272727,2.4380953,B
,,.99000001,"in 50 of 707 districts, the average number of children ever born among parous women was below 2.1",,2.3217392,2.3839285,B
,,.99000001,"in 50 of 707 districts, the average number of children ever born among parous women was below 2.1",,2.0210526,2.1573033,B
,,.99000001,"in 50 of 707 districts, the average number of children ever born among parous women was below 2.1",,1.9818182,2.0761905,B
,,.99000001,"in 50 of 707 districts, the average number of children ever born among parous women was below 2.1",,2.3823528,2.6129031,B
,,.99000001,"in 50 of 707 districts, the average number of children ever born among parous women was below 2.1",,2.9175258,3.2528737,B
,,.99000001,"in 50 of 707 districts, the average number of children ever born among parous women was below 2.1",,2.8521738,3.1844661,B
,,.99000001,"in 50 of 707 districts, the average number of children ever born among parous women was below 2.1",,2.5,2.9012346,B
,,.99000001,"in 50 of 707 districts, the average number of children ever born among parous women was below 2.1",,2.534091,2.6547618,B
,,.99000001,"in 50 of 707 districts, the average number of children ever born among parous women was below 2.1",,2.5263157,2.7906976,B
,,.99000001,"in 50 of 707 districts, the average number of children ever born among parous women was below 2.1",,2.7717392,2.9651163,B
,,.99000001,"in 50 of 707 districts, the average number of children ever born among parous women was below 2.1",,2.6274509,2.8210526,B
,,.99000001,"in 50 of 707 districts, the average number of children ever born among parous women was below 2.1",,3,3.2692308,B
,,.99000001,"in 50 of 707 districts, the average number of children ever born among parous women was below 2.1",,3.6206896,3.7058823,B
,,.99000001,"in 50 of 707 districts, the average number of children ever born among parous women was below 2.1",,3.1145833,3.517647,B
,,.99000001,"in 50 of 707 districts, the average number of children ever born among parous women was below 2.1",,3.1809523,3.4081633,B
,,.99000001,"in 50 of 707 districts, the average number of children ever born among parous women was below 2.1",,2.9523809,3.0243902,B
,,.99000001,"in 50 of 707 districts, the average number of children ever born among parous women was below 2.1",,3.0108695,3.183908,B
,,.99000001,"in 50 of 707 districts, the average number of children ever born among parous women was below 2.1",,2.4862385,2.6057692,B
,,.99000001,"in 50 of 707 districts, the average number of children ever born among parous women was below 2.1",,2.8095238,2.8921568,B
,,.99000001,"in 50 of 707 districts, the average number of children ever born among parous women was below 2.1",,2.9277108,3.0374999,B
,,.99000001,"in 50 of 707 districts, the average number of children ever born among parous women was below 2.1",,3.1454546,3.233645,B
,,.99000001,"in 50 of 707 districts, the average number of children ever born among parous women was below 2.1",,2.6410255,2.8348625,B
,,.99000001,"in 50 of 707 districts, the average number of children ever born among parous women was below 2.1",,2.4173913,2.5045044,B
,,.99000001,"in 50 of 707 districts, the average number of children ever born among parous women was below 2.1",,2.4955752,2.5871561,B
,,.99000001,"in 50 of 707 districts, the average number of children ever born among parous women was below 2.1",,2.4867256,2.6761904,B
,,.99000001,"in 50 of 707 districts, the average number of children ever born among parous women was below 2.1",,3.0084033,3.1403508,B
,,.99000001,"in 50 of 707 districts, the average number of children ever born among parous women was below 2.1",,3.2209303,3.5063291,B
,,.99000001,"in 50 of 707 districts, the average number of children ever born among parous women was below 2.1",,3.3084111,3.3714285,B
,,.99000001,"in 50 of 707 districts, the average number of children ever born among parous women was below 2.1",,3.6896551,3.7543859,B
,,.99000001,"in 50 of 707 districts, the average number of children ever born among parous women was below 2.1",,3.2929294,3.3608248,B
,,.99000001,"in 50 of 707 districts, the average number of children ever born among parous women was below 2.1",,3,3.0967741,B
,,.99000001,"in 50 of 707 districts, the average number of children ever born among parous women was below 2.1",,2.9897959,3.0206184,B
,,.99000001,"in 50 of 707 districts, the average number of children ever born among parous women was below 2.1",,3.471698,3.471698,B
,,.99000001,"in 50 of 707 districts, the average number of children ever born among parous women was below 2.1",,2.7352941,2.7761195,B
,,.99000001,"in 50 of 707 districts, the average number of children ever born among parous women was below 2.1",,3.2298851,3.3058825,B
,,.99000001,"in 50 of 707 districts, the average number of children ever born among parous women was below 2.1",,3.4583333,3.6086957,B
,,.99000001,"in 50 of 707 districts, the average number of children ever born among parous women was below 2.1",,3.1826923,3.2772276,B
,,.99000001,"in 50 of 707 districts, the average number of children ever born among parous women was below 2.1",,3.4000001,3.5416667,B
,,.99000001,"in 50 of 707 districts, the average number of children ever born among parous women was below 2.1",,3.3050847,3.3050847,B
,,.99000001,"in 50 of 707 districts, the average number of children ever born among parous women was below 2.1",,3.6451614,3.6451614,B
,,.99000001,"in 50 of 707 districts, the average number of children ever born among parous women was below 2.1",,3.1754386,3.321101,B
,,.99000001,"in 50 of 707 districts, the average number of children ever born among parous women was below 2.1",,2.5833333,2.6571429,B
,,.99000001,"in 50 of 707 districts, the average number of children ever born among parous women was below 2.1",,2.4954128,2.6153846,B
,,.99000001,"in 50 of 707 districts, the average number of children ever born among parous women was below 2.1",,2.905983,2.905983,B
,,.99000001,"in 50 of 707 districts, the average number of children ever born among parous women was below 2.1",,2.7909091,2.9238095,B
,,.99000001,"in 50 of 707 districts, the average number of children ever born among parous women was below 2.1",,2.7,2.7272727,B
,,.99000001,"in 50 of 707 districts, the average number of children ever born among parous women was below 2.1",,2.7948718,2.8684211,B
,,.99000001,"in 50 of 707 districts, the average number of children ever born among parous women was below 2.1",,2.4214876,2.4830508,B
,,.99000001,"in 50 of 707 districts, the average number of children ever born among parous women was below 2.1",,2.8449612,2.8897638,B
,,.99000001,"in 50 of 707 districts, the average number of children ever born among parous women was below 2.1",,3.296,3.4049587,B
,,.99000001,"in 50 of 707 districts, the average number of children ever born among parous women was below 2.1",,2.835294,2.8690476,B
,,.99000001,"in 50 of 707 districts, the average number of children ever born among parous women was below 2.1",,3.4835165,3.6436782,B
,,.99000001,"in 50 of 707 districts, the average number of children ever born among parous women was below 2.1",,2.5294118,2.6060605,B
,,.99000001,"in 50 of 707 districts, the average number of children ever born among parous women was below 2.1",,3.2755103,3.34375,B
,,.99000001,"in 50 of 707 districts, the average number of children ever born among parous women was below 2.1",,3.6862745,3.6862745,B
,,.99000001,"in 50 of 707 districts, the average number of children ever born among parous women was below 2.1",,2.7227724,2.7777777,B
,,.99000001,"in 50 of 707 districts, the average number of children ever born among parous women was below 2.1",,3.1727273,3.1727273,B
,,.99000001,"in 50 of 707 districts, the average number of children ever born among parous women was below 2.1",,2.9111111,3.0114942,B
,,.99000001,"in 50 of 707 districts, the average number of children ever born among parous women was below 2.1",,3.0144928,3.1044776,B
,,.99000001,"in 50 of 707 districts, the average number of children ever born among parous women was below 2.1",,2.5217392,2.7619047,B
,,.99000001,"in 50 of 707 districts, the average number of children ever born among parous women was below 2.1",,2.7982457,2.8738739,B
,,.99000001,"in 50 of 707 districts, the average number of children ever born among parous women was below 2.1",,3.4347825,3.5505619,B
,,.99000001,"in 50 of 707 districts, the average number of children ever born among parous women was below 2.1",,2.7596898,2.894309,B
,,.99000001,"in 50 of 707 districts, the average number of children ever born among parous women was below 2.1",,2.4949496,2.6847825,B
,,.99000001,"in 50 of 707 districts, the average number of children ever born among parous women was below 2.1",,2.6774194,2.7977529,B
,,.99000001,"in 50 of 707 districts, the average number of children ever born among parous women was below 2.1",,2.4479167,2.5824175,B
,,.99000001,"in 50 of 707 districts, the average number of children ever born among parous women was below 2.1",,3.6333334,3.715909,B
,,.99000001,"in 50 of 707 districts, the average number of children ever born among parous women was below 2.1",,3.2688172,3.2688172,B
,,.99000001,"in 50 of 707 districts, the average number of children ever born among parous women was below 2.1",,3.0609756,3.2179487,B
,,.99000001,"in 50 of 707 districts, the average number of children ever born among parous women was below 2.1",,2.7575758,2.8736842,B
,,.99000001,"in 50 of 707 districts, the average number of children ever born among parous women was below 2.1",,3.6218488,3.6837606,B
,,.99000001,"in 50 of 707 districts, the average number of children ever born among parous women was below 2.1",,3.5211267,3.6231885,B
,,.99000001,"in 50 of 707 districts, the average number of children ever born among parous women was below 2.1",,3.8727272,3.9444444,B
,,.99000001,"in 50 of 707 districts, the average number of children ever born among parous women was below 2.1",,3.8557692,3.893204,B
,,.99000001,"in 50 of 707 districts, the average number of children ever born among parous women was below 2.1",,3.0701754,3.1818182,B
,,.99000001,"in 50 of 707 districts, the average number of children ever born among parous women was below 2.1",,2.9816513,3.0660377,B
,,.99000001,"in 50 of 707 districts, the average number of children ever born among parous women was below 2.1",,2.8090909,3.121212,B
,,.99000001,"in 50 of 707 districts, the average number of children ever born among parous women was below 2.1",,3.295238,3.3921568,B
,,.99000001,"in 50 of 707 districts, the average number of children ever born among parous women was below 2.1",,2.8,2.8865979,B
,,.99000001,"in 50 of 707 districts, the average number of children ever born among parous women was below 2.1",,2.7474747,2.7755103,B
,,.99000001,"in 50 of 707 districts, the average number of children ever born among parous women was below 2.1",,2.4000001,2.5,B
,,.99000001,"in 50 of 707 districts, the average number of children ever born among parous women was below 2.1",,2.2222223,2.4742267,B
,,.99000001,"in 50 of 707 districts, the average number of children ever born among parous women was below 2.1",,2.6391752,2.694737,B
,,.99000001,"in 50 of 707 districts, the average number of children ever born among parous women was below 2.1",,2.4938271,2.5897436,B
,,.99000001,"in 50 of 707 districts, the average number of children ever born among parous women was below 2.1",,3.6201551,3.6484375,B
,,.99000001,"in 50 of 707 districts, the average number of children ever born among parous women was below 2.1",,2.6465516,2.7410715,B
,,.99000001,"in 50 of 707 districts, the average number of children ever born among parous women was below 2.1",,2.5816326,2.7802198,B
,,.99000001,"in 50 of 707 districts, the average number of children ever born among parous women was below 2.1",,2.9729729,3.1428571,B
,,.99000001,"in 50 of 707 districts, the average number of children ever born among parous women was below 2.1",,2,2.2105262,B
,,.99000001,"in 50 of 707 districts, the average number of children ever born among parous women was below 2.1",,2.136842,2.3333333,B
,,.99000001,"in 50 of 707 districts, the average number of children ever born among parous women was below 2.1",,2.3690476,2.5189874,B
,,.99000001,"in 50 of 707 districts, the average number of children ever born among parous women was below 2.1",,2.1683168,2.3804348,B
,,.99000001,"in 50 of 707 districts, the average number of children ever born among parous women was below 2.1",,2.6666667,2.8915663,B
,,.99000001,"in 50 of 707 districts, the average number of children ever born among parous women was below 2.1",,2.3764706,2.4337349,B
,,.99000001,"in 50 of 707 districts, the average number of children ever born among parous women was below 2.1",,2.4489796,2.5531914,B
,,.99000001,"in 50 of 707 districts, the average number of children ever born among parous women was below 2.1",,2.6517856,2.75,B
,,.99000001,"in 50 of 707 districts, the average number of children ever born among parous women was below 2.1",,2.7126436,2.7126436,B
,,.99000001,"in 50 of 707 districts, the average number of children ever born among parous women was below 2.1",,2.326087,2.4883721,B
,,.99000001,"in 50 of 707 districts, the average number of children ever born among parous women was below 2.1",,2.4537816,2.5172415,B
,,.99000001,"in 50 of 707 districts, the average number of children ever born among parous women was below 2.1",,2.4414415,2.4862385,B
,,.99000001,"in 50 of 707 districts, the average number of children ever born among parous women was below 2.1",,2.6601942,2.6601942,B
,,.99000001,"in 50 of 707 districts, the average number of children ever born among parous women was below 2.1",,2.1481481,2.2970297,B
,,.99000001,"in 50 of 707 districts, the average number of children ever born among parous women was below 2.1",,2.0370371,2.0952382,B
,,.99000001,"in 50 of 707 districts, the average number of children ever born among parous women was below 2.1",,2.0162601,2.1565218,B
,,.99000001,"in 50 of 707 districts, the average number of children ever born among parous women was below 2.1",,2.1981981,2.2803738,B
,,.99000001,"in 50 of 707 districts, the average number of children ever born among parous women was below 2.1",,2.1458333,2.2391305,B
,,.99000001,"in 50 of 707 districts, the average number of children ever born among parous women was below 2.1",,2.2307692,2.3068182,B
,,.99000001,"in 50 of 707 districts, the average number of children ever born among parous women was below 2.1",,2.1020408,2.2391305,B
,,.99000001,"in 50 of 707 districts, the average number of children ever born among parous women was below 2.1",,2.25,2.4000001,B
,,.99000001,"in 50 of 707 districts, the average number of children ever born among parous women was below 2.1",,2.5851064,2.7303371,B
,,.99000001,"in 50 of 707 districts, the average number of children ever born among parous women was below 2.1",,2.5974026,2.7027028,B
,,.99000001,"in 50 of 707 districts, the average number of children ever born among parous women was below 2.1",,2.9642856,3.074074,B
,,.99000001,"in 50 of 707 districts, the average number of children ever born among parous women was below 2.1",,2.7415731,2.8045976,B
,,.99000001,"in 50 of 707 districts, the average number of children ever born among parous women was below 2.1",,2.5232558,2.6463416,B
,,.99000001,"in 50 of 707 districts, the average number of children ever born among parous women was below 2.1",,2.5999999,2.7130435,B
,,.99000001,"in 50 of 707 districts, the average number of children ever born among parous women was below 2.1",,1.9411764,2.0625,B
,,.99000001,"in 50 of 707 districts, the average number of children ever born among parous women was below 2.1",,1.8181819,1.9444444,B
,,.99000001,"in 50 of 707 districts, the average number of children ever born among parous women was below 2.1",,2.3660715,2.5,B
,,.99000001,"in 50 of 707 districts, the average number of children ever born among parous women was below 2.1",,2.0666666,2.1274509,B
,,.99000001,"in 50 of 707 districts, the average number of children ever born among parous women was below 2.1",,2.2846153,2.3759999,B
,,.99000001,"in 50 of 707 districts, the average number of children ever born among parous women was below 2.1",,2.609756,2.675,B
,,.99000001,"in 50 of 707 districts, the average number of children ever born among parous women was below 2.1",,2.8988764,2.8988764,B
,,.99000001,"in 50 of 707 districts, the average number of children ever born among parous women was below 2.1",,2.5882354,2.6190476,B
,,.99000001,"in 50 of 707 districts, the average number of children ever born among parous women was below 2.1",,2.8199999,2.8484848,B
,,.99000001,"in 50 of 707 districts, the average number of children ever born among parous women was below 2.1",,2.4000001,2.4210527,B
,,.99000001,"in 50 of 707 districts, the average number of children ever born among parous women was below 2.1",,2.1441441,2.3333333,B
,,.99000001,"in 50 of 707 districts, the average number of children ever born among parous women was below 2.1",,1.7472527,2.0921052,B
,,.99000001,"in 50 of 707 districts, the average number of children ever born among parous women was below 2.1",,2.1304348,2.1491227,B
,,.99000001,"in 50 of 707 districts, the average number of children ever born among parous women was below 2.1",,1.9196428,2.0873787,B
,,.99000001,"in 50 of 707 districts, the average number of children ever born among parous women was below 2.1",,2.060606,2.1473684,B
,,.99000001,"in 50 of 707 districts, the average number of children ever born among parous women was below 2.1",,2.1764705,2.2289157,B
,,.99000001,"in 50 of 707 districts, the average number of children ever born among parous women was below 2.1",,1.9633027,2.0776699,B
,,.99000001,"in 50 of 707 districts, the average number of children ever born among parous women was below 2.1",,2.125,2.1494253,B
,,.99000001,"in 50 of 707 districts, the average number of children ever born among parous women was below 2.1",,2.1612904,2.2584269,B
,,.99000001,"in 50 of 707 districts, the average number of children ever born among parous women was below 2.1",,2.0476191,2.1500001,B
,,.99000001,"in 50 of 707 districts, the average number of children ever born among parous women was below 2.1",,2.0625,2.1758242,B
,,.99000001,"in 50 of 707 districts, the average number of children ever born among parous women was below 2.1",,2.2297297,2.3239436,B
,,.99000001,"in 50 of 707 districts, the average number of children ever born among parous women was below 2.1",,2.0892856,2.1467891,B
,,.99000001,"in 50 of 707 districts, the average number of children ever born among parous women was below 2.1",,2.2577319,2.3297873,B
,,.99000001,"in 50 of 707 districts, the average number of children ever born among parous women was below 2.1",,2.4042554,2.511111,B
,,.99000001,"in 50 of 707 districts, the average number of children ever born among parous women was below 2.1",,2.1130435,2.3142858,B
,,.99000001,"in 50 of 707 districts, the average number of children ever born among parous women was below 2.1",,2.1199999,2.2553191,B
,,.99000001,"in 50 of 707 districts, the average number of children ever born among parous women was below 2.1",,2.6153846,2.6930692,B
,,.99000001,"in 50 of 707 districts, the average number of children ever born among parous women was below 2.1",,2.7272727,2.8800001,B
,,.99000001,"in 50 of 707 districts, the average number of children ever born among parous women was below 2.1",,2.75,2.9791667,B
,,.99000001,"in 50 of 707 districts, the average number of children ever born among parous women was below 2.1",,2.909091,3.0476191,B
,,.99000001,"in 50 of 707 districts, the average number of children ever born among parous women was below 2.1",,2.6705883,2.9480519,B
,,.99000001,"in 50 of 707 districts, the average number of children ever born among parous women was below 2.1",,2.4112151,2.5544555,B
,,.99000001,"in 50 of 707 districts, the average number of children ever born among parous women was below 2.1",,2.59375,2.7213116,B
,,.99000001,"in 50 of 707 districts, the average number of children ever born among parous women was below 2.1",,2.1440678,2.4095237,B
,,.99000001,"in 50 of 707 districts, the average number of children ever born among parous women was below 2.1",,2.0642202,2.2959185,B
,,.99000001,"in 50 of 707 districts, the average number of children ever born among parous women was below 2.1",,2.3361344,2.5272727,B
,,.99000001,"in 50 of 707 districts, the average number of children ever born among parous women was below 2.1",,2.4298246,2.7979798,B
,,.99000001,"in 50 of 707 districts, the average number of children ever born among parous women was below 2.1",,2.1165049,2.3956044,B
,,.99000001,"in 50 of 707 districts, the average number of children ever born among parous women was below 2.1",,2.1397851,2.2873564,B
,,.99000001,"in 50 of 707 districts, the average number of children ever born among parous women was below 2.1",,2.0173912,2.1481481,B
,,.99000001,"in 50 of 707 districts, the average number of children ever born among parous women was below 2.1",,1.8071429,1.9022557,B
,,.99000001,"in 50 of 707 districts, the average number of children ever born among parous women was below 2.1",,1.9122807,2.0185184,B
,,.99000001,"in 50 of 707 districts, the average number of children ever born among parous women was below 2.1",,2.0089285,2.0833333,B
,,.99000001,"in 50 of 707 districts, the average number of children ever born among parous women was below 2.1",,1.7466667,1.8714286,B
,,.99000001,"in 50 of 707 districts, the average number of children ever born among parous women was below 2.1",,1.915493,2.0298507,B
,,.99000001,"in 50 of 707 districts, the average number of children ever born among parous women was below 2.1",,1.9752066,2.0782609,B
,,.99000001,"in 50 of 707 districts, the average number of children ever born among parous women was below 2.1",,2.0265486,2.2233009,B
,,.99000001,"in 50 of 707 districts, the average number of children ever born among parous women was below 2.1",,2.0761905,2.137255,B
,,.99000001,"in 50 of 707 districts, the average number of children ever born among parous women was below 2.1",,2.1485147,2.2842104,B
,,.99000001,"in 50 of 707 districts, the average number of children ever born among parous women was below 2.1",,2,2.1935484,B
,,.99000001,"in 50 of 707 districts, the average number of children ever born among parous women was below 2.1",,2.7610619,3,B
,,.99000001,"in 50 of 707 districts, the average number of children ever born among parous women was below 2.1",,3.1463416,3.3076923,B
,,.99000001,"in 50 of 707 districts, the average number of children ever born among parous women was below 2.1",,2.2391305,2.340909,B
,,.99000001,"in 50 of 707 districts, the average number of children ever born among parous women was below 2.1",,2.1666667,2.2750001,B
,,.99000001,"in 50 of 707 districts, the average number of children ever born among parous women was below 2.1",,2.0117648,2.0853658,B
,,.99000001,"in 50 of 707 districts, the average number of children ever born among parous women was below 2.1",,2.097826,2.2441862,B
,,.99000001,"in 50 of 707 districts, the average number of children ever born among parous women was below 2.1",,1.503937,1.8018868,B
,,.99000001,"in 50 of 707 districts, the average number of children ever born among parous women was below 2.1",,1.6557378,1.9803921,B
,,.99000001,"in 50 of 707 districts, the average number of children ever born among parous women was below 2.1",,2.0802469,2.3241379,B
,,.99000001,"in 50 of 707 districts, the average number of children ever born among parous women was below 2.1",,2.1714287,2.375,B
,,.99000001,"in 50 of 707 districts, the average number of children ever born among parous women was below 2.1",,2.0387597,2.1916666,B
,,.99000001,"in 50 of 707 districts, the average number of children ever born among parous women was below 2.1",,2.2735043,2.3963964,B
,,.99000001,"in 50 of 707 districts, the average number of children ever born among parous women was below 2.1",,2.3177569,2.3846154,B
,,.99000001,"in 50 of 707 districts, the average number of children ever born among parous women was below 2.1",,2.6956522,2.7555556,B
,,.99000001,"in 50 of 707 districts, the average number of children ever born among parous women was below 2.1",,2.106796,2.3333333,B
,,.99000001,"in 50 of 707 districts, the average number of children ever born among parous women was below 2.1",,1.9111111,2.0235295,B
,,.99000001,"in 50 of 707 districts, the average number of children ever born among parous women was below 2.1",,1.9285715,1.9894737,B
,,.99000001,"in 50 of 707 districts, the average number of children ever born among parous women was below 2.1",,2.139535,2.139535,B
,,.99000001,"in 50 of 707 districts, the average number of children ever born among parous women was below 2.1",,1.8857143,1.9603961,B
,,.99000001,"in 50 of 707 districts, the average number of children ever born among parous women was below 2.1",,1.8108108,1.8356165,B
,,.99000001,"in 50 of 707 districts, the average number of children ever born among parous women was below 2.1",,1.6896552,1.8148148,B
,,.99000001,"in 50 of 707 districts, the average number of children ever born among parous women was below 2.1",,1.8913044,1.9120879,B
,,.99000001,"in 50 of 707 districts, the average number of children ever born among parous women was below 2.1",,1.8,1.862069,B
,,.99000001,"in 50 of 707 districts, the average number of children ever born among parous women was below 2.1",,2.060606,2.1473684,B
,,.99000001,"in 50 of 707 districts, the average number of children ever born among parous women was below 2.1",,1.8051949,1.9305556,B
,,.99000001,"in 50 of 707 districts, the average number of children ever born among parous women was below 2.1",,2.0888889,2.1609194,B
,,.99000001,"in 50 of 707 districts, the average number of children ever born among parous women was below 2.1",,2.3838384,2.5106382,B
,,.99000001,"in 50 of 707 districts, the average number of children ever born among parous women was below 2.1",,2.3725491,2.4948454,B
,,.99000001,"in 50 of 707 districts, the average number of children ever born among parous women was below 2.1",,2.528302,2.6019418,B
,,.99000001,"in 50 of 707 districts, the average number of children ever born among parous women was below 2.1",,2.1935484,2.3181818,B
,,.99000001,"in 50 of 707 districts, the average number of children ever born among parous women was below 2.1",,1.9318181,2.0481927,B
,,.99000001,"in 50 of 707 districts, the average number of children ever born among parous women was below 2.1",,1.8020834,1.9222223,B
,,.99000001,"in 50 of 707 districts, the average number of children ever born among parous women was below 2.1",,2.140187,2.140187,B
,,.99000001,"in 50 of 707 districts, the average number of children ever born among parous women was below 2.1",,2.1025641,2.2568808,B
,,.99000001,"in 50 of 707 districts, the average number of children ever born among parous women was below 2.1",,1.9387755,2.0652175,B
,,.99000001,"in 50 of 707 districts, the average number of children ever born among parous women was below 2.1",,2.1224489,2.2127659,B
,,.99000001,"in 50 of 707 districts, the average number of children ever born among parous women was below 2.1",,2.3766234,2.3766234,B
,,.99000001,"in 50 of 707 districts, the average number of children ever born among parous women was below 2.1",,2.1923077,2.3424656,B
,,.99000001,"in 50 of 707 districts, the average number of children ever born among parous women was below 2.1",,2.121212,2.1428571,B
,,.99000001,"in 50 of 707 districts, the average number of children ever born among parous women was below 2.1",,2.0860214,2.2823529,B
,,.99000001,"in 50 of 707 districts, the average number of children ever born among parous women was below 2.1",,2.1862745,2.23,B
,,.99000001,"in 50 of 707 districts, the average number of children ever born among parous women was below 2.1",,2.09901,2.2083333,B
,,.99000001,"in 50 of 707 districts, the average number of children ever born among parous women was below 2.1",,2.3428571,2.4848485,B
,,.99000001,"in 50 of 707 districts, the average number of children ever born among parous women was below 2.1",,2.0471699,2.1274509,B
,,.99000001,"in 50 of 707 districts, the average number of children ever born among parous women was below 2.1",,1.96,2.0762713,B
,,.99000001,"in 50 of 707 districts, the average number of children ever born among parous women was below 2.1",,2.26,2.3541667,B
,,.99000001,"in 50 of 707 districts, the average number of children ever born among parous women was below 2.1",,2,2.1290324,B
,,.99000001,"in 50 of 707 districts, the average number of children ever born among parous women was below 2.1",,2.1463416,2.2184875,B
,,.99000001,"in 50 of 707 districts, the average number of children ever born among parous women was below 2.1",,2.2982457,2.3818183,B
,,.99000001,"in 50 of 707 districts, the average number of children ever born among parous women was below 2.1",,2.0560749,2.1782179,B
,,.99000001,"in 50 of 707 districts, the average number of children ever born among parous women was below 2.1",,1.8160919,1.9036144,B
,,.99000001,"in 50 of 707 districts, the average number of children ever born among parous women was below 2.1",,2.4958677,2.6725664,B
,,.99000001,"in 50 of 707 districts, the average number of children ever born among parous women was below 2.1",,2.2095239,2.2745099,B
,,.99000001,"in 50 of 707 districts, the average number of children ever born among parous women was below 2.1",,1.7945205,1.9264706,B
,,.99000001,"in 50 of 707 districts, the average number of children ever born among parous women was below 2.1",,2,2.0454545,B
,,.99000001,"in 50 of 707 districts, the average number of children ever born among parous women was below 2.1",,2.1711712,2.1909091,B
,,.99000001,"in 50 of 707 districts, the average number of children ever born among parous women was below 2.1",,1.9615384,2.060606,B
,,.99000001,"in 50 of 707 districts, the average number of children ever born among parous women was below 2.1",,1.8976378,1.9917356,B
,,.99000001,"in 50 of 707 districts, the average number of children ever born among parous women was below 2.1",,2.0086207,2.0619469,B
,,.99000001,"in 50 of 707 districts, the average number of children ever born among parous women was below 2.1",,1.920354,2.465909,B
,,.99000001,"in 50 of 707 districts, the average number of children ever born among parous women was below 2.1",,1.9894737,2.032258,B
,,.99000001,"in 50 of 707 districts, the average number of children ever born among parous women was below 2.1",,1.8173077,1.89,B
,,.99000001,"in 50 of 707 districts, the average number of children ever born among parous women was below 2.1",,2.3333333,2.5294118,B
,,.99000001,"in 50 of 707 districts, the average number of children ever born among parous women was below 2.1",,2.6716418,2.796875,B
,,.99000001,"in 50 of 707 districts, the average number of children ever born among parous women was below 2.1",,3.1754386,3.2321429,B
,,.99000001,"in 50 of 707 districts, the average number of children ever born among parous women was below 2.1",,3.1626017,3.1885245,B
,,.99000001,"in 50 of 707 districts, the average number of children ever born among parous women was below 2.1",,3.3333333,3.364486,B
,,.99000001,"in 50 of 707 districts, the average number of children ever born among parous women was below 2.1",,3.2540984,3.3644068,B
,,.99000001,"in 50 of 707 districts, the average number of children ever born among parous women was below 2.1",,2.8916667,3.0707965,B
,,.99000001,"in 50 of 707 districts, the average number of children ever born among parous women was below 2.1",,2.6724138,2.7927928,B
,,.99000001,"in 50 of 707 districts, the average number of children ever born among parous women was below 2.1",,2.6565657,2.7395833,B
,,.99000001,"in 50 of 707 districts, the average number of children ever born among parous women was below 2.1",,2.5688074,2.8282828,B
,,.99000001,"in 50 of 707 districts, the average number of children ever born among parous women was below 2.1",,2.3879311,2.6634614,B
,,.99000001,"in 50 of 707 districts, the average number of children ever born among parous women was below 2.1",,3.0784314,3.1717172,B
,,.99000001,"in 50 of 707 districts, the average number of children ever born among parous women was below 2.1",,2.7804878,2.8499999,B
,,.99000001,"in 50 of 707 districts, the average number of children ever born among parous women was below 2.1",,2.057143,2.2040815,B
,,.99000001,"in 50 of 707 districts, the average number of children ever born among parous women was below 2.1",,2.6605504,2.9000001,B
,,.99000001,"in 50 of 707 districts, the average number of children ever born among parous women was below 2.1",,2.5811965,2.6491227,B
,,.99000001,"in 50 of 707 districts, the average number of children ever born among parous women was below 2.1",,2.875,2.9541285,B
,,.99000001,"in 50 of 707 districts, the average number of children ever born among parous women was below 2.1",,2.078125,2.1983471,B
,,.99000001,"in 50 of 707 districts, the average number of children ever born among parous women was below 2.1",,2.7249999,2.8189654,B
,,.99000001,"in 50 of 707 districts, the average number of children ever born among parous women was below 2.1",,3.46789,3.5,B
,,.99000001,"in 50 of 707 districts, the average number of children ever born among parous women was below 2.1",,2.8956521,3.0833333,B
,,.99000001,"in 50 of 707 districts, the average number of children ever born among parous women was below 2.1",,2.3362069,2.4636364,B
,,.99000001,"in 50 of 707 districts, the average number of children ever born among parous women was below 2.1",,2.9767442,3.1219511,B
,,.99000001,"in 50 of 707 districts, the average number of children ever born among parous women was below 2.1",,3.1794872,3.2207792,B
,,.99000001,"in 50 of 707 districts, the average number of children ever born among parous women was below 2.1",,2.7254901,3.054945,B
,,.99000001,"in 50 of 707 districts, the average number of children ever born among parous women was below 2.1",,3.0693069,3.1313131,B
,,.99000001,"in 50 of 707 districts, the average number of children ever born among parous women was below 2.1",,2.9101124,3.120482,B
,,.99000001,"in 50 of 707 districts, the average number of children ever born among parous women was below 2.1",,2.5405405,2.8484848,B
,,.99000001,"in 50 of 707 districts, the average number of children ever born among parous women was below 2.1",,2.2428572,2.4153845,B
,,.99000001,"in 50 of 707 districts, the average number of children ever born among parous women was below 2.1",,2.5277777,2.6764705,B
,,.99000001,"in 50 of 707 districts, the average number of children ever born among parous women was below 2.1",,3.0707965,3.2735848,B
,,.99000001,"in 50 of 707 districts, the average number of children ever born among parous women was below 2.1",,3.6068375,3.6695652,B
,,.99000001,"in 50 of 707 districts, the average number of children ever born among parous women was below 2.1",,2.7985611,2.9029851,B
,,.99000001,"in 50 of 707 districts, the average number of children ever born among parous women was below 2.1",,2.9837399,3.1913044,B
,,.99000001,"in 50 of 707 districts, the average number of children ever born among parous women was below 2.1",,3.010989,3.1494253,B
,,.99000001,"in 50 of 707 districts, the average number of children ever born among parous women was below 2.1",,3.0761905,3.23,B
,,.99000001,"in 50 of 707 districts, the average number of children ever born among parous women was below 2.1",,2.48,2.6105263,B
,,.99000001,"in 50 of 707 districts, the average number of children ever born among parous women was below 2.1",,2.5441177,2.6615384,B
,,.99000001,"in 50 of 707 districts, the average number of children ever born among parous women was below 2.1",,2.5858586,2.6666667,B
,,.99000001,"in 50 of 707 districts, the average number of children ever born among parous women was below 2.1",,2.988764,3.0227273,B
,,.99000001,"in 50 of 707 districts, the average number of children ever born among parous women was below 2.1",,3.0088496,3.090909,B
,,.99000001,"in 50 of 707 districts, the average number of children ever born among parous women was below 2.1",,2.425926,2.4485981,B
,,.99000001,"in 50 of 707 districts, the average number of children ever born among parous women was below 2.1",,2.6439395,2.7480314,B
,,.99000001,"in 50 of 707 districts, the average number of children ever born among parous women was below 2.1",,2.4661016,2.5752213,B
,,.99000001,"in 50 of 707 districts, the average number of children ever born among parous women was below 2.1",,2.515873,2.6198347,B
,,.99000001,"in 50 of 707 districts, the average number of children ever born among parous women was below 2.1",,2.0645161,2.1333334,B
,,.99000001,"in 50 of 707 districts, the average number of children ever born among parous women was below 2.1",,2.5948277,2.6875,B
,,.99000001,"in 50 of 707 districts, the average number of children ever born among parous women was below 2.1",,2.3333333,2.4778762,B
,,.99000001,"in 50 of 707 districts, the average number of children ever born among parous women was below 2.1",,2.9051723,3.0089285,B
,,.99000001,"in 50 of 707 districts, the average number of children ever born among parous women was below 2.1",,2.7916667,2.8817205,B
,,.99000001,"in 50 of 707 districts, the average number of children ever born among parous women was below 2.1",,3.0444446,3.0444446,B
,,.99000001,"in 50 of 707 districts, the average number of children ever born among parous women was below 2.1",,2.8907564,3.0175438,B
,,.99000001,"in 50 of 707 districts, the average number of children ever born among parous women was below 2.1",,2.7750001,2.9210527,B
,,.99000001,"in 50 of 707 districts, the average number of children ever born among parous women was below 2.1",,2.559633,2.7623763,B
,,.99000001,"in 50 of 707 districts, the average number of children ever born among parous women was below 2.1",,2.3148148,2.3809524,B
,,.99000001,"in 50 of 707 districts, the average number of children ever born among parous women was below 2.1",,2.2580645,2.4137931,B
,,.99000001,"in 50 of 707 districts, the average number of children ever born among parous women was below 2.1",,2.5090909,2.6796117,B
,,.99000001,"in 50 of 707 districts, the average number of children ever born among parous women was below 2.1",,2.8727272,2.981132,B
,,.99000001,"in 50 of 707 districts, the average number of children ever born among parous women was below 2.1",,2.1694915,2.3925233,B
,,.99000001,"in 50 of 707 districts, the average number of children ever born among parous women was below 2.1",,2.8053098,2.9626169,B
,,.99000001,"in 50 of 707 districts, the average number of children ever born among parous women was below 2.1",,2.2803738,2.368932,B
,,.99000001,"in 50 of 707 districts, the average number of children ever born among parous women was below 2.1",,2.7478261,2.925926,B
,,.99000001,"in 50 of 707 districts, the average number of children ever born among parous women was below 2.1",,2.6761904,2.867347,B
,,.99000001,"in 50 of 707 districts, the average number of children ever born among parous women was below 2.1",,2.1826923,2.2475247,B
,,.99000001,"in 50 of 707 districts, the average number of children ever born among parous women was below 2.1",,2.8620689,2.8620689,B
,,.99000001,"in 50 of 707 districts, the average number of children ever born among parous women was below 2.1",,2.5339806,2.5841584,B
,,.99000001,"in 50 of 707 districts, the average number of children ever born among parous women was below 2.1",,2.9342105,2.9342105,B
,,.99000001,"in 50 of 707 districts, the average number of children ever born among parous women was below 2.1",,3.1682243,3.2285714,B
,,.99000001,"in 50 of 707 districts, the average number of children ever born among parous women was below 2.1",,2.1037736,2.2525253,B
,,.99000001,"in 50 of 707 districts, the average number of children ever born among parous women was below 2.1",,2.1460674,2.3580246,B
,,.99000001,"in 50 of 707 districts, the average number of children ever born among parous women was below 2.1",,2.9407895,3.0202703,B
,,.99000001,"in 50 of 707 districts, the average number of children ever born among parous women was below 2.1",,5.2671757,5.609756,B
,,.99000001,"in 50 of 707 districts, the average number of children ever born among parous women was below 2.1",,2.5646257,2.6363637,B
,,.99000001,"in 50 of 707 districts, the average number of children ever born among parous women was below 2.1",,2.5309734,2.7238095,B
,,.99000001,"in 50 of 707 districts, the average number of children ever born among parous women was below 2.1",,5.0241938,5.2796612,B
,,.99000001,"in 50 of 707 districts, the average number of children ever born among parous women was below 2.1",,2.5289855,2.5661764,B
,,.99000001,"in 50 of 707 districts, the average number of children ever born among parous women was below 2.1",,4.6722689,4.9642859,B
,,.99000001,"in 50 of 707 districts, the average number of children ever born among parous women was below 2.1",,5.632,5.7704916,B
,,.99000001,"in 50 of 707 districts, the average number of children ever born among parous women was below 2.1",,2.6666667,2.7118645,B
,,.99000001,"in 50 of 707 districts, the average number of children ever born among parous women was below 2.1",,2.4786325,2.5217392,B
,,.99000001,"in 50 of 707 districts, the average number of children ever born among parous women was below 2.1",,2.2807016,2.3423424,B
,,.99000001,"in 50 of 707 districts, the average number of children ever born among parous women was below 2.1",,2.2521739,2.2719297,B
,,.99000001,"in 50 of 707 districts, the average number of children ever born among parous women was below 2.1",,2.6597939,2.7157896,B
,,.99000001,"in 50 of 707 districts, the average number of children ever born among parous women was below 2.1",,2.0096154,2.1546392,B
,,.99000001,"in 50 of 707 districts, the average number of children ever born among parous women was below 2.1",,2.3399999,2.3399999,B
,,.99000001,"in 50 of 707 districts, the average number of children ever born among parous women was below 2.1",,2.2450981,2.3608248,B
,,.99000001,"in 50 of 707 districts, the average number of children ever born among parous women was below 2.1",,2.2688172,2.3707864,B
,,.99000001,"in 50 of 707 districts, the average number of children ever born among parous women was below 2.1",,2.0777779,2.1494253,B
,,.99000001,"in 50 of 707 districts, the average number of children ever born among parous women was below 2.1",,2.5,2.6146789,B
,,.99000001,"in 50 of 707 districts, the average number of children ever born among parous women was below 2.1",,2.1836734,2.3010752,B
,,.99000001,"in 50 of 707 districts, the average number of children ever born among parous women was below 2.1",,1.956044,2.0459771,B
,,.99000001,"in 50 of 707 districts, the average number of children ever born among parous women was below 2.1",,2.0901639,2.125,B
,,.99000001,"in 50 of 707 districts, the average number of children ever born among parous women was below 2.1",,2.2173913,2.4000001,B
,,.99000001,"in 50 of 707 districts, the average number of children ever born among parous women was below 2.1",,2.1588786,2.3099999,B
,,.99000001,"in 50 of 707 districts, the average number of children ever born among parous women was below 2.1",,2.4468086,2.6136363,B
,,.99000001,"in 50 of 707 districts, the average number of children ever born among parous women was below 2.1",,2.0217392,2.2142856,B
,,.99000001,"in 50 of 707 districts, the average number of children ever born among parous women was below 2.1",,2.5,2.5543478,B
,,.99000001,"in 50 of 707 districts, the average number of children ever born among parous women was below 2.1",,2.2111111,2.2873564,B
,,.99000001,"in 50 of 707 districts, the average number of children ever born among parous women was below 2.1",,2.443038,2.5394738,B
,,.99000001,"in 50 of 707 districts, the average number of children ever born among parous women was below 2.1",,2.1827958,2.2307692,B
,,.99000001,"in 50 of 707 districts, the average number of children ever born among parous women was below 2.1",,2.1651375,2.3137255,B
,,.99000001,"in 50 of 707 districts, the average number of children ever born among parous women was below 2.1",,2.2352941,2.4782608,B
,,.99000001,"in 50 of 707 districts, the average number of children ever born among parous women was below 2.1",,1.9803921,2.1720431,B
,,.99000001,"in 50 of 707 districts, the average number of children ever born among parous women was below 2.1",,2.3168316,2.3877552,B
,,.99000001,"in 50 of 707 districts, the average number of children ever born among parous women was below 2.1",,2.4745762,2.5614035,B
,,.99000001,"in 50 of 707 districts, the average number of children ever born among parous women was below 2.1",,2.6600001,2.7422681,B
,,.99000001,"in 50 of 707 districts, the average number of children ever born among parous women was below 2.1",,2.2027028,2.2328768,B
,,.99000001,"in 50 of 707 districts, the average number of children ever born among parous women was below 2.1",,2.1313131,2.1752577,B
,,.99000001,"in 50 of 707 districts, the average number of children ever born among parous women was below 2.1",,2.5979381,2.680851,B
,,.99000001,"in 50 of 707 districts, the average number of children ever born among parous women was below 2.1",,2.5151515,2.6210527,B
,,.99000001,"in 50 of 707 districts, the average number of children ever born among parous women was below 2.1",,2.072165,2.1612904,B
,,.99000001,"in 50 of 707 districts, the average number of children ever born among parous women was below 2.1",,2.1588786,2.2427185,B
,,.99000001,"in 50 of 707 districts, the average number of children ever born among parous women was below 2.1",,2.5051546,2.5851064,B
,,.99000001,"in 50 of 707 districts, the average number of children ever born among parous women was below 2.1",,2.0285714,2.1734693,B
,,.99000001,"in 50 of 707 districts, the average number of children ever born among parous women was below 2.1",,1.8252428,1.8989899,B
,,.99000001,"in 50 of 707 districts, the average number of children ever born among parous women was below 2.1",,2.4631579,2.5999999,B
,,.99000001,"in 50 of 707 districts, the average number of children ever born among parous women was below 2.1",,2.2446809,2.2446809,B
,,.99000001,"in 50 of 707 districts, the average number of children ever born among parous women was below 2.1",,2.0714285,2.09009,B
,,.99000001,"in 50 of 707 districts, the average number of children ever born among parous women was below 2.1",,2.5242717,2.6262627,B
,,.99000001,"in 50 of 707 districts, the average number of children ever born among parous women was below 2.1",,1.8557693,1.8921568,B
,,.99000001,"in 50 of 707 districts, the average number of children ever born among parous women was below 2.1",,3.9035087,4.0454545,B
,,.99000001,"in 50 of 707 districts, the average number of children ever born among parous women was below 2.1",,4.2906976,4.3411765,B
,,.99000001,"in 50 of 707 districts, the average number of children ever born among parous women was below 2.1",,3.0897436,3.1298702,B
,,.99000001,"in 50 of 707 districts, the average number of children ever born among parous women was below 2.1",,3.1721311,3.2249999,B
,,.99000001,"in 50 of 707 districts, the average number of children ever born among parous women was below 2.1",,3.5327868,3.6525424,B
,,.99000001,"in 50 of 707 districts, the average number of children ever born among parous women was below 2.1",,3.328125,3.4634147,B
,,.99000001,"in 50 of 707 districts, the average number of children ever born among parous women was below 2.1",,3.6396396,3.7407408,B
,,.99000001,"in 50 of 707 districts, the average number of children ever born among parous women was below 2.1",,4.119266,4.4019608,B
,,.99000001,"in 50 of 707 districts, the average number of children ever born among parous women was below 2.1",,3.4622641,3.6336634,B
,,.99000001,"in 50 of 707 districts, the average number of children ever born among parous women was below 2.1",,3.5892856,3.6880734,B
,,.99000001,"in 50 of 707 districts, the average number of children ever born among parous women was below 2.1",,2.1636364,2.2037036,B
,,.99000001,"in 50 of 707 districts, the average number of children ever born among parous women was below 2.1",,2.0999999,2.1388888,B
